Genome ID,NCBI Taxon ID,Species,BioSample Accession,Contigs,Size,MIC
1773.31494,1773,Mycobacterium tuberculosis,SAMEA1101448,170,4272485,0.25
1773.31496,1773,Mycobacterium tuberculosis,SAMEA1101450,126,4324029,0.12
1773.31498,1773,Mycobacterium tuberculosis,SAMEA1101451,124,4297253,0.12
1773.31499,1773,Mycobacterium tuberculosis,SAMEA1101453,147,4263971,0.25
1773.31501,1773,Mycobacterium tuberculosis,SAMEA1101456,199,4254435,0.25
1773.31503,1773,Mycobacterium tuberculosis,SAMEA1101499,153,4315165,0.50
1773.31495,1773,Mycobacterium tuberculosis,SAMEA1101500,164,4288104,0.25
1773.31505,1773,Mycobacterium tuberculosis,SAMEA1101501,163,4303584,0.50
1773.31504,1773,Mycobacterium tuberculosis,SAMEA1101502,140,4298202,0.25
1773.31507,1773,Mycobacterium tuberculosis,SAMEA1101504,143,4321321,0.50
1773.31508,1773,Mycobacterium tuberculosis,SAMEA1101505,121,4329865,0.25
1773.31506,1773,Mycobacterium tuberculosis,SAMEA1101508,157,4316880,0.50
1773.31509,1773,Mycobacterium tuberculosis,SAMEA1101511,106,4332129,0.50
1773.31511,1773,Mycobacterium tuberculosis,SAMEA1101513,161,4314143,0.25
1773.31515,1773,Mycobacterium tuberculosis,SAMEA1101515,175,4261550,0.25
1773.31514,1773,Mycobacterium tuberculosis,SAMEA1101516,129,4156602,0.25
1773.43323,1773,Mycobacterium tuberculosis,SAMEA1101517,140,4303478,0.25
1773.31516,1773,Mycobacterium tuberculosis,SAMEA1101519,156,4313174,0.50
1773.31518,1773,Mycobacterium tuberculosis,SAMEA1101520,124,4315368,0.25
1773.31519,1773,Mycobacterium tuberculosis,SAMEA1101526,184,4312450,0.25
1773.31521,1773,Mycobacterium tuberculosis,SAMEA1101528,123,4316984,0.06
1773.31520,1773,Mycobacterium tuberculosis,SAMEA1101530,116,4333615,0.25
1773.31525,1773,Mycobacterium tuberculosis,SAMEA1101531,175,4273022,0.25
1773.31524,1773,Mycobacterium tuberculosis,SAMEA1101538,129,4294392,0.25
1773.31526,1773,Mycobacterium tuberculosis,SAMEA1101542,173,4292846,0.12
1773.31522,1773,Mycobacterium tuberculosis,SAMEA1101548,135,4311548,0.06
1773.31531,1773,Mycobacterium tuberculosis,SAMEA1101549,151,4294389,0.25
1773.31528,1773,Mycobacterium tuberculosis,SAMEA1101550,116,4317013,0.25
1773.31530,1773,Mycobacterium tuberculosis,SAMEA1101552,151,4305117,0.25
1773.31535,1773,Mycobacterium tuberculosis,SAMEA1101579,163,4297743,0.25
1773.31539,1773,Mycobacterium tuberculosis,SAMEA1101589,129,4326812,0.50
1773.31538,1773,Mycobacterium tuberculosis,SAMEA1101590,139,4293069,0.25
1773.31536,1773,Mycobacterium tuberculosis,SAMEA1101591,155,4284371,0.50
1773.31537,1773,Mycobacterium tuberculosis,SAMEA1101592,125,4323878,0.25
1773.31541,1773,Mycobacterium tuberculosis,SAMEA1101593,162,4303784,0.50
1773.31546,1773,Mycobacterium tuberculosis,SAMEA1101597,137,4307915,0.50
1773.31545,1773,Mycobacterium tuberculosis,SAMEA1101598,141,4272926,0.50
1773.31544,1773,Mycobacterium tuberculosis,SAMEA1101600,128,4326021,0.50
1773.31548,1773,Mycobacterium tuberculosis,SAMEA1101601,124,4315222,0.50
1773.31547,1773,Mycobacterium tuberculosis,SAMEA1101603,131,4311736,0.25
1773.31550,1773,Mycobacterium tuberculosis,SAMEA1101604,150,4309849,0.25
1773.31551,1773,Mycobacterium tuberculosis,SAMEA1101606,131,4297157,0.25
1773.31555,1773,Mycobacterium tuberculosis,SAMEA1101616,139,4325519,0.50
1773.31556,1773,Mycobacterium tuberculosis,SAMEA1101617,142,4308853,0.50
1773.31557,1773,Mycobacterium tuberculosis,SAMEA1101619,135,4289886,0.25
1773.31559,1773,Mycobacterium tuberculosis,SAMEA1101623,122,4291261,0.12
1773.31560,1773,Mycobacterium tuberculosis,SAMEA1101625,125,4313829,0.25
1773.31563,1773,Mycobacterium tuberculosis,SAMEA1101627,116,4322689,0.12
1773.31566,1773,Mycobacterium tuberculosis,SAMEA1101630,122,4325388,0.25
1773.31561,1773,Mycobacterium tuberculosis,SAMEA1101632,145,4274854,0.25
1773.31562,1773,Mycobacterium tuberculosis,SAMEA1101634,121,4337544,0.25
1773.43316,1773,Mycobacterium tuberculosis,SAMEA1101659,186,4301314,0.12
1773.31617,1773,Mycobacterium tuberculosis,SAMEA1101665,133,4315632,0.25
1773.31571,1773,Mycobacterium tuberculosis,SAMEA1101672,146,4320272,0.50
1773.31574,1773,Mycobacterium tuberculosis,SAMEA1101673,150,4301100,0.25
1773.31572,1773,Mycobacterium tuberculosis,SAMEA1101674,145,4324953,0.25
1773.31575,1773,Mycobacterium tuberculosis,SAMEA1101675,161,4296408,0.25
1773.31573,1773,Mycobacterium tuberculosis,SAMEA1101678,136,4335299,0.50
1773.43319,1773,Mycobacterium tuberculosis,SAMEA1101681,146,4238735,0.25
1773.31578,1773,Mycobacterium tuberculosis,SAMEA1101685,149,4288792,0.50
1773.31579,1773,Mycobacterium tuberculosis,SAMEA1101686,125,4332044,0.50
1773.31581,1773,Mycobacterium tuberculosis,SAMEA1101689,151,4294597,0.50
1773.31582,1773,Mycobacterium tuberculosis,SAMEA1101691,132,4315578,0.50
1773.31588,1773,Mycobacterium tuberculosis,SAMEA1101692,162,4266951,0.50
1773.31587,1773,Mycobacterium tuberculosis,SAMEA1101693,198,4252058,0.25
1773.31585,1773,Mycobacterium tuberculosis,SAMEA1101695,153,4292916,0.12
1773.31584,1773,Mycobacterium tuberculosis,SAMEA1101696,164,4289074,0.50
1773.31589,1773,Mycobacterium tuberculosis,SAMEA1101697,118,4263967,0.25
1773.31592,1773,Mycobacterium tuberculosis,SAMEA1101701,136,4297261,0.25
1773.31593,1773,Mycobacterium tuberculosis,SAMEA1101702,200,4251044,0.50
1773.31594,1773,Mycobacterium tuberculosis,SAMEA1101705,188,4293330,0.25
1773.43321,1773,Mycobacterium tuberculosis,SAMEA1101707,157,4285339,0.25
1773.43318,1773,Mycobacterium tuberculosis,SAMEA1101708,163,4279348,0.25
1773.31597,1773,Mycobacterium tuberculosis,SAMEA1101712,128,4318746,1.00
1773.31599,1773,Mycobacterium tuberculosis,SAMEA1101713,161,4308100,0.25
1773.31604,1773,Mycobacterium tuberculosis,SAMEA1101718,188,4210779,0.12
1773.31603,1773,Mycobacterium tuberculosis,SAMEA1101723,163,4314283,0.50
1773.31606,1773,Mycobacterium tuberculosis,SAMEA1101726,149,4314956,0.12
1773.31607,1773,Mycobacterium tuberculosis,SAMEA1101729,162,4292740,0.25
1773.31609,1773,Mycobacterium tuberculosis,SAMEA1101732,143,4316059,0.50
1773.31611,1773,Mycobacterium tuberculosis,SAMEA1101733,145,4327822,0.50
1773.31613,1773,Mycobacterium tuberculosis,SAMEA1101736,148,4311264,0.12
1773.31616,1773,Mycobacterium tuberculosis,SAMEA1101742,151,4316265,0.50
1773.31614,1773,Mycobacterium tuberculosis,SAMEA1101743,157,4330995,0.12
1773.31618,1773,Mycobacterium tuberculosis,SAMEA1101746,144,4340131,2.00
1773.31621,1773,Mycobacterium tuberculosis,SAMEA1101749,147,4313381,0.12
1773.31623,1773,Mycobacterium tuberculosis,SAMEA1101752,127,4340269,0.25
1773.31624,1773,Mycobacterium tuberculosis,SAMEA1101754,145,4324791,0.25
1773.31673,1773,Mycobacterium tuberculosis,SAMEA1101755,187,4265689,0.12
1773.31625,1773,Mycobacterium tuberculosis,SAMEA1101756,181,4302609,0.25
1773.31622,1773,Mycobacterium tuberculosis,SAMEA1101760,169,4299564,0.06
1773.31633,1773,Mycobacterium tuberculosis,SAMEA1101768,189,4285564,0.12
1773.31632,1773,Mycobacterium tuberculosis,SAMEA1101771,167,4284259,0.12
1773.31631,1773,Mycobacterium tuberculosis,SAMEA1101772,139,4319711,0.50
1773.31636,1773,Mycobacterium tuberculosis,SAMEA1101773,164,4294279,0.25
1773.31639,1773,Mycobacterium tuberculosis,SAMEA1101776,170,4294025,0.06
1773.31637,1773,Mycobacterium tuberculosis,SAMEA1101777,119,4307347,0.25
1773.31642,1773,Mycobacterium tuberculosis,SAMEA1101780,148,4322688,0.50
1773.31643,1773,Mycobacterium tuberculosis,SAMEA1101784,185,4248157,0.25
1773.31644,1773,Mycobacterium tuberculosis,SAMEA1101785,130,4343484,0.50
1773.31648,1773,Mycobacterium tuberculosis,SAMEA1101787,141,4309284,0.50
1773.31646,1773,Mycobacterium tuberculosis,SAMEA1101788,144,4305214,0.50
1773.31649,1773,Mycobacterium tuberculosis,SAMEA1101790,134,4306048,0.25
1773.31654,1773,Mycobacterium tuberculosis,SAMEA1101791,151,4276470,0.25
1773.31651,1773,Mycobacterium tuberculosis,SAMEA1101792,123,4332861,0.25
1773.31650,1773,Mycobacterium tuberculosis,SAMEA1101793,164,4285221,0.12
1773.31656,1773,Mycobacterium tuberculosis,SAMEA1101795,166,4282013,0.50
1773.31652,1773,Mycobacterium tuberculosis,SAMEA1101797,159,4319200,0.25
1773.31653,1773,Mycobacterium tuberculosis,SAMEA1101798,167,4284011,0.50
1773.31655,1773,Mycobacterium tuberculosis,SAMEA1101800,130,4332257,0.50
1773.31658,1773,Mycobacterium tuberculosis,SAMEA1101807,175,4303098,0.50
1773.31659,1773,Mycobacterium tuberculosis,SAMEA1101808,169,4313791,0.50
1773.31657,1773,Mycobacterium tuberculosis,SAMEA1101809,168,4272863,0.12
1773.31661,1773,Mycobacterium tuberculosis,SAMEA1101813,149,4303983,0.50
1773.31660,1773,Mycobacterium tuberculosis,SAMEA1101814,134,4317526,0.50
1773.31663,1773,Mycobacterium tuberculosis,SAMEA1101816,123,4321519,0.50
1773.31664,1773,Mycobacterium tuberculosis,SAMEA1101817,143,4303705,0.25
1773.31662,1773,Mycobacterium tuberculosis,SAMEA1101818,118,4331093,0.06
1773.31665,1773,Mycobacterium tuberculosis,SAMEA1101834,136,4323049,0.12
1773.31666,1773,Mycobacterium tuberculosis,SAMEA1101835,126,4312250,0.50
1773.31669,1773,Mycobacterium tuberculosis,SAMEA1101837,169,4264229,0.50
1773.31671,1773,Mycobacterium tuberculosis,SAMEA1101839,146,4295349,0.25
1773.31689,1773,Mycobacterium tuberculosis,SAMEA1101877,158,4297777,0.50
1773.31667,1773,Mycobacterium tuberculosis,SAMEA1101878,159,4328604,0.25
1773.31674,1773,Mycobacterium tuberculosis,SAMEA1101880,129,4289468,0.06
1773.31675,1773,Mycobacterium tuberculosis,SAMEA1101882,149,4311455,0.50
1773.31678,1773,Mycobacterium tuberculosis,SAMEA1101885,136,4329817,0.50
1773.31679,1773,Mycobacterium tuberculosis,SAMEA1101886,160,4282997,0.50
1773.31688,1773,Mycobacterium tuberculosis,SAMEA1101895,159,4299881,0.50
1773.31684,1773,Mycobacterium tuberculosis,SAMEA1101907,146,4296253,0.12
1773.31739,1773,Mycobacterium tuberculosis,SAMEA1102054,166,4293970,0.50
1773.31686,1773,Mycobacterium tuberculosis,SAMEA1102186,202,4259642,0.25
1773.31682,1773,Mycobacterium tuberculosis,SAMEA1102215,184,4238198,0.50
1773.31691,1773,Mycobacterium tuberculosis,SAMEA1102216,197,4261558,0.12
1773.31690,1773,Mycobacterium tuberculosis,SAMEA1102222,130,4281617,0.50
1773.31693,1773,Mycobacterium tuberculosis,SAMEA1102225,118,4347720,0.50
1773.31695,1773,Mycobacterium tuberculosis,SAMEA1102232,159,4268272,0.50
1773.31694,1773,Mycobacterium tuberculosis,SAMEA1102235,151,4314875,0.25
1773.31780,1773,Mycobacterium tuberculosis,SAMEA1102239,143,4276295,0.12
1773.31698,1773,Mycobacterium tuberculosis,SAMEA1102248,137,4314230,0.25
1773.31699,1773,Mycobacterium tuberculosis,SAMEA1102249,115,4306364,0.12
1773.31701,1773,Mycobacterium tuberculosis,SAMEA1102253,131,4319886,0.25
1773.31700,1773,Mycobacterium tuberculosis,SAMEA1102254,165,4274284,0.50
1773.31703,1773,Mycobacterium tuberculosis,SAMEA1102255,145,4295708,0.50
1773.31704,1773,Mycobacterium tuberculosis,SAMEA1102262,163,4272924,0.06
1773.31706,1773,Mycobacterium tuberculosis,SAMEA1102264,157,4323522,0.25
1773.31708,1773,Mycobacterium tuberculosis,SAMEA1102266,150,4315513,0.25
1773.31709,1773,Mycobacterium tuberculosis,SAMEA1102267,142,4306793,0.50
1773.31710,1773,Mycobacterium tuberculosis,SAMEA1102282,167,4290356,0.25
1773.31713,1773,Mycobacterium tuberculosis,SAMEA1102285,122,4311006,0.50
1773.31712,1773,Mycobacterium tuberculosis,SAMEA1102288,156,4307749,0.50
1773.31714,1773,Mycobacterium tuberculosis,SAMEA1102289,164,4274289,0.25
1773.31711,1773,Mycobacterium tuberculosis,SAMEA1102290,180,4262725,0.50
1773.31717,1773,Mycobacterium tuberculosis,SAMEA1102293,154,4285369,0.06
1773.31719,1773,Mycobacterium tuberculosis,SAMEA1102302,128,4316988,0.25
1773.31720,1773,Mycobacterium tuberculosis,SAMEA1102304,119,4325460,0.50
1773.31722,1773,Mycobacterium tuberculosis,SAMEA1102306,151,4233820,0.50
1773.31725,1773,Mycobacterium tuberculosis,SAMEA1102309,129,4266264,0.25
1773.31727,1773,Mycobacterium tuberculosis,SAMEA1102312,165,4311047,0.25
1773.31726,1773,Mycobacterium tuberculosis,SAMEA1102313,133,4318125,0.25
1773.31729,1773,Mycobacterium tuberculosis,SAMEA1102315,134,4280834,0.12
1773.31728,1773,Mycobacterium tuberculosis,SAMEA1102316,128,4282783,0.50
1773.31732,1773,Mycobacterium tuberculosis,SAMEA1102319,132,4324412,0.25
1773.31733,1773,Mycobacterium tuberculosis,SAMEA1102320,138,4284846,0.25
1773.31736,1773,Mycobacterium tuberculosis,SAMEA1102325,129,4321639,0.50
1773.31735,1773,Mycobacterium tuberculosis,SAMEA1102326,108,4327115,0.25
1773.31737,1773,Mycobacterium tuberculosis,SAMEA1102329,123,4305431,0.12
1773.31742,1773,Mycobacterium tuberculosis,SAMEA1102335,149,4282659,0.12
1773.31746,1773,Mycobacterium tuberculosis,SAMEA1102338,144,4324176,0.25
1773.31748,1773,Mycobacterium tuberculosis,SAMEA1102343,135,4298318,0.25
1773.31750,1773,Mycobacterium tuberculosis,SAMEA1102345,127,4274147,0.25
1773.31749,1773,Mycobacterium tuberculosis,SAMEA1102346,137,4305062,0.25
1773.31753,1773,Mycobacterium tuberculosis,SAMEA1102347,153,4300627,0.50
1773.31752,1773,Mycobacterium tuberculosis,SAMEA1102348,144,4315842,0.12
1773.31751,1773,Mycobacterium tuberculosis,SAMEA1102349,154,4300223,0.25
1773.31754,1773,Mycobacterium tuberculosis,SAMEA1102351,157,4320187,0.25
1773.31755,1773,Mycobacterium tuberculosis,SAMEA1102353,168,4265058,0.25
1773.31757,1773,Mycobacterium tuberculosis,SAMEA1102354,135,4321501,0.12
1773.31758,1773,Mycobacterium tuberculosis,SAMEA1102574,138,4303524,0.25
1773.31756,1773,Mycobacterium tuberculosis,SAMEA1102577,142,4310592,0.12
1773.31765,1773,Mycobacterium tuberculosis,SAMEA1102647,137,4305487,0.25
1773.31760,1773,Mycobacterium tuberculosis,SAMEA1103134,147,4315764,0.25
1773.31759,1773,Mycobacterium tuberculosis,SAMEA1103144,133,4298979,0.25
1773.31763,1773,Mycobacterium tuberculosis,SAMEA1103145,144,4286623,0.50
1773.31764,1773,Mycobacterium tuberculosis,SAMEA1103147,128,4345731,4.00
1773.32292,1773,Mycobacterium tuberculosis,SAMEA7524714,85,4348658,0.25
1773.32299,1773,Mycobacterium tuberculosis,SAMEA7524715,78,4348107,0.25
1773.32300,1773,Mycobacterium tuberculosis,SAMEA7524716,188,4269465,0.5
1773.32296,1773,Mycobacterium tuberculosis,SAMEA7524717,132,4311787,0.125
1773.32301,1773,Mycobacterium tuberculosis,SAMEA7524718,115,4365465,0.25
1773.32298,1773,Mycobacterium tuberculosis,SAMEA7524719,94,4344041,0.5
1773.32302,1773,Mycobacterium tuberculosis,SAMEA7524722,107,4342141,0.5
1773.32297,1773,Mycobacterium tuberculosis,SAMEA7524723,141,4355247,0.5
1773.32304,1773,Mycobacterium tuberculosis,SAMEA7524724,85,4384902,0.5
1773.32303,1773,Mycobacterium tuberculosis,SAMEA7524725,102,4345283,0.50
1773.32305,1773,Mycobacterium tuberculosis,SAMEA7524726,109,4358517,0.25
1773.32308,1773,Mycobacterium tuberculosis,SAMEA7524727,404,4306263,0.25
1773.32309,1773,Mycobacterium tuberculosis,SAMEA7524728,111,4347653,0.5
1773.32306,1773,Mycobacterium tuberculosis,SAMEA7524729,103,4364536,1.00
1773.32307,1773,Mycobacterium tuberculosis,SAMEA7524730,104,4343123,0.5
1773.32310,1773,Mycobacterium tuberculosis,SAMEA7524733,102,4382087,0.5
1773.32311,1773,Mycobacterium tuberculosis,SAMEA7524734,93,4364818,0.50
1773.32312,1773,Mycobacterium tuberculosis,SAMEA7524736,101,4378995,0.25
1773.32313,1773,Mycobacterium tuberculosis,SAMEA7524737,108,4345079,0.50
1773.32314,1773,Mycobacterium tuberculosis,SAMEA7524739,83,4354050,0.50
1773.32315,1773,Mycobacterium tuberculosis,SAMEA7524740,100,4344317,0.25
1773.32316,1773,Mycobacterium tuberculosis,SAMEA7524741,99,4330367,0.5
1773.32317,1773,Mycobacterium tuberculosis,SAMEA7524742,95,4371626,0.25
1773.32319,1773,Mycobacterium tuberculosis,SAMEA7524745,100,4364104,0.5
1773.32321,1773,Mycobacterium tuberculosis,SAMEA7524747,95,4345440,0.50
1773.32320,1773,Mycobacterium tuberculosis,SAMEA7524749,92,4350213,0.5
1773.32318,1773,Mycobacterium tuberculosis,SAMEA7524750,111,4367625,0.50
1773.32323,1773,Mycobacterium tuberculosis,SAMEA7524751,132,4354987,0.25
1773.32324,1773,Mycobacterium tuberculosis,SAMEA7524752,89,4360403,0.5
1773.32322,1773,Mycobacterium tuberculosis,SAMEA7524753,103,4362930,0.5
1773.32327,1773,Mycobacterium tuberculosis,SAMEA7524754,87,4364574,0.5
1773.32325,1773,Mycobacterium tuberculosis,SAMEA7524755,93,4371145,0.25
1773.32328,1773,Mycobacterium tuberculosis,SAMEA7524757,99,4383536,0.25
1773.32326,1773,Mycobacterium tuberculosis,SAMEA7524758,94,4383605,1.00
1773.32329,1773,Mycobacterium tuberculosis,SAMEA7524759,99,4361885,0.125
1773.32330,1773,Mycobacterium tuberculosis,SAMEA7524761,77,4366605,0.5
1773.32331,1773,Mycobacterium tuberculosis,SAMEA7524762,107,4349534,0.5
1773.32334,1773,Mycobacterium tuberculosis,SAMEA7524763,96,4359040,0.125
1773.32332,1773,Mycobacterium tuberculosis,SAMEA7524764,98,4370899,0.50
1773.32333,1773,Mycobacterium tuberculosis,SAMEA7524765,86,4382286,0.50
1773.32335,1773,Mycobacterium tuberculosis,SAMEA7524766,92,4371602,0.5
1773.32336,1773,Mycobacterium tuberculosis,SAMEA7524768,79,4331877,0.50
1773.32337,1773,Mycobacterium tuberculosis,SAMEA7524769,100,4343990,0.5
1773.32338,1773,Mycobacterium tuberculosis,SAMEA7524770,101,4372247,0.5
1773.32339,1773,Mycobacterium tuberculosis,SAMEA7524772,112,4374584,0.125
1773.32340,1773,Mycobacterium tuberculosis,SAMEA7524773,84,4381633,1
1773.32341,1773,Mycobacterium tuberculosis,SAMEA7524774,89,4351593,0.25
1773.32352,1773,Mycobacterium tuberculosis,SAMEA7524775,103,4372031,0.25
1773.32343,1773,Mycobacterium tuberculosis,SAMEA7524779,115,4370663,0.25
1773.32351,1773,Mycobacterium tuberculosis,SAMEA7524780,116,4348165,0.50
1773.32350,1773,Mycobacterium tuberculosis,SAMEA7524781,105,4367977,0.50
1773.32353,1773,Mycobacterium tuberculosis,SAMEA7524782,122,4344586,0.5
1773.32354,1773,Mycobacterium tuberculosis,SAMEA7524783,100,4378098,0.25
1773.32406,1773,Mycobacterium tuberculosis,SAMEA7524784,111,4345298,0.25
1773.32356,1773,Mycobacterium tuberculosis,SAMEA7524785,157,4341958,0.25
1773.32355,1773,Mycobacterium tuberculosis,SAMEA7524786,198,4357631,0.50
1773.32405,1773,Mycobacterium tuberculosis,SAMEA7524787,141,4343678,0.5
1773.32347,1773,Mycobacterium tuberculosis,SAMEA7524788,138,4363583,0.25
1773.32342,1773,Mycobacterium tuberculosis,SAMEA7524789,119,4365018,0.25
1773.32349,1773,Mycobacterium tuberculosis,SAMEA7524790,147,4357235,0.25
1773.32348,1773,Mycobacterium tuberculosis,SAMEA7524791,128,4346186,0.5
1773.32344,1773,Mycobacterium tuberculosis,SAMEA7524792,113,4361712,0.50
1773.32346,1773,Mycobacterium tuberculosis,SAMEA7524793,125,4345936,0.50
1773.32345,1773,Mycobacterium tuberculosis,SAMEA7524794,131,4358732,0.03
1773.32359,1773,Mycobacterium tuberculosis,SAMEA7524796,107,4339655,1
1773.32360,1773,Mycobacterium tuberculosis,SAMEA7524797,268,4321853,0.50
1773.32358,1773,Mycobacterium tuberculosis,SAMEA7524799,90,4348264,4.00
1773.32357,1773,Mycobacterium tuberculosis,SAMEA7524800,110,4374981,0.50
1773.32361,1773,Mycobacterium tuberculosis,SAMEA7524801,92,4357667,0.50
1773.32362,1773,Mycobacterium tuberculosis,SAMEA7524806,111,4303135,0.50
1773.32365,1773,Mycobacterium tuberculosis,SAMEA7524808,75,4340500,0.50
1773.32364,1773,Mycobacterium tuberculosis,SAMEA7524809,92,4348355,0.5
1773.32366,1773,Mycobacterium tuberculosis,SAMEA7524810,98,4377194,1.00
1773.32363,1773,Mycobacterium tuberculosis,SAMEA7524811,101,4335327,0.50
1773.32367,1773,Mycobacterium tuberculosis,SAMEA7524813,98,4385962,0.50
1773.32368,1773,Mycobacterium tuberculosis,SAMEA7524816,248,4310679,2
1773.32369,1773,Mycobacterium tuberculosis,SAMEA7524817,103,4345257,0.5
1773.32370,1773,Mycobacterium tuberculosis,SAMEA7524818,102,4384244,0.5
1773.32371,1773,Mycobacterium tuberculosis,SAMEA7524819,96,4364975,0.50
1773.32372,1773,Mycobacterium tuberculosis,SAMEA7524821,98,4368636,0.50
1773.32373,1773,Mycobacterium tuberculosis,SAMEA7524822,117,4374470,1
1773.32374,1773,Mycobacterium tuberculosis,SAMEA7524825,90,4331141,0.50
1773.32375,1773,Mycobacterium tuberculosis,SAMEA7524826,98,4373785,0.25
1773.32377,1773,Mycobacterium tuberculosis,SAMEA7524828,125,4344208,0.50
1773.32376,1773,Mycobacterium tuberculosis,SAMEA7524832,197,4370210,0.5
1773.32378,1773,Mycobacterium tuberculosis,SAMEA7524836,111,4367460,0.50
1773.32379,1773,Mycobacterium tuberculosis,SAMEA7524837,86,4376309,0.5
1773.32380,1773,Mycobacterium tuberculosis,SAMEA7524838,116,4340163,0.25
1773.32381,1773,Mycobacterium tuberculosis,SAMEA7524840,101,4347785,0.25
1773.32382,1773,Mycobacterium tuberculosis,SAMEA7524841,97,4347381,0.5
1773.32384,1773,Mycobacterium tuberculosis,SAMEA7524842,81,4381739,1.00
1773.32383,1773,Mycobacterium tuberculosis,SAMEA7524843,106,4334979,0.25
1773.32386,1773,Mycobacterium tuberculosis,SAMEA7524845,123,4341350,0.125
1773.32385,1773,Mycobacterium tuberculosis,SAMEA7524846,102,4345558,0.5
1773.32387,1773,Mycobacterium tuberculosis,SAMEA7524847,111,4367668,0.5
1773.32388,1773,Mycobacterium tuberculosis,SAMEA7524848,99,4360773,0.5
1773.32389,1773,Mycobacterium tuberculosis,SAMEA7524851,111,4334378,0.5
1773.32390,1773,Mycobacterium tuberculosis,SAMEA7524852,103,4362537,0.50
1773.32391,1773,Mycobacterium tuberculosis,SAMEA7524854,111,4338921,0.5
1773.32397,1773,Mycobacterium tuberculosis,SAMEA7524855,95,4344831,0.125
1773.32396,1773,Mycobacterium tuberculosis,SAMEA7524856,83,4379275,0.50
1773.32393,1773,Mycobacterium tuberculosis,SAMEA7524857,119,4364580,0.5
1773.32392,1773,Mycobacterium tuberculosis,SAMEA7524859,91,4374264,1
1773.32394,1773,Mycobacterium tuberculosis,SAMEA7524860,98,4345674,2
1773.32395,1773,Mycobacterium tuberculosis,SAMEA7524864,98,4343279,1
1773.32399,1773,Mycobacterium tuberculosis,SAMEA7524865,115,4368977,1
1773.32400,1773,Mycobacterium tuberculosis,SAMEA7524867,80,4384405,0.50
1773.32398,1773,Mycobacterium tuberculosis,SAMEA7524868,103,4347570,0.25
1773.32403,1773,Mycobacterium tuberculosis,SAMEA7524869,87,4344042,0.5
1773.32402,1773,Mycobacterium tuberculosis,SAMEA7524871,97,4342699,0.25
1773.32401,1773,Mycobacterium tuberculosis,SAMEA7524872,121,4341059,0.25
1773.32404,1773,Mycobacterium tuberculosis,SAMEA7524873,111,4372872,0.25
1773.32407,1773,Mycobacterium tuberculosis,SAMEA7524876,96,4343803,0.50
1773.32414,1773,Mycobacterium tuberculosis,SAMEA7524881,95,4343469,0.25
1773.32413,1773,Mycobacterium tuberculosis,SAMEA7524882,144,4359678,0.50
1773.32411,1773,Mycobacterium tuberculosis,SAMEA7524883,101,4347873,0.5
1773.32412,1773,Mycobacterium tuberculosis,SAMEA7524884,92,4373013,0.25
1773.32408,1773,Mycobacterium tuberculosis,SAMEA7524889,139,4352509,0.25
1773.32410,1773,Mycobacterium tuberculosis,SAMEA7524890,108,4349794,0.5
1773.32409,1773,Mycobacterium tuberculosis,SAMEA7524892,107,4365300,0.125
1773.32415,1773,Mycobacterium tuberculosis,SAMEA7524895,76,4365471,0.5
1773.32416,1773,Mycobacterium tuberculosis,SAMEA7524897,95,4345038,0.5
1773.32419,1773,Mycobacterium tuberculosis,SAMEA7524898,105,4345885,0.25
1773.32417,1773,Mycobacterium tuberculosis,SAMEA7524900,90,4345565,0.50
1773.32418,1773,Mycobacterium tuberculosis,SAMEA7524901,78,4358692,0.50
1773.32421,1773,Mycobacterium tuberculosis,SAMEA7524903,98,4347038,2
1773.32420,1773,Mycobacterium tuberculosis,SAMEA7524906,91,4311613,1
1773.32422,1773,Mycobacterium tuberculosis,SAMEA7524908,104,4365709,1
1773.32423,1773,Mycobacterium tuberculosis,SAMEA7524909,108,4367428,0.50
1773.32427,1773,Mycobacterium tuberculosis,SAMEA7524911,124,4368954,1
1773.32426,1773,Mycobacterium tuberculosis,SAMEA7524916,102,4346379,0.5
1773.32425,1773,Mycobacterium tuberculosis,SAMEA7524918,91,4361393,0.50
1773.32424,1773,Mycobacterium tuberculosis,SAMEA7524920,111,4388209,0.50
1773.32428,1773,Mycobacterium tuberculosis,SAMEA7524923,141,4370469,0.5
1773.32429,1773,Mycobacterium tuberculosis,SAMEA7524927,115,4344967,0.25
1773.32430,1773,Mycobacterium tuberculosis,SAMEA7524929,151,4363282,0.5
1773.32435,1773,Mycobacterium tuberculosis,SAMEA7524930,226,4308575,1
1773.32434,1773,Mycobacterium tuberculosis,SAMEA7524932,110,4366474,1
1773.32431,1773,Mycobacterium tuberculosis,SAMEA7524933,91,4377988,0.25
1773.32432,1773,Mycobacterium tuberculosis,SAMEA7524935,101,4346034,0.5
1773.32433,1773,Mycobacterium tuberculosis,SAMEA7524936,110,4351394,0.50
1773.32437,1773,Mycobacterium tuberculosis,SAMEA7524939,101,4349280,0.25
1773.32436,1773,Mycobacterium tuberculosis,SAMEA7524940,101,4367377,0.25
1773.32438,1773,Mycobacterium tuberculosis,SAMEA7524942,113,4358371,0.5
1773.32439,1773,Mycobacterium tuberculosis,SAMEA7524943,106,4345642,0.25
1773.32440,1773,Mycobacterium tuberculosis,SAMEA7524944,101,4346876,4.00
1773.32441,1773,Mycobacterium tuberculosis,SAMEA7524945,108,4381556,0.5
1773.32442,1773,Mycobacterium tuberculosis,SAMEA7524948,110,4372913,1
1773.32443,1773,Mycobacterium tuberculosis,SAMEA7524949,111,4371324,0.25
1773.32445,1773,Mycobacterium tuberculosis,SAMEA7524950,83,4376234,1
1773.32446,1773,Mycobacterium tuberculosis,SAMEA7524952,88,4384781,0.25
1773.32448,1773,Mycobacterium tuberculosis,SAMEA7524953,111,4340006,0.25
1773.32447,1773,Mycobacterium tuberculosis,SAMEA7524958,107,4344974,0.25
1773.32444,1773,Mycobacterium tuberculosis,SAMEA7524959,111,4364516,0.25
1773.32449,1773,Mycobacterium tuberculosis,SAMEA7524960,86,4383854,0.50
1773.32450,1773,Mycobacterium tuberculosis,SAMEA7524962,100,4372825,0.50
1773.32451,1773,Mycobacterium tuberculosis,SAMEA7524965,95,4345898,0.5
1773.32452,1773,Mycobacterium tuberculosis,SAMEA7524966,88,4380281,0.5
1773.32456,1773,Mycobacterium tuberculosis,SAMEA7524968,105,4339631,0.25
1773.32455,1773,Mycobacterium tuberculosis,SAMEA7524970,100,4348302,0.12
1773.32454,1773,Mycobacterium tuberculosis,SAMEA7524972,130,4331365,0.25
1773.32453,1773,Mycobacterium tuberculosis,SAMEA7524973,139,4287827,0.125
1773.32458,1773,Mycobacterium tuberculosis,SAMEA7524974,103,4334461,0.25
1773.32459,1773,Mycobacterium tuberculosis,SAMEA7524975,160,4305363,0.25
1773.32457,1773,Mycobacterium tuberculosis,SAMEA7524976,149,4315734,0.5
1773.32460,1773,Mycobacterium tuberculosis,SAMEA7524978,98,4341332,0.25
1773.32462,1773,Mycobacterium tuberculosis,SAMEA7524983,111,4348819,0.25
1773.32463,1773,Mycobacterium tuberculosis,SAMEA7524985,95,4348384,0.5
1773.32464,1773,Mycobacterium tuberculosis,SAMEA7524988,104,4348412,0.25
1773.32461,1773,Mycobacterium tuberculosis,SAMEA7524989,102,4343283,0.50
1773.32466,1773,Mycobacterium tuberculosis,SAMEA7524991,109,4365485,0.50
1773.32465,1773,Mycobacterium tuberculosis,SAMEA7524992,97,4345157,0.25
1773.32467,1773,Mycobacterium tuberculosis,SAMEA7524997,127,4340129,0.5
1773.32468,1773,Mycobacterium tuberculosis,SAMEA7524998,84,4364034,0.50
1773.32470,1773,Mycobacterium tuberculosis,SAMEA7524999,98,4345466,0.25
1773.32469,1773,Mycobacterium tuberculosis,SAMEA7525000,112,4369160,0.25
1773.32472,1773,Mycobacterium tuberculosis,SAMEA7525003,108,4344553,0.50
1773.32473,1773,Mycobacterium tuberculosis,SAMEA7525004,102,4372475,0.25
1773.32474,1773,Mycobacterium tuberculosis,SAMEA7525005,126,4362536,0.5
1773.32471,1773,Mycobacterium tuberculosis,SAMEA7525007,178,4333520,1.00
1773.32475,1773,Mycobacterium tuberculosis,SAMEA7525008,118,4371293,0.5
1773.32476,1773,Mycobacterium tuberculosis,SAMEA7525009,108,4311784,0.12
1773.32478,1773,Mycobacterium tuberculosis,SAMEA7525010,102,4383264,0.50
1773.32477,1773,Mycobacterium tuberculosis,SAMEA7525011,112,4384081,0.5
1773.32480,1773,Mycobacterium tuberculosis,SAMEA7525012,115,4364414,1
1773.32481,1773,Mycobacterium tuberculosis,SAMEA7525013,117,4371692,0.25
1773.32479,1773,Mycobacterium tuberculosis,SAMEA7525014,108,4367914,1
1773.32486,1773,Mycobacterium tuberculosis,SAMEA7525015,120,4345819,0.5
1773.32488,1773,Mycobacterium tuberculosis,SAMEA7525018,97,4338863,0.25
1773.32487,1773,Mycobacterium tuberculosis,SAMEA7525020,109,4373831,0.50
1773.32482,1773,Mycobacterium tuberculosis,SAMEA7525021,103,4368316,0.5
1773.32483,1773,Mycobacterium tuberculosis,SAMEA7525022,107,4333694,0.50
1773.32485,1773,Mycobacterium tuberculosis,SAMEA7525024,108,4348958,0.5
1773.32484,1773,Mycobacterium tuberculosis,SAMEA7525025,106,4383387,1
1773.32490,1773,Mycobacterium tuberculosis,SAMEA7525027,102,4343015,0.5
1773.32489,1773,Mycobacterium tuberculosis,SAMEA7525028,116,4329839,0.25
1773.32491,1773,Mycobacterium tuberculosis,SAMEA7525029,99,4342742,0.50
1773.32492,1773,Mycobacterium tuberculosis,SAMEA7525032,129,4347667,0.50
1773.32494,1773,Mycobacterium tuberculosis,SAMEA7525034,153,4365039,0.12
1773.32493,1773,Mycobacterium tuberculosis,SAMEA7525035,116,4342595,0.50
1773.32495,1773,Mycobacterium tuberculosis,SAMEA7525036,102,4360481,0.5
1773.32497,1773,Mycobacterium tuberculosis,SAMEA7525037,99,4370080,0.12
1773.32496,1773,Mycobacterium tuberculosis,SAMEA7525039,110,4361133,0.25
1773.32501,1773,Mycobacterium tuberculosis,SAMEA7525041,93,4344368,0.5
1773.32500,1773,Mycobacterium tuberculosis,SAMEA7525042,104,4344869,0.50
1773.32503,1773,Mycobacterium tuberculosis,SAMEA7525043,100,4353017,0.5
1773.32502,1773,Mycobacterium tuberculosis,SAMEA7525044,123,4347523,0.5
1773.32499,1773,Mycobacterium tuberculosis,SAMEA7525045,125,4343841,0.5
1773.32498,1773,Mycobacterium tuberculosis,SAMEA7525046,104,4349881,0.25
1773.32504,1773,Mycobacterium tuberculosis,SAMEA7525048,99,4347468,0.25
1773.32506,1773,Mycobacterium tuberculosis,SAMEA7525049,119,4377860,0.50
1773.32507,1773,Mycobacterium tuberculosis,SAMEA7525050,122,4371891,0.5
1773.32505,1773,Mycobacterium tuberculosis,SAMEA7525052,253,4291845,0.25
1773.32508,1773,Mycobacterium tuberculosis,SAMEA7525053,109,4339578,0.5
1773.32515,1773,Mycobacterium tuberculosis,SAMEA7525054,92,4380357,0.50
1773.32517,1773,Mycobacterium tuberculosis,SAMEA7525055,98,4351052,0.25
1773.32518,1773,Mycobacterium tuberculosis,SAMEA7525056,348,4339764,1
1773.32516,1773,Mycobacterium tuberculosis,SAMEA7525057,135,4338147,0.5
1773.32514,1773,Mycobacterium tuberculosis,SAMEA7525058,112,4335630,1
1773.32520,1773,Mycobacterium tuberculosis,SAMEA7525059,96,4361853,0.50
1773.32519,1773,Mycobacterium tuberculosis,SAMEA7525060,125,4359603,0.5
1773.32522,1773,Mycobacterium tuberculosis,SAMEA7525061,110,4347795,0.12
1773.32521,1773,Mycobacterium tuberculosis,SAMEA7525062,281,4325689,0.50
1773.32509,1773,Mycobacterium tuberculosis,SAMEA7525063,99,4362811,0.5
1773.32510,1773,Mycobacterium tuberculosis,SAMEA7525064,126,4344249,0.5
1773.32512,1773,Mycobacterium tuberculosis,SAMEA7525065,98,4365927,0.5
1773.32511,1773,Mycobacterium tuberculosis,SAMEA7525066,103,4371410,0.5
1773.32513,1773,Mycobacterium tuberculosis,SAMEA7525067,126,4374245,1
1773.32523,1773,Mycobacterium tuberculosis,SAMEA7525068,105,4371597,0.5
1773.32524,1773,Mycobacterium tuberculosis,SAMEA7525069,122,4347817,0.25
1773.32525,1773,Mycobacterium tuberculosis,SAMEA7525070,120,4372196,0.25
1773.32526,1773,Mycobacterium tuberculosis,SAMEA7525072,100,4383497,0.50
1773.32530,1773,Mycobacterium tuberculosis,SAMEA7525073,152,4318208,0.25
1773.32529,1773,Mycobacterium tuberculosis,SAMEA7525075,125,4382466,0.5
1773.32527,1773,Mycobacterium tuberculosis,SAMEA7525076,108,4361676,1
1773.32528,1773,Mycobacterium tuberculosis,SAMEA7525077,141,4358997,0.03
1773.32531,1773,Mycobacterium tuberculosis,SAMEA7525078,89,4356578,0.12
1773.32532,1773,Mycobacterium tuberculosis,SAMEA7525079,123,4344131,0.5
1773.32534,1773,Mycobacterium tuberculosis,SAMEA7525080,121,4371414,0.50
1773.32533,1773,Mycobacterium tuberculosis,SAMEA7525081,154,4341078,0.5
1773.32536,1773,Mycobacterium tuberculosis,SAMEA7525082,105,4351801,1
1773.32535,1773,Mycobacterium tuberculosis,SAMEA7525083,224,4324097,0.5
1773.32537,1773,Mycobacterium tuberculosis,SAMEA7525084,110,4346782,0.25
1773.32539,1773,Mycobacterium tuberculosis,SAMEA7525085,120,4344106,0.25
1773.32540,1773,Mycobacterium tuberculosis,SAMEA7525086,117,4373104,1.00
1773.32538,1773,Mycobacterium tuberculosis,SAMEA7525087,118,4337084,0.50
1773.32541,1773,Mycobacterium tuberculosis,SAMEA7525088,98,4366817,0.25
1773.32542,1773,Mycobacterium tuberculosis,SAMEA7525089,145,4343551,0.5
1773.32543,1773,Mycobacterium tuberculosis,SAMEA7525090,136,4366665,0.25
1773.32544,1773,Mycobacterium tuberculosis,SAMEA7525091,122,4355736,0.5
1773.32545,1773,Mycobacterium tuberculosis,SAMEA7525092,139,4339913,1
1773.32547,1773,Mycobacterium tuberculosis,SAMEA7525093,144,4368147,1
1773.32546,1773,Mycobacterium tuberculosis,SAMEA7525094,101,4377287,0.5
1773.32548,1773,Mycobacterium tuberculosis,SAMEA7525095,123,4364272,0.5
1773.32549,1773,Mycobacterium tuberculosis,SAMEA7525096,135,4358095,0.50
1773.32550,1773,Mycobacterium tuberculosis,SAMEA7525097,132,4360135,0.25
1773.32551,1773,Mycobacterium tuberculosis,SAMEA7525098,120,4377272,0.5
1773.32557,1773,Mycobacterium tuberculosis,SAMEA7525099,96,4376825,0.50
1773.32552,1773,Mycobacterium tuberculosis,SAMEA7525100,116,4378462,0.50
1773.32556,1773,Mycobacterium tuberculosis,SAMEA7525101,135,4341281,0.5
1773.32553,1773,Mycobacterium tuberculosis,SAMEA7525102,137,4345573,0.50
1773.32558,1773,Mycobacterium tuberculosis,SAMEA7525103,129,4339110,0.50
1773.32555,1773,Mycobacterium tuberculosis,SAMEA7525104,141,4342005,0.50
1773.32554,1773,Mycobacterium tuberculosis,SAMEA7525105,122,4363761,0.5
1773.32559,1773,Mycobacterium tuberculosis,SAMEA7525107,144,4341496,0.25
1773.32560,1773,Mycobacterium tuberculosis,SAMEA7525108,133,4345212,0.50
1773.32561,1773,Mycobacterium tuberculosis,SAMEA7525109,146,4356778,0.5
1773.32562,1773,Mycobacterium tuberculosis,SAMEA7525110,140,4308054,0.25
1773.32563,1773,Mycobacterium tuberculosis,SAMEA7525112,128,4358381,0.5
1773.32565,1773,Mycobacterium tuberculosis,SAMEA7525113,142,4346519,0.25
1773.32564,1773,Mycobacterium tuberculosis,SAMEA7525114,129,4351557,0.25
1773.32568,1773,Mycobacterium tuberculosis,SAMEA7525115,154,4323950,0.50
1773.32574,1773,Mycobacterium tuberculosis,SAMEA7525116,153,4340136,1
1773.32571,1773,Mycobacterium tuberculosis,SAMEA7525117,129,4375863,0.5
1773.32572,1773,Mycobacterium tuberculosis,SAMEA7525118,203,4363392,0.50
1773.32566,1773,Mycobacterium tuberculosis,SAMEA7525119,117,4381537,0.5
1773.32573,1773,Mycobacterium tuberculosis,SAMEA7525120,134,4361037,0.5
1773.32567,1773,Mycobacterium tuberculosis,SAMEA7525121,132,4340652,0.5
1773.32569,1773,Mycobacterium tuberculosis,SAMEA7525122,111,4377034,0.5
1773.32570,1773,Mycobacterium tuberculosis,SAMEA7525123,121,4362079,1.00
1773.32575,1773,Mycobacterium tuberculosis,SAMEA7525124,129,4348771,0.50
1773.32577,1773,Mycobacterium tuberculosis,SAMEA7525126,132,4372185,0.5
1773.32576,1773,Mycobacterium tuberculosis,SAMEA7525127,104,4365279,0.25
1773.32578,1773,Mycobacterium tuberculosis,SAMEA7525128,122,4320154,0.25
1773.32580,1773,Mycobacterium tuberculosis,SAMEA7525129,131,4356926,0.5
1773.32583,1773,Mycobacterium tuberculosis,SAMEA7525130,139,4353599,0.25
1773.32579,1773,Mycobacterium tuberculosis,SAMEA7525131,120,4368019,0.5
1773.32582,1773,Mycobacterium tuberculosis,SAMEA7525132,191,4357002,0.25
1773.32636,1773,Mycobacterium tuberculosis,SAMEA7525133,132,4321364,0.25
1773.32581,1773,Mycobacterium tuberculosis,SAMEA7525134,101,4337204,0.5
1773.32584,1773,Mycobacterium tuberculosis,SAMEA7525135,141,4329228,0.50
1773.32585,1773,Mycobacterium tuberculosis,SAMEA7525136,133,4369260,1
1773.32589,1773,Mycobacterium tuberculosis,SAMEA7525137,125,4358305,1
1773.32588,1773,Mycobacterium tuberculosis,SAMEA7525138,118,4321406,0.06
1773.32586,1773,Mycobacterium tuberculosis,SAMEA7525139,137,4342403,0.5
1773.32587,1773,Mycobacterium tuberculosis,SAMEA7525140,143,4359024,0.25
1773.32590,1773,Mycobacterium tuberculosis,SAMEA7525141,131,4375159,0.5
1773.32592,1773,Mycobacterium tuberculosis,SAMEA7525143,133,4369176,0.5
1773.32594,1773,Mycobacterium tuberculosis,SAMEA7525144,127,4372782,0.5
1773.32591,1773,Mycobacterium tuberculosis,SAMEA7525145,121,4377340,0.5
1773.32593,1773,Mycobacterium tuberculosis,SAMEA7525146,137,4335449,0.50
1773.32597,1773,Mycobacterium tuberculosis,SAMEA7525147,152,4371899,0.25
1773.32596,1773,Mycobacterium tuberculosis,SAMEA7525148,127,4356328,0.5
1773.32595,1773,Mycobacterium tuberculosis,SAMEA7525149,125,4359836,1
1773.32599,1773,Mycobacterium tuberculosis,SAMEA7525151,94,4360295,0.12
1773.32598,1773,Mycobacterium tuberculosis,SAMEA7525152,232,4360718,0.50
1773.32601,1773,Mycobacterium tuberculosis,SAMEA7525153,145,4340172,0.5
1773.32600,1773,Mycobacterium tuberculosis,SAMEA7525154,127,4346475,0.5
1773.32603,1773,Mycobacterium tuberculosis,SAMEA7525155,129,4374576,0.5
1773.32602,1773,Mycobacterium tuberculosis,SAMEA7525156,148,4345461,0.5
1773.32604,1773,Mycobacterium tuberculosis,SAMEA7525157,203,4322613,0.50
1773.32605,1773,Mycobacterium tuberculosis,SAMEA7525158,117,4339409,0.125
1773.32606,1773,Mycobacterium tuberculosis,SAMEA7525159,214,4312405,0.50
1773.32609,1773,Mycobacterium tuberculosis,SAMEA7525160,134,4379299,1
1773.32607,1773,Mycobacterium tuberculosis,SAMEA7525161,116,4365384,0.5
1773.32608,1773,Mycobacterium tuberculosis,SAMEA7525162,140,4329146,0.25
1773.32610,1773,Mycobacterium tuberculosis,SAMEA7525163,113,4340933,0.50
1773.32611,1773,Mycobacterium tuberculosis,SAMEA7525164,195,4337989,0.5
1773.32613,1773,Mycobacterium tuberculosis,SAMEA7525165,122,4375756,0.50
1773.32614,1773,Mycobacterium tuberculosis,SAMEA7525166,125,4372167,0.5
1773.32612,1773,Mycobacterium tuberculosis,SAMEA7525167,135,4344317,0.50
1773.32617,1773,Mycobacterium tuberculosis,SAMEA7525169,131,4342853,0.5
1773.32615,1773,Mycobacterium tuberculosis,SAMEA7525170,134,4360388,0.5
1773.32616,1773,Mycobacterium tuberculosis,SAMEA7525171,96,4355888,0.125
1773.32618,1773,Mycobacterium tuberculosis,SAMEA7525172,138,4359981,0.5
1773.32621,1773,Mycobacterium tuberculosis,SAMEA7525173,133,4355517,0.5
1773.32620,1773,Mycobacterium tuberculosis,SAMEA7525174,113,4379481,0.25
1773.32619,1773,Mycobacterium tuberculosis,SAMEA7525175,123,4371364,0.125
1773.32622,1773,Mycobacterium tuberculosis,SAMEA7525176,122,4388365,0.50
1773.32623,1773,Mycobacterium tuberculosis,SAMEA7525177,115,4379070,0.5
1773.32624,1773,Mycobacterium tuberculosis,SAMEA7525178,138,4368791,1.00
1773.32625,1773,Mycobacterium tuberculosis,SAMEA7525179,117,4325135,0.25
1773.32628,1773,Mycobacterium tuberculosis,SAMEA7525180,138,4340517,0.50
1773.32626,1773,Mycobacterium tuberculosis,SAMEA7525181,159,4335099,0.50
1773.32627,1773,Mycobacterium tuberculosis,SAMEA7525182,140,4346287,0.25
1773.32629,1773,Mycobacterium tuberculosis,SAMEA7525183,135,4342714,0.50
1773.32631,1773,Mycobacterium tuberculosis,SAMEA7525184,157,4342835,0.25
1773.32630,1773,Mycobacterium tuberculosis,SAMEA7525185,119,4368410,0.50
1773.32635,1773,Mycobacterium tuberculosis,SAMEA7525186,126,4384775,0.25
1773.32633,1773,Mycobacterium tuberculosis,SAMEA7525187,117,4331390,0.03
1773.32634,1773,Mycobacterium tuberculosis,SAMEA7525189,113,4322044,0.06
1773.32632,1773,Mycobacterium tuberculosis,SAMEA7525190,117,4338481,0.5
1773.32641,1773,Mycobacterium tuberculosis,SAMEA7525191,135,4307118,0.25
1773.32639,1773,Mycobacterium tuberculosis,SAMEA7525192,129,4308325,0.5
1773.32640,1773,Mycobacterium tuberculosis,SAMEA7525193,110,4342011,0.50
1773.32638,1773,Mycobacterium tuberculosis,SAMEA7525194,145,4345983,0.5
1773.32637,1773,Mycobacterium tuberculosis,SAMEA7525195,127,4340482,0.5
1773.32643,1773,Mycobacterium tuberculosis,SAMEA7525196,118,4326552,0.25
1773.32644,1773,Mycobacterium tuberculosis,SAMEA7525197,107,4346122,2
1773.32645,1773,Mycobacterium tuberculosis,SAMEA7525199,139,4342902,0.25
1773.32642,1773,Mycobacterium tuberculosis,SAMEA7525202,123,4317552,0.25
1773.32646,1773,Mycobacterium tuberculosis,SAMEA7525203,134,4318276,0.25
1773.32648,1773,Mycobacterium tuberculosis,SAMEA7525204,127,4372364,1.00
1773.32647,1773,Mycobacterium tuberculosis,SAMEA7525205,130,4346794,1.00
1773.32649,1773,Mycobacterium tuberculosis,SAMEA7525207,214,4313863,0.5
1773.32650,1773,Mycobacterium tuberculosis,SAMEA7525208,245,4328856,0.12
1773.32651,1773,Mycobacterium tuberculosis,SAMEA7525209,123,4362349,0.50
1773.32654,1773,Mycobacterium tuberculosis,SAMEA7525210,134,4363107,2
1773.32655,1773,Mycobacterium tuberculosis,SAMEA7525211,123,4357638,0.50
1773.32653,1773,Mycobacterium tuberculosis,SAMEA7525212,115,4333374,1
1773.32652,1773,Mycobacterium tuberculosis,SAMEA7525213,107,4376302,0.25
1773.32656,1773,Mycobacterium tuberculosis,SAMEA7525214,147,4339988,0.06
1773.32657,1773,Mycobacterium tuberculosis,SAMEA7525215,124,4300838,0.5
1773.32659,1773,Mycobacterium tuberculosis,SAMEA7525216,102,4334906,0.25
1773.32658,1773,Mycobacterium tuberculosis,SAMEA7525218,135,4303041,0.25
1773.32666,1773,Mycobacterium tuberculosis,SAMEA7525220,131,4342155,0.50
1773.32662,1773,Mycobacterium tuberculosis,SAMEA7525221,152,4367871,0.25
1773.32663,1773,Mycobacterium tuberculosis,SAMEA7525222,157,4315414,0.06
1773.32664,1773,Mycobacterium tuberculosis,SAMEA7525223,119,4324807,0.50
1773.32665,1773,Mycobacterium tuberculosis,SAMEA7525224,121,4321927,0.50
1773.32667,1773,Mycobacterium tuberculosis,SAMEA7525225,106,4332870,0.50
1773.32661,1773,Mycobacterium tuberculosis,SAMEA7525228,130,4345239,0.50
1773.32660,1773,Mycobacterium tuberculosis,SAMEA7525232,126,4345402,0.25
1773.32672,1773,Mycobacterium tuberculosis,SAMEA7525233,116,4346220,0.25
1773.32673,1773,Mycobacterium tuberculosis,SAMEA7525235,129,4339760,0.5
1773.32671,1773,Mycobacterium tuberculosis,SAMEA7525237,133,4335953,0.5
1773.32669,1773,Mycobacterium tuberculosis,SAMEA7525239,135,4324423,0.125
1773.32670,1773,Mycobacterium tuberculosis,SAMEA7525242,116,4386605,0.25
1773.32675,1773,Mycobacterium tuberculosis,SAMEA7525244,142,4359698,0.03
1773.32674,1773,Mycobacterium tuberculosis,SAMEA7525247,133,4331376,0.5
1773.32668,1773,Mycobacterium tuberculosis,SAMEA7525248,122,4339304,0.5
1773.32683,1773,Mycobacterium tuberculosis,SAMEA7525249,143,4369750,0.25
1773.32682,1773,Mycobacterium tuberculosis,SAMEA7525252,112,4362739,1
1773.32681,1773,Mycobacterium tuberculosis,SAMEA7525254,152,4336662,0.25
1773.32684,1773,Mycobacterium tuberculosis,SAMEA7525256,225,4299779,0.25
1773.32679,1773,Mycobacterium tuberculosis,SAMEA7525258,120,4345080,0.5
1773.32685,1773,Mycobacterium tuberculosis,SAMEA7525262,105,4374574,0.5
1773.32676,1773,Mycobacterium tuberculosis,SAMEA7525264,119,4344069,0.06
1773.32678,1773,Mycobacterium tuberculosis,SAMEA7525266,112,4364769,0.25
1773.32677,1773,Mycobacterium tuberculosis,SAMEA7525268,147,4340406,0.25
1773.32687,1773,Mycobacterium tuberculosis,SAMEA7525269,104,4369282,0.25
1773.32690,1773,Mycobacterium tuberculosis,SAMEA7525271,116,4348859,0.50
1773.32691,1773,Mycobacterium tuberculosis,SAMEA7525273,128,4347735,0.25
1773.32688,1773,Mycobacterium tuberculosis,SAMEA7525275,103,4353810,0.50
1773.32689,1773,Mycobacterium tuberculosis,SAMEA7525278,110,4366424,0.5
1773.32692,1773,Mycobacterium tuberculosis,SAMEA7525280,122,4357555,0.25
1773.32693,1773,Mycobacterium tuberculosis,SAMEA7525282,127,4352022,0.25
1773.32694,1773,Mycobacterium tuberculosis,SAMEA7525285,98,4381428,0.25
1773.32695,1773,Mycobacterium tuberculosis,SAMEA7525287,107,4365312,0.50
1773.32699,1773,Mycobacterium tuberculosis,SAMEA7525291,142,4342012,0.06
1773.32697,1773,Mycobacterium tuberculosis,SAMEA7525293,138,4345861,0.06
1773.32696,1773,Mycobacterium tuberculosis,SAMEA7525294,127,4348219,0.25
1773.32698,1773,Mycobacterium tuberculosis,SAMEA7525296,110,4344304,0.25
1773.32700,1773,Mycobacterium tuberculosis,SAMEA7525302,122,4345155,0.5
1773.32701,1773,Mycobacterium tuberculosis,SAMEA7525305,134,4355340,0.25
1773.32702,1773,Mycobacterium tuberculosis,SAMEA7525306,139,4374478,0.5
1773.32703,1773,Mycobacterium tuberculosis,SAMEA7525308,112,4376217,0.12
1773.32704,1773,Mycobacterium tuberculosis,SAMEA7525310,155,4335043,0.25
1773.32705,1773,Mycobacterium tuberculosis,SAMEA7525311,239,4324377,0.50
1773.32706,1773,Mycobacterium tuberculosis,SAMEA7525313,132,4371767,0.12
1773.32707,1773,Mycobacterium tuberculosis,SAMEA7525314,153,4331464,0.50
1773.32708,1773,Mycobacterium tuberculosis,SAMEA7525318,152,4356614,0.25
1773.32709,1773,Mycobacterium tuberculosis,SAMEA7525320,128,4346745,0.125
1773.32712,1773,Mycobacterium tuberculosis,SAMEA7525321,111,4351949,0.25
1773.32713,1773,Mycobacterium tuberculosis,SAMEA7525323,128,4344624,2.00
1773.32711,1773,Mycobacterium tuberculosis,SAMEA7525327,98,4371249,0.25
1773.32714,1773,Mycobacterium tuberculosis,SAMEA7525329,115,4346182,0.03
1773.32715,1773,Mycobacterium tuberculosis,SAMEA7525331,117,4345210,0.5
1773.32716,1773,Mycobacterium tuberculosis,SAMEA7525334,115,4342030,0.12
1773.32717,1773,Mycobacterium tuberculosis,SAMEA7525337,102,4357673,0.125
1773.32718,1773,Mycobacterium tuberculosis,SAMEA7525338,157,4339772,0.06
1773.32721,1773,Mycobacterium tuberculosis,SAMEA7525340,108,4376586,0.5
1773.32720,1773,Mycobacterium tuberculosis,SAMEA7525342,164,4361015,0.5
1773.32725,1773,Mycobacterium tuberculosis,SAMEA7525344,169,4358872,1
1773.32722,1773,Mycobacterium tuberculosis,SAMEA7525347,155,4336825,0.12
1773.32724,1773,Mycobacterium tuberculosis,SAMEA7525351,117,4349922,0.03
1773.32723,1773,Mycobacterium tuberculosis,SAMEA7525354,106,4344906,0.25
1773.32728,1773,Mycobacterium tuberculosis,SAMEA7525356,124,4343901,0.25
1773.32729,1773,Mycobacterium tuberculosis,SAMEA7525360,99,4353183,0.12
1773.32726,1773,Mycobacterium tuberculosis,SAMEA7525362,120,4341065,0.25
1773.32727,1773,Mycobacterium tuberculosis,SAMEA7525364,141,4339780,0.5
1773.32731,1773,Mycobacterium tuberculosis,SAMEA7525365,106,4377366,0.5
1773.32730,1773,Mycobacterium tuberculosis,SAMEA7525367,119,4373539,0.25
1773.32733,1773,Mycobacterium tuberculosis,SAMEA7525369,127,4348084,0.25
1773.32732,1773,Mycobacterium tuberculosis,SAMEA7525372,122,4371842,0.25
1773.32734,1773,Mycobacterium tuberculosis,SAMEA7525373,118,4349746,0.25
1773.32739,1773,Mycobacterium tuberculosis,SAMEA7525375,266,4330427,0.25
1773.32738,1773,Mycobacterium tuberculosis,SAMEA7525377,111,4348306,0.25
1773.32735,1773,Mycobacterium tuberculosis,SAMEA7525378,147,4362224,0.25
1773.32736,1773,Mycobacterium tuberculosis,SAMEA7525379,126,4346941,0.5
1773.32740,1773,Mycobacterium tuberculosis,SAMEA7525381,167,4340794,0.25
1773.32737,1773,Mycobacterium tuberculosis,SAMEA7525383,124,4349076,0.50
1773.32741,1773,Mycobacterium tuberculosis,SAMEA7525387,236,4275103,0.06
1773.32742,1773,Mycobacterium tuberculosis,SAMEA7525389,131,4371937,0.5
1773.32743,1773,Mycobacterium tuberculosis,SAMEA7525391,111,4358823,0.25
1773.32745,1773,Mycobacterium tuberculosis,SAMEA7525393,266,4328323,0.25
1773.32744,1773,Mycobacterium tuberculosis,SAMEA7525395,116,4344408,0.25
1773.32747,1773,Mycobacterium tuberculosis,SAMEA7525398,118,4347653,0.5
1773.32750,1773,Mycobacterium tuberculosis,SAMEA7525400,161,4361099,0.25
1773.32749,1773,Mycobacterium tuberculosis,SAMEA7525402,110,4342591,0.5
1773.32746,1773,Mycobacterium tuberculosis,SAMEA7525404,147,4362095,0.125
1773.32748,1773,Mycobacterium tuberculosis,SAMEA7525405,112,4374426,0.125
1773.32753,1773,Mycobacterium tuberculosis,SAMEA7525406,155,4348950,0.25
1773.32751,1773,Mycobacterium tuberculosis,SAMEA7525407,129,4292211,0.25
1773.32752,1773,Mycobacterium tuberculosis,SAMEA7525408,117,4365690,0.25
1773.32759,1773,Mycobacterium tuberculosis,SAMEA7525410,113,4377100,0.12
1773.32757,1773,Mycobacterium tuberculosis,SAMEA7525411,119,4343650,0.125
1773.32760,1773,Mycobacterium tuberculosis,SAMEA7525412,152,4352343,0.5
1773.32755,1773,Mycobacterium tuberculosis,SAMEA7525413,142,4372520,0.25
1773.32756,1773,Mycobacterium tuberculosis,SAMEA7525414,178,4335342,0.5
1773.32758,1773,Mycobacterium tuberculosis,SAMEA7525415,143,4335583,1
1773.32754,1773,Mycobacterium tuberculosis,SAMEA7525416,162,4361680,0.5
1773.32761,1773,Mycobacterium tuberculosis,SAMEA7525417,163,4340016,0.06
1773.32762,1773,Mycobacterium tuberculosis,SAMEA7525418,156,4339089,0.25
1773.32763,1773,Mycobacterium tuberculosis,SAMEA7525419,155,4337340,0.06
1773.32764,1773,Mycobacterium tuberculosis,SAMEA7525420,153,4353134,0.125
1773.32765,1773,Mycobacterium tuberculosis,SAMEA7525421,162,4338436,0.25
1773.32768,1773,Mycobacterium tuberculosis,SAMEA7525422,137,4329269,0.125
1773.32769,1773,Mycobacterium tuberculosis,SAMEA7525423,162,4337034,0.125
1773.32770,1773,Mycobacterium tuberculosis,SAMEA7525424,148,4361708,0.125
1773.43096,1773,Mycobacterium tuberculosis,SAMEA7525425,161,4302727,0.25
1773.32767,1773,Mycobacterium tuberculosis,SAMEA7525426,111,4347588,0.25
1773.32766,1773,Mycobacterium tuberculosis,SAMEA7525427,142,4335587,0.5
1773.32774,1773,Mycobacterium tuberculosis,SAMEA7525428,155,4374653,0.5
1773.32773,1773,Mycobacterium tuberculosis,SAMEA7525429,136,4347978,0.5
1773.43097,1773,Mycobacterium tuberculosis,SAMEA7525430,148,4357657,0.50
1773.32772,1773,Mycobacterium tuberculosis,SAMEA7525431,161,4357857,0.25
1773.32771,1773,Mycobacterium tuberculosis,SAMEA7525432,146,4363553,0.25
1773.32775,1773,Mycobacterium tuberculosis,SAMEA7525433,166,4338305,0.25
1773.32776,1773,Mycobacterium tuberculosis,SAMEA7525434,161,4337433,0.5
1773.32779,1773,Mycobacterium tuberculosis,SAMEA7525435,146,4341419,0.25
1773.32777,1773,Mycobacterium tuberculosis,SAMEA7525436,150,4334951,0.5
1773.32778,1773,Mycobacterium tuberculosis,SAMEA7525437,379,4270122,0.25
1773.32780,1773,Mycobacterium tuberculosis,SAMEA7525438,166,4277241,1
1773.32782,1773,Mycobacterium tuberculosis,SAMEA7525439,188,4284264,0.25
1773.32783,1773,Mycobacterium tuberculosis,SAMEA7525440,170,4307302,0.5
1773.32784,1773,Mycobacterium tuberculosis,SAMEA7525441,158,4320140,0.25
1773.32781,1773,Mycobacterium tuberculosis,SAMEA7525444,185,4318154,0.12
1773.32785,1773,Mycobacterium tuberculosis,SAMEA7525446,176,4316845,0.5
1773.32788,1773,Mycobacterium tuberculosis,SAMEA7525447,192,4288618,0.06
1773.32789,1773,Mycobacterium tuberculosis,SAMEA7525448,160,4305900,0.25
1773.32787,1773,Mycobacterium tuberculosis,SAMEA7525449,181,4277274,0.06
1773.32786,1773,Mycobacterium tuberculosis,SAMEA7525450,153,4301525,0.12
1773.32790,1773,Mycobacterium tuberculosis,SAMEA7525451,180,4311660,0.25
1773.32795,1773,Mycobacterium tuberculosis,SAMEA7525452,182,4310829,2
1773.32792,1773,Mycobacterium tuberculosis,SAMEA7525454,189,4287941,0.5
1773.32794,1773,Mycobacterium tuberculosis,SAMEA7525455,163,4304746,0.06
1773.32793,1773,Mycobacterium tuberculosis,SAMEA7525456,175,4271866,0.25
1773.32791,1773,Mycobacterium tuberculosis,SAMEA7525457,178,4303419,0.12
1773.32796,1773,Mycobacterium tuberculosis,SAMEA7525458,184,4285979,0.5
1773.32797,1773,Mycobacterium tuberculosis,SAMEA7525459,180,4297457,0.25
1773.32798,1773,Mycobacterium tuberculosis,SAMEA7525460,212,4291502,0.5
1773.32799,1773,Mycobacterium tuberculosis,SAMEA7525461,169,4308019,0.125
1773.32800,1773,Mycobacterium tuberculosis,SAMEA7525462,165,4300882,0.25
1773.32801,1773,Mycobacterium tuberculosis,SAMEA7525463,203,4265308,0.25
1773.32802,1773,Mycobacterium tuberculosis,SAMEA7525464,196,4281531,0.06
1773.32803,1773,Mycobacterium tuberculosis,SAMEA7525465,187,4284402,0.5
1773.32804,1773,Mycobacterium tuberculosis,SAMEA7525466,191,4298464,0.25
1773.32806,1773,Mycobacterium tuberculosis,SAMEA7525467,200,4289851,0.125
1773.32805,1773,Mycobacterium tuberculosis,SAMEA7525468,202,4289333,0.125
1773.32807,1773,Mycobacterium tuberculosis,SAMEA7525469,200,4291496,0.25
1773.32808,1773,Mycobacterium tuberculosis,SAMEA7525470,196,4272684,0.25
1773.32810,1773,Mycobacterium tuberculosis,SAMEA7525472,189,4302977,0.50
1773.32809,1773,Mycobacterium tuberculosis,SAMEA7525474,170,4315300,0.5
1773.32811,1773,Mycobacterium tuberculosis,SAMEA7525475,195,4330506,0.125
1773.32812,1773,Mycobacterium tuberculosis,SAMEA7525476,163,4326496,0.50
1773.32813,1773,Mycobacterium tuberculosis,SAMEA7525477,167,4330305,0.125
1773.32814,1773,Mycobacterium tuberculosis,SAMEA7525478,187,4298337,0.5
1773.32817,1773,Mycobacterium tuberculosis,SAMEA7525479,193,4288221,0.5
1773.32816,1773,Mycobacterium tuberculosis,SAMEA7525480,164,4293020,0.12
1773.32815,1773,Mycobacterium tuberculosis,SAMEA7525481,159,4310567,0.50
1773.32818,1773,Mycobacterium tuberculosis,SAMEA7525482,128,4344680,1
1773.32819,1773,Mycobacterium tuberculosis,SAMEA7525483,181,4237444,0.125
1773.32820,1773,Mycobacterium tuberculosis,SAMEA7525484,147,4314878,0.50
1773.32821,1773,Mycobacterium tuberculosis,SAMEA7525485,184,4368576,0.25
1773.32823,1773,Mycobacterium tuberculosis,SAMEA7525486,195,4336467,1
1773.32824,1773,Mycobacterium tuberculosis,SAMEA7525487,178,4339046,0.5
1773.32822,1773,Mycobacterium tuberculosis,SAMEA7525488,146,4322528,0.5
1773.32827,1773,Mycobacterium tuberculosis,SAMEA7525489,186,4335137,0.06
1773.32826,1773,Mycobacterium tuberculosis,SAMEA7525490,181,4334531,0.50
1773.32829,1773,Mycobacterium tuberculosis,SAMEA7525491,160,4310152,0.5
1773.32828,1773,Mycobacterium tuberculosis,SAMEA7525492,193,4323904,0.06
1773.32825,1773,Mycobacterium tuberculosis,SAMEA7525493,280,4285501,0.25
1773.32843,1773,Mycobacterium tuberculosis,SAMEA7525494,152,4318932,0.5
1773.32835,1773,Mycobacterium tuberculosis,SAMEA7525495,159,4341353,0.25
1773.32836,1773,Mycobacterium tuberculosis,SAMEA7525496,181,4356944,0.06
1773.32842,1773,Mycobacterium tuberculosis,SAMEA7525497,155,4299905,0.25
1773.32841,1773,Mycobacterium tuberculosis,SAMEA7525499,137,4307084,0.5
1773.32838,1773,Mycobacterium tuberculosis,SAMEA7525500,193,4340332,0.25
1773.32837,1773,Mycobacterium tuberculosis,SAMEA7525501,148,4291780,1
1773.32840,1773,Mycobacterium tuberculosis,SAMEA7525502,168,4326399,0.50
1773.32839,1773,Mycobacterium tuberculosis,SAMEA7525504,142,4311399,0.25
1773.32847,1773,Mycobacterium tuberculosis,SAMEA7525505,136,4321338,0.5
1773.32846,1773,Mycobacterium tuberculosis,SAMEA7525506,166,4329310,1
1773.32845,1773,Mycobacterium tuberculosis,SAMEA7525507,151,4301647,0.5
1773.32844,1773,Mycobacterium tuberculosis,SAMEA7525508,258,4277563,0.5
1773.32848,1773,Mycobacterium tuberculosis,SAMEA7525509,165,4302591,0.25
1773.32833,1773,Mycobacterium tuberculosis,SAMEA7525510,167,4312546,0.25
1773.32831,1773,Mycobacterium tuberculosis,SAMEA7525511,151,4308278,0.5
1773.32830,1773,Mycobacterium tuberculosis,SAMEA7525512,140,4325133,0.25
1773.32834,1773,Mycobacterium tuberculosis,SAMEA7525513,189,4356484,0.25
1773.32832,1773,Mycobacterium tuberculosis,SAMEA7525514,163,4333033,0.25
1773.32849,1773,Mycobacterium tuberculosis,SAMEA7525515,173,4328241,0.25
1773.32850,1773,Mycobacterium tuberculosis,SAMEA7525516,177,4329094,0.5
1773.32851,1773,Mycobacterium tuberculosis,SAMEA7525517,151,4307606,0.50
1773.32854,1773,Mycobacterium tuberculosis,SAMEA7525519,190,4328330,0.125
1773.32852,1773,Mycobacterium tuberculosis,SAMEA7525520,164,4294567,0.125
1773.32853,1773,Mycobacterium tuberculosis,SAMEA7525521,167,4300821,0.50
1773.32855,1773,Mycobacterium tuberculosis,SAMEA7525522,148,4343472,0.5
1773.32856,1773,Mycobacterium tuberculosis,SAMEA7525523,103,4366780,0.50
1773.32858,1773,Mycobacterium tuberculosis,SAMEA7525524,169,4315161,1
1773.32857,1773,Mycobacterium tuberculosis,SAMEA7525525,155,4329653,0.5
1773.32865,1773,Mycobacterium tuberculosis,SAMEA7525526,126,4345771,0.5
1773.32862,1773,Mycobacterium tuberculosis,SAMEA7525527,127,4305604,0.06
1773.32868,1773,Mycobacterium tuberculosis,SAMEA7525528,130,4344532,0.50
1773.32867,1773,Mycobacterium tuberculosis,SAMEA7525529,138,4271216,0.25
1773.32859,1773,Mycobacterium tuberculosis,SAMEA7525530,211,4321046,0.5
1773.32860,1773,Mycobacterium tuberculosis,SAMEA7525531,125,4342549,0.5
1773.32861,1773,Mycobacterium tuberculosis,SAMEA7525533,168,4341948,1
1773.32866,1773,Mycobacterium tuberculosis,SAMEA7525534,182,4307174,0.5
1773.32863,1773,Mycobacterium tuberculosis,SAMEA7525536,162,4369539,0.50
1773.32864,1773,Mycobacterium tuberculosis,SAMEA7525537,160,4316604,0.25
1773.32869,1773,Mycobacterium tuberculosis,SAMEA7525538,285,4288512,0.125
1773.32870,1773,Mycobacterium tuberculosis,SAMEA7525539,125,4370275,0.50
1773.32875,1773,Mycobacterium tuberculosis,SAMEA7525540,163,4298522,0.25
1773.32874,1773,Mycobacterium tuberculosis,SAMEA7525541,177,4295880,0.125
1773.32873,1773,Mycobacterium tuberculosis,SAMEA7525543,130,4343512,0.25
1773.32872,1773,Mycobacterium tuberculosis,SAMEA7525544,212,4301430,0.5
1773.32871,1773,Mycobacterium tuberculosis,SAMEA7525545,301,4269124,0.03
1773.32877,1773,Mycobacterium tuberculosis,SAMEA7525546,137,4315357,0.03
1773.32878,1773,Mycobacterium tuberculosis,SAMEA7525547,143,4321227,0.5
1773.32876,1773,Mycobacterium tuberculosis,SAMEA7525548,183,4360222,0.50
1773.32881,1773,Mycobacterium tuberculosis,SAMEA7525549,167,4334773,0.25
1773.32880,1773,Mycobacterium tuberculosis,SAMEA7525550,117,4358365,1.00
1773.32879,1773,Mycobacterium tuberculosis,SAMEA7525551,135,4368114,1.00
1773.32883,1773,Mycobacterium tuberculosis,SAMEA7525552,156,4289763,0.5
1773.32882,1773,Mycobacterium tuberculosis,SAMEA7525555,121,4343842,0.125
1773.32885,1773,Mycobacterium tuberculosis,SAMEA7525556,116,4374709,0.06
1773.32884,1773,Mycobacterium tuberculosis,SAMEA7525557,191,4333477,0.25
1773.32888,1773,Mycobacterium tuberculosis,SAMEA7525559,159,4309396,0.5
1773.32887,1773,Mycobacterium tuberculosis,SAMEA7525560,114,4343750,0.125
1773.32886,1773,Mycobacterium tuberculosis,SAMEA7525561,295,4237789,0.5
1773.32892,1773,Mycobacterium tuberculosis,SAMEA7525562,178,4310857,0.5
1773.32891,1773,Mycobacterium tuberculosis,SAMEA7525563,180,4357511,0.25
1773.32894,1773,Mycobacterium tuberculosis,SAMEA7525564,185,4307804,1
1773.32893,1773,Mycobacterium tuberculosis,SAMEA7525565,104,4368040,0.50
1773.32890,1773,Mycobacterium tuberculosis,SAMEA7525566,189,4292746,0.12
1773.32889,1773,Mycobacterium tuberculosis,SAMEA7525569,148,4364256,0.25
1773.32895,1773,Mycobacterium tuberculosis,SAMEA7525570,159,4371452,0.5
1773.32896,1773,Mycobacterium tuberculosis,SAMEA7525571,401,4250068,0.06
1773.32897,1773,Mycobacterium tuberculosis,SAMEA7525573,355,4283479,0.50
1773.32900,1773,Mycobacterium tuberculosis,SAMEA7525575,157,4291745,0.50
1773.32898,1773,Mycobacterium tuberculosis,SAMEA7525576,315,4222002,0.25
1773.32899,1773,Mycobacterium tuberculosis,SAMEA7525577,175,4299695,0.5
1773.32902,1773,Mycobacterium tuberculosis,SAMEA7525578,193,4316127,0.25
1773.32901,1773,Mycobacterium tuberculosis,SAMEA7525580,151,4381509,0.25
1773.32903,1773,Mycobacterium tuberculosis,SAMEA7525581,259,4299718,0.50
1773.32904,1773,Mycobacterium tuberculosis,SAMEA7525582,130,4343638,0.50
1773.32905,1773,Mycobacterium tuberculosis,SAMEA7525584,301,4240599,0.5
1773.32906,1773,Mycobacterium tuberculosis,SAMEA7525585,111,4381124,0.50
1773.32909,1773,Mycobacterium tuberculosis,SAMEA7525586,239,4299685,0.25
1773.32910,1773,Mycobacterium tuberculosis,SAMEA7525587,173,4348287,0.50
1773.32911,1773,Mycobacterium tuberculosis,SAMEA7525588,192,4361233,0.25
1773.32908,1773,Mycobacterium tuberculosis,SAMEA7525589,828,4248500,0.25
1773.32907,1773,Mycobacterium tuberculosis,SAMEA7525592,267,4312526,0.5
1773.32914,1773,Mycobacterium tuberculosis,SAMEA7525593,197,4333075,0.50
1773.32913,1773,Mycobacterium tuberculosis,SAMEA7525594,159,4374764,0.06
1773.32912,1773,Mycobacterium tuberculosis,SAMEA7525597,205,4278762,0.50
1773.32919,1773,Mycobacterium tuberculosis,SAMEA7525598,205,4330587,0.06
1773.32917,1773,Mycobacterium tuberculosis,SAMEA7525599,181,4300782,0.50
1773.32915,1773,Mycobacterium tuberculosis,SAMEA7525600,187,4286591,0.50
1773.32916,1773,Mycobacterium tuberculosis,SAMEA7525601,171,4361120,0.03
1773.32918,1773,Mycobacterium tuberculosis,SAMEA7525602,144,4311089,0.125
1773.32920,1773,Mycobacterium tuberculosis,SAMEA7525603,322,4277461,0.5
1773.32921,1773,Mycobacterium tuberculosis,SAMEA7525604,174,4315880,0.50
1773.32922,1773,Mycobacterium tuberculosis,SAMEA7525605,176,4293457,0.50
1773.32923,1773,Mycobacterium tuberculosis,SAMEA7525606,135,4375266,0.5
1773.32925,1773,Mycobacterium tuberculosis,SAMEA7525607,185,4280791,0.25
1773.32927,1773,Mycobacterium tuberculosis,SAMEA7525608,133,4345114,0.50
1773.32924,1773,Mycobacterium tuberculosis,SAMEA7525609,113,4358434,0.50
1773.32928,1773,Mycobacterium tuberculosis,SAMEA7525610,191,4299533,0.25
1773.32926,1773,Mycobacterium tuberculosis,SAMEA7525611,326,4255930,0.25
1773.32929,1773,Mycobacterium tuberculosis,SAMEA7525612,237,4322897,0.5
1773.32930,1773,Mycobacterium tuberculosis,SAMEA7525613,126,4339512,0.5
1773.32932,1773,Mycobacterium tuberculosis,SAMEA7525614,134,4345346,0.5
1773.32931,1773,Mycobacterium tuberculosis,SAMEA7525615,197,4366542,0.25
1773.32934,1773,Mycobacterium tuberculosis,SAMEA7525617,199,4307258,0.5
1773.32933,1773,Mycobacterium tuberculosis,SAMEA7525619,121,4358739,0.5
1773.32935,1773,Mycobacterium tuberculosis,SAMEA7525620,127,4371468,0.50
1773.32936,1773,Mycobacterium tuberculosis,SAMEA7525621,187,4344737,1
1773.32940,1773,Mycobacterium tuberculosis,SAMEA7525622,199,4312776,0.5
1773.32937,1773,Mycobacterium tuberculosis,SAMEA7525623,192,4331034,0.25
1773.32939,1773,Mycobacterium tuberculosis,SAMEA7525624,138,4343676,0.50
1773.32938,1773,Mycobacterium tuberculosis,SAMEA7525625,130,4342258,0.5
1773.32941,1773,Mycobacterium tuberculosis,SAMEA7525626,180,4266231,0.5
1773.32942,1773,Mycobacterium tuberculosis,SAMEA7525628,302,4269379,4.00
1773.32944,1773,Mycobacterium tuberculosis,SAMEA7525629,172,4361766,0.50
1773.32943,1773,Mycobacterium tuberculosis,SAMEA7525630,199,4339776,0.5
1773.32946,1773,Mycobacterium tuberculosis,SAMEA7525632,193,4332020,1
1773.32948,1773,Mycobacterium tuberculosis,SAMEA7525633,185,4302790,0.5
1773.32947,1773,Mycobacterium tuberculosis,SAMEA7525634,243,4345992,0.5
1773.32945,1773,Mycobacterium tuberculosis,SAMEA7525636,134,4356897,0.25
1773.32949,1773,Mycobacterium tuberculosis,SAMEA7525638,237,4230215,0.12
1773.32950,1773,Mycobacterium tuberculosis,SAMEA7525641,185,4335755,0.5
1773.32951,1773,Mycobacterium tuberculosis,SAMEA7525642,285,4307337,0.5
1773.32952,1773,Mycobacterium tuberculosis,SAMEA7525644,174,4302493,0.5
1773.32953,1773,Mycobacterium tuberculosis,SAMEA7525645,186,4329619,0.5
1773.32954,1773,Mycobacterium tuberculosis,SAMEA7525646,115,4376701,0.50
1773.32956,1773,Mycobacterium tuberculosis,SAMEA7525648,182,4300316,0.25
1773.32955,1773,Mycobacterium tuberculosis,SAMEA7525649,174,4343379,0.5
1773.32958,1773,Mycobacterium tuberculosis,SAMEA7525650,128,4344261,0.5
1773.32957,1773,Mycobacterium tuberculosis,SAMEA7525651,178,4350033,0.5
1773.32959,1773,Mycobacterium tuberculosis,SAMEA7525652,123,4366565,0.5
1773.32961,1773,Mycobacterium tuberculosis,SAMEA7525653,119,4342759,0.5
1773.32960,1773,Mycobacterium tuberculosis,SAMEA7525654,112,4372352,1
1773.32962,1773,Mycobacterium tuberculosis,SAMEA7525655,182,4335038,0.50
1773.32963,1773,Mycobacterium tuberculosis,SAMEA7525657,207,4321778,0.50
1773.32964,1773,Mycobacterium tuberculosis,SAMEA7525658,128,4343625,0.50
1773.32966,1773,Mycobacterium tuberculosis,SAMEA7525659,122,4363429,0.06
1773.32965,1773,Mycobacterium tuberculosis,SAMEA7525660,181,4286832,0.5
1773.32969,1773,Mycobacterium tuberculosis,SAMEA7525661,132,4348306,0.5
1773.32968,1773,Mycobacterium tuberculosis,SAMEA7525662,109,4350224,0.50
1773.32967,1773,Mycobacterium tuberculosis,SAMEA7525663,121,4371607,2
1773.32970,1773,Mycobacterium tuberculosis,SAMEA7525665,106,4348587,1
1773.32971,1773,Mycobacterium tuberculosis,SAMEA7525666,128,4345680,0.50
1773.32972,1773,Mycobacterium tuberculosis,SAMEA7525667,220,4343373,1
1773.32973,1773,Mycobacterium tuberculosis,SAMEA7525668,188,4336853,0.5
1773.32974,1773,Mycobacterium tuberculosis,SAMEA7525671,117,4370850,0.5
1773.32976,1773,Mycobacterium tuberculosis,SAMEA7525672,129,4347107,0.25
1773.32975,1773,Mycobacterium tuberculosis,SAMEA7525673,124,4348949,0.5
1773.32977,1773,Mycobacterium tuberculosis,SAMEA7525674,228,4302995,0.50
1773.32978,1773,Mycobacterium tuberculosis,SAMEA7525675,168,4321905,0.5
1773.32979,1773,Mycobacterium tuberculosis,SAMEA7525676,98,4361578,0.50
1773.32980,1773,Mycobacterium tuberculosis,SAMEA7525677,114,4370638,0.5
1773.32981,1773,Mycobacterium tuberculosis,SAMEA7525678,109,4373651,0.50
1773.32982,1773,Mycobacterium tuberculosis,SAMEA7525679,126,4344227,1
1773.32983,1773,Mycobacterium tuberculosis,SAMEA7525680,130,4379020,1
1773.32985,1773,Mycobacterium tuberculosis,SAMEA7525681,210,4339688,0.5
1773.32984,1773,Mycobacterium tuberculosis,SAMEA7525682,193,4350114,1
1773.32987,1773,Mycobacterium tuberculosis,SAMEA7525684,116,4359404,0.25
1773.32988,1773,Mycobacterium tuberculosis,SAMEA7525685,112,4370689,0.25
1773.32986,1773,Mycobacterium tuberculosis,SAMEA7525686,126,4342172,0.25
1773.32990,1773,Mycobacterium tuberculosis,SAMEA7525687,102,4376490,0.25
1773.32989,1773,Mycobacterium tuberculosis,SAMEA7525688,124,4370496,0.50
1773.32995,1773,Mycobacterium tuberculosis,SAMEA7525689,126,4345656,0.50
1773.32994,1773,Mycobacterium tuberculosis,SAMEA7525690,131,4344950,0.25
1773.32993,1773,Mycobacterium tuberculosis,SAMEA7525691,133,4363129,0.5
1773.32991,1773,Mycobacterium tuberculosis,SAMEA7525692,130,4343823,0.5
1773.32992,1773,Mycobacterium tuberculosis,SAMEA7525693,120,4345803,0.25
1773.32999,1773,Mycobacterium tuberculosis,SAMEA7525694,131,4340803,0.50
1773.33003,1773,Mycobacterium tuberculosis,SAMEA7525695,125,4363561,0.5
1773.33002,1773,Mycobacterium tuberculosis,SAMEA7525696,130,4329104,1
1773.33000,1773,Mycobacterium tuberculosis,SAMEA7525697,142,4318589,1
1773.33001,1773,Mycobacterium tuberculosis,SAMEA7525698,195,4324386,0.5
1773.33009,1773,Mycobacterium tuberculosis,SAMEA7525699,134,4286049,0.5
1773.33011,1773,Mycobacterium tuberculosis,SAMEA7525700,196,4355970,0.5
1773.33010,1773,Mycobacterium tuberculosis,SAMEA7525701,181,4277467,1.00
1773.33006,1773,Mycobacterium tuberculosis,SAMEA7525702,178,4331482,0.5
1773.33007,1773,Mycobacterium tuberculosis,SAMEA7525703,145,4308653,0.5
1773.33008,1773,Mycobacterium tuberculosis,SAMEA7525704,143,4303931,0.50
1773.33005,1773,Mycobacterium tuberculosis,SAMEA7525705,150,4295577,1
1773.32997,1773,Mycobacterium tuberculosis,SAMEA7525706,140,4313405,1
1773.33004,1773,Mycobacterium tuberculosis,SAMEA7525707,137,4316143,0.50
1773.32998,1773,Mycobacterium tuberculosis,SAMEA7525708,121,4317966,1.00
1773.32996,1773,Mycobacterium tuberculosis,SAMEA7525709,146,4315320,1.00
1773.33013,1773,Mycobacterium tuberculosis,SAMEA7525710,128,4327648,0.5
1773.33012,1773,Mycobacterium tuberculosis,SAMEA7525712,130,4319976,0.25
1773.33014,1773,Mycobacterium tuberculosis,SAMEA7525713,127,4338907,1
1773.33016,1773,Mycobacterium tuberculosis,SAMEA7525714,136,4305347,0.5
1773.33015,1773,Mycobacterium tuberculosis,SAMEA7525715,131,4318078,0.50
1773.33021,1773,Mycobacterium tuberculosis,SAMEA7525717,141,4288778,0.5
1773.33022,1773,Mycobacterium tuberculosis,SAMEA7525718,142,4338657,0.25
1773.33019,1773,Mycobacterium tuberculosis,SAMEA7525719,140,4323099,0.5
1773.33018,1773,Mycobacterium tuberculosis,SAMEA7525720,143,4308055,4.00
1773.33024,1773,Mycobacterium tuberculosis,SAMEA7525721,134,4302680,0.50
1773.33023,1773,Mycobacterium tuberculosis,SAMEA7525722,149,4318394,0.50
1773.33017,1773,Mycobacterium tuberculosis,SAMEA7525723,132,4330271,0.5
1773.33020,1773,Mycobacterium tuberculosis,SAMEA7525725,144,4300342,1
1773.33026,1773,Mycobacterium tuberculosis,SAMEA7525727,145,4307049,0.5
1773.33027,1773,Mycobacterium tuberculosis,SAMEA7525728,149,4312933,0.50
1773.33025,1773,Mycobacterium tuberculosis,SAMEA7525729,130,4319809,0.5
1773.33028,1773,Mycobacterium tuberculosis,SAMEA7525730,131,4331857,0.5
1773.33031,1773,Mycobacterium tuberculosis,SAMEA7525731,145,4344259,0.5
1773.33033,1773,Mycobacterium tuberculosis,SAMEA7525732,131,4316178,1
1773.33032,1773,Mycobacterium tuberculosis,SAMEA7525733,145,4312803,2
1773.33034,1773,Mycobacterium tuberculosis,SAMEA7525736,144,4323505,0.5
1773.33030,1773,Mycobacterium tuberculosis,SAMEA7525739,125,4321795,0.5
1773.33035,1773,Mycobacterium tuberculosis,SAMEA7525740,134,4339134,1
1773.33029,1773,Mycobacterium tuberculosis,SAMEA7525741,151,4272078,0.50
1773.33036,1773,Mycobacterium tuberculosis,SAMEA7525742,131,4310988,1
1773.33037,1773,Mycobacterium tuberculosis,SAMEA7525744,130,4331865,0.5
1773.33038,1773,Mycobacterium tuberculosis,SAMEA7525745,136,4312399,0.25
1773.33039,1773,Mycobacterium tuberculosis,SAMEA7525746,134,4305906,0.25
1773.33040,1773,Mycobacterium tuberculosis,SAMEA7525747,129,4305585,0.5
1773.33041,1773,Mycobacterium tuberculosis,SAMEA7525749,133,4316176,0.5
1773.33042,1773,Mycobacterium tuberculosis,SAMEA7525751,146,4285047,0.03
1773.33043,1773,Mycobacterium tuberculosis,SAMEA7525753,150,4296561,0.50
1773.33044,1773,Mycobacterium tuberculosis,SAMEA7525755,147,4298339,0.125
1773.33045,1773,Mycobacterium tuberculosis,SAMEA7525757,128,4321222,1.00
1773.33046,1773,Mycobacterium tuberculosis,SAMEA7525760,140,4334523,0.50
1773.33047,1773,Mycobacterium tuberculosis,SAMEA7525761,135,4334865,0.5
1773.33048,1773,Mycobacterium tuberculosis,SAMEA7525762,141,4314986,0.5
1773.33050,1773,Mycobacterium tuberculosis,SAMEA7525764,143,4311447,1
1773.33049,1773,Mycobacterium tuberculosis,SAMEA7525765,139,4321709,1
1773.33052,1773,Mycobacterium tuberculosis,SAMEA7525766,147,4306615,0.25
1773.33051,1773,Mycobacterium tuberculosis,SAMEA7525767,162,4284250,0.5
1773.33055,1773,Mycobacterium tuberculosis,SAMEA7525768,135,4298886,0.25
1773.33056,1773,Mycobacterium tuberculosis,SAMEA7525769,140,4310230,0.50
1773.33053,1773,Mycobacterium tuberculosis,SAMEA7525770,141,4299071,0.5
1773.33054,1773,Mycobacterium tuberculosis,SAMEA7525771,135,4303571,0.5
1773.33058,1773,Mycobacterium tuberculosis,SAMEA7525773,123,4358188,0.5
1773.33057,1773,Mycobacterium tuberculosis,SAMEA7525774,95,4367455,1.00
1773.33059,1773,Mycobacterium tuberculosis,SAMEA7525775,98,4364875,0.5
1773.33060,1773,Mycobacterium tuberculosis,SAMEA7525776,139,4349188,0.25
1773.33064,1773,Mycobacterium tuberculosis,SAMEA7525777,87,4351361,0.5
1773.33062,1773,Mycobacterium tuberculosis,SAMEA7525778,93,4361770,0.5
1773.33061,1773,Mycobacterium tuberculosis,SAMEA7525779,107,4342322,0.5
1773.43095,1773,Mycobacterium tuberculosis,SAMEA7525780,102,4344875,0.5
1773.33063,1773,Mycobacterium tuberculosis,SAMEA7525781,99,4369062,0.5
1773.33065,1773,Mycobacterium tuberculosis,SAMEA7525782,119,4342761,0.5
1773.33066,1773,Mycobacterium tuberculosis,SAMEA7525783,96,4350639,0.50
1773.33067,1773,Mycobacterium tuberculosis,SAMEA7525784,95,4371878,0.5
1773.33068,1773,Mycobacterium tuberculosis,SAMEA7525785,108,4346823,0.5
1773.33070,1773,Mycobacterium tuberculosis,SAMEA7525786,103,4345334,0.50
1773.33071,1773,Mycobacterium tuberculosis,SAMEA7525787,99,4364288,0.50
1773.33069,1773,Mycobacterium tuberculosis,SAMEA7525788,95,4366166,0.50
1773.33072,1773,Mycobacterium tuberculosis,SAMEA7525789,101,4344556,1.00
1773.33074,1773,Mycobacterium tuberculosis,SAMEA7525790,140,4318609,0.50
1773.33075,1773,Mycobacterium tuberculosis,SAMEA7525791,106,4362271,1.00
1773.33073,1773,Mycobacterium tuberculosis,SAMEA7525792,125,4345150,0.5
1773.33077,1773,Mycobacterium tuberculosis,SAMEA7525793,105,4343007,0.50
1773.33079,1773,Mycobacterium tuberculosis,SAMEA7525794,164,4301956,0.5
1773.33078,1773,Mycobacterium tuberculosis,SAMEA7525795,116,4369800,0.125
1773.33076,1773,Mycobacterium tuberculosis,SAMEA7525797,147,4346777,0.50
1773.33080,1773,Mycobacterium tuberculosis,SAMEA7525798,88,4376508,1
1773.33081,1773,Mycobacterium tuberculosis,SAMEA7525799,105,4340983,0.5
1773.33082,1773,Mycobacterium tuberculosis,SAMEA7525800,142,4345633,0.5
1773.33083,1773,Mycobacterium tuberculosis,SAMEA7525801,138,4346965,0.5
1773.33084,1773,Mycobacterium tuberculosis,SAMEA7525802,202,4313228,0.5
1773.33086,1773,Mycobacterium tuberculosis,SAMEA7525803,116,4319169,0.25
1773.33085,1773,Mycobacterium tuberculosis,SAMEA7525805,129,4326610,0.50
1773.33090,1773,Mycobacterium tuberculosis,SAMEA7525811,111,4333567,0.5
1773.33092,1773,Mycobacterium tuberculosis,SAMEA7525812,130,4332669,0.5
1773.33089,1773,Mycobacterium tuberculosis,SAMEA7525814,100,4356926,0.06
1773.33091,1773,Mycobacterium tuberculosis,SAMEA7525815,92,4345790,0.50
1773.33088,1773,Mycobacterium tuberculosis,SAMEA7525816,90,4372891,0.5
1773.33087,1773,Mycobacterium tuberculosis,SAMEA7525817,101,4312995,0.06
1773.33096,1773,Mycobacterium tuberculosis,SAMEA7525818,134,4314756,0.06
1773.33099,1773,Mycobacterium tuberculosis,SAMEA7525819,124,4338318,0.5
1773.33097,1773,Mycobacterium tuberculosis,SAMEA7525820,112,4326834,0.5
1773.33098,1773,Mycobacterium tuberculosis,SAMEA7525821,92,4348571,0.25
1773.33095,1773,Mycobacterium tuberculosis,SAMEA7525822,103,4368554,0.50
1773.33094,1773,Mycobacterium tuberculosis,SAMEA7525823,93,4357720,0.06
1773.33093,1773,Mycobacterium tuberculosis,SAMEA7525829,108,4353314,0.5
1773.33103,1773,Mycobacterium tuberculosis,SAMEA7525830,97,4349237,0.25
1773.33105,1773,Mycobacterium tuberculosis,SAMEA7525831,95,4355079,0.5
1773.33102,1773,Mycobacterium tuberculosis,SAMEA7525832,95,4374082,1
1773.33100,1773,Mycobacterium tuberculosis,SAMEA7525833,84,4377240,0.12
1773.33104,1773,Mycobacterium tuberculosis,SAMEA7525837,89,4343395,0.5
1773.33101,1773,Mycobacterium tuberculosis,SAMEA7525838,106,4339925,0.12
1773.33106,1773,Mycobacterium tuberculosis,SAMEA7525839,90,4367309,0.5
1773.33107,1773,Mycobacterium tuberculosis,SAMEA7525840,127,4323270,0.5
1773.33108,1773,Mycobacterium tuberculosis,SAMEA7525841,110,4338779,0.25
1773.33109,1773,Mycobacterium tuberculosis,SAMEA7525842,89,4360639,0.5
1773.33110,1773,Mycobacterium tuberculosis,SAMEA7525843,113,4363791,0.5
1773.33112,1773,Mycobacterium tuberculosis,SAMEA7525844,104,4349111,0.5
1773.33113,1773,Mycobacterium tuberculosis,SAMEA7525846,96,4350567,0.5
1773.33111,1773,Mycobacterium tuberculosis,SAMEA7525847,94,4375983,0.12
1773.33114,1773,Mycobacterium tuberculosis,SAMEA7525848,88,4358346,0.5
1773.33115,1773,Mycobacterium tuberculosis,SAMEA7525850,138,4315213,1
1773.33116,1773,Mycobacterium tuberculosis,SAMEA7525851,127,4322990,0.125
1773.33117,1773,Mycobacterium tuberculosis,SAMEA7525852,103,4346563,0.125
1773.33118,1773,Mycobacterium tuberculosis,SAMEA7525853,105,4347189,0.50
1773.33119,1773,Mycobacterium tuberculosis,SAMEA7525854,93,4365069,0.5
1773.33121,1773,Mycobacterium tuberculosis,SAMEA7525855,89,4380202,0.25
1773.33120,1773,Mycobacterium tuberculosis,SAMEA7525856,102,4350104,0.03
1773.33122,1773,Mycobacterium tuberculosis,SAMEA7525858,91,4282975,0.50
1773.33123,1773,Mycobacterium tuberculosis,SAMEA7525859,105,4348123,1.00
1773.33124,1773,Mycobacterium tuberculosis,SAMEA7525861,82,4367103,0.25
1773.33127,1773,Mycobacterium tuberculosis,SAMEA7525863,103,4350291,0.03
1773.33126,1773,Mycobacterium tuberculosis,SAMEA7525864,96,4349015,0.5
1773.33125,1773,Mycobacterium tuberculosis,SAMEA7525865,87,4381357,2
1773.33128,1773,Mycobacterium tuberculosis,SAMEA7525866,92,4346327,0.50
1773.33129,1773,Mycobacterium tuberculosis,SAMEA7525867,99,4382574,0.5
1773.33130,1773,Mycobacterium tuberculosis,SAMEA7525868,91,4382143,0.25
1773.33131,1773,Mycobacterium tuberculosis,SAMEA7525869,126,4331844,1.00
1773.33133,1773,Mycobacterium tuberculosis,SAMEA7525870,96,4348246,0.5
1773.33132,1773,Mycobacterium tuberculosis,SAMEA7525871,98,4343396,0.25
1773.33135,1773,Mycobacterium tuberculosis,SAMEA7525872,105,4342292,0.125
1773.33134,1773,Mycobacterium tuberculosis,SAMEA7525873,116,4347424,0.5
1773.33140,1773,Mycobacterium tuberculosis,SAMEA7525874,125,4301346,0.25
1773.33139,1773,Mycobacterium tuberculosis,SAMEA7525875,98,4347151,0.50
1773.33141,1773,Mycobacterium tuberculosis,SAMEA7525876,100,4366911,0.25
1773.33137,1773,Mycobacterium tuberculosis,SAMEA7525877,103,4363698,0.25
1773.33136,1773,Mycobacterium tuberculosis,SAMEA7525878,138,4317021,0.25
1773.33138,1773,Mycobacterium tuberculosis,SAMEA7525879,97,4381142,0.5
1773.33144,1773,Mycobacterium tuberculosis,SAMEA7525880,125,4324542,0.25
1773.33143,1773,Mycobacterium tuberculosis,SAMEA7525882,108,4343260,0.03
1773.33142,1773,Mycobacterium tuberculosis,SAMEA7525883,106,4347448,0.25
1773.33146,1773,Mycobacterium tuberculosis,SAMEA7525884,79,4383073,1
1773.33145,1773,Mycobacterium tuberculosis,SAMEA7525885,122,4318392,0.25
1773.33147,1773,Mycobacterium tuberculosis,SAMEA7525886,112,4338152,0.12
1773.33148,1773,Mycobacterium tuberculosis,SAMEA7525887,113,4327422,1
1773.33149,1773,Mycobacterium tuberculosis,SAMEA7525888,86,4350771,0.5
1773.33150,1773,Mycobacterium tuberculosis,SAMEA7525889,98,4343415,0.25
1773.33151,1773,Mycobacterium tuberculosis,SAMEA7525891,189,4299502,0.06
1773.33152,1773,Mycobacterium tuberculosis,SAMEA7525892,110,4339280,0.50
1773.33154,1773,Mycobacterium tuberculosis,SAMEA7525894,96,4375858,0.06
1773.33155,1773,Mycobacterium tuberculosis,SAMEA7525895,108,4344090,0.5
1773.33153,1773,Mycobacterium tuberculosis,SAMEA7525896,133,4317130,0.125
1773.33156,1773,Mycobacterium tuberculosis,SAMEA7525897,112,4339189,0.12
1773.33159,1773,Mycobacterium tuberculosis,SAMEA7525898,77,4365119,0.5
1773.41701,1773,Mycobacterium tuberculosis,SAMEA7525900,34,4933299,1
1773.33157,1773,Mycobacterium tuberculosis,SAMEA7525901,102,4380626,0.50
1773.33161,1773,Mycobacterium tuberculosis,SAMEA7525903,118,4316639,0.06
1773.33160,1773,Mycobacterium tuberculosis,SAMEA7525904,139,4307735,0.25
1773.33164,1773,Mycobacterium tuberculosis,SAMEA7525905,104,4338818,0.125
1773.33163,1773,Mycobacterium tuberculosis,SAMEA7525906,87,4379035,0.125
1773.33162,1773,Mycobacterium tuberculosis,SAMEA7525908,115,4339524,0.5
1773.33165,1773,Mycobacterium tuberculosis,SAMEA7525910,79,4369251,0.125
1773.33168,1773,Mycobacterium tuberculosis,SAMEA7525911,100,4349942,0.50
1773.33169,1773,Mycobacterium tuberculosis,SAMEA7525912,96,4345606,2
1773.33167,1773,Mycobacterium tuberculosis,SAMEA7525913,82,4382928,0.5
1773.33173,1773,Mycobacterium tuberculosis,SAMEA7525914,98,4382588,0.25
1773.33171,1773,Mycobacterium tuberculosis,SAMEA7525915,106,4347962,1
1773.33172,1773,Mycobacterium tuberculosis,SAMEA7525916,85,4343289,1
1773.33170,1773,Mycobacterium tuberculosis,SAMEA7525917,81,4386400,0.12
1773.33166,1773,Mycobacterium tuberculosis,SAMEA7525919,114,4364612,0.25
1773.33175,1773,Mycobacterium tuberculosis,SAMEA7525920,92,4365718,0.5
1773.33174,1773,Mycobacterium tuberculosis,SAMEA7525923,100,4342957,1
1773.33176,1773,Mycobacterium tuberculosis,SAMEA7525924,219,4290973,0.50
1773.33177,1773,Mycobacterium tuberculosis,SAMEA7525925,87,4363991,0.25
1773.33181,1773,Mycobacterium tuberculosis,SAMEA7525929,93,4390138,0.125
1773.33178,1773,Mycobacterium tuberculosis,SAMEA7525930,102,4346170,0.5
1773.33180,1773,Mycobacterium tuberculosis,SAMEA7525931,90,4340730,0.125
1773.33179,1773,Mycobacterium tuberculosis,SAMEA7525933,90,4377603,0.50
1773.33182,1773,Mycobacterium tuberculosis,SAMEA7525934,133,4323162,0.25
1773.33186,1773,Mycobacterium tuberculosis,SAMEA7525935,96,4381855,1
1773.33184,1773,Mycobacterium tuberculosis,SAMEA7525936,118,4347324,0.125
1773.33185,1773,Mycobacterium tuberculosis,SAMEA7525937,116,4340453,0.5
1773.33183,1773,Mycobacterium tuberculosis,SAMEA7525938,102,4299088,0.5
1773.33187,1773,Mycobacterium tuberculosis,SAMEA7525940,94,4345347,0.5
1773.33188,1773,Mycobacterium tuberculosis,SAMEA7525941,149,4316400,0.06
1773.33189,1773,Mycobacterium tuberculosis,SAMEA7525942,128,4321067,0.25
1773.33205,1773,Mycobacterium tuberculosis,SAMEA7525943,140,4320921,0.5
1773.33202,1773,Mycobacterium tuberculosis,SAMEA7525944,99,4356490,0.125
1773.33199,1773,Mycobacterium tuberculosis,SAMEA7525945,98,4345734,0.125
1773.33200,1773,Mycobacterium tuberculosis,SAMEA7525946,96,4339931,0.12
1773.33204,1773,Mycobacterium tuberculosis,SAMEA7525947,137,4325460,0.12
1773.33203,1773,Mycobacterium tuberculosis,SAMEA7525948,78,4378911,1
1773.33191,1773,Mycobacterium tuberculosis,SAMEA7525950,97,4344791,0.5
1773.33194,1773,Mycobacterium tuberculosis,SAMEA7525951,103,4342663,0.5
1773.33192,1773,Mycobacterium tuberculosis,SAMEA7525952,126,4321377,0.5
1773.33193,1773,Mycobacterium tuberculosis,SAMEA7525954,107,4376782,0.06
1773.33190,1773,Mycobacterium tuberculosis,SAMEA7525955,89,4375843,0.12
1773.33197,1773,Mycobacterium tuberculosis,SAMEA7525956,98,4348590,0.125
1773.33198,1773,Mycobacterium tuberculosis,SAMEA7525957,104,4337646,1
1773.33201,1773,Mycobacterium tuberculosis,SAMEA7525959,99,4338368,0.06
1773.33195,1773,Mycobacterium tuberculosis,SAMEA7525960,127,4340345,0.5
1773.33196,1773,Mycobacterium tuberculosis,SAMEA7525963,110,4348172,0.5
1773.33209,1773,Mycobacterium tuberculosis,SAMEA7525964,143,4310458,0.5
1773.33265,1773,Mycobacterium tuberculosis,SAMEA7525965,81,4384357,0.50
1773.33212,1773,Mycobacterium tuberculosis,SAMEA7525966,119,4350949,0.25
1773.33211,1773,Mycobacterium tuberculosis,SAMEA7525967,104,4377715,0.5
1773.33213,1773,Mycobacterium tuberculosis,SAMEA7525969,113,4343999,0.50
1773.33208,1773,Mycobacterium tuberculosis,SAMEA7525970,105,4341950,1
1773.33210,1773,Mycobacterium tuberculosis,SAMEA7525971,100,4344833,1
1773.33207,1773,Mycobacterium tuberculosis,SAMEA7525972,84,4309499,0.12
1773.33206,1773,Mycobacterium tuberculosis,SAMEA7525973,130,4297816,1
1773.33214,1773,Mycobacterium tuberculosis,SAMEA7525974,99,4364480,0.50
1773.33217,1773,Mycobacterium tuberculosis,SAMEA7525975,86,4380870,0.125
1773.33216,1773,Mycobacterium tuberculosis,SAMEA7525976,106,4312734,0.5
1773.33215,1773,Mycobacterium tuberculosis,SAMEA7525979,114,4285197,0.5
1773.33218,1773,Mycobacterium tuberculosis,SAMEA7525981,95,4365703,0.5
1773.33219,1773,Mycobacterium tuberculosis,SAMEA7525983,117,4319595,0.25
1773.33221,1773,Mycobacterium tuberculosis,SAMEA7525984,116,4350855,0.50
1773.33223,1773,Mycobacterium tuberculosis,SAMEA7525985,73,4378515,1
1773.33222,1773,Mycobacterium tuberculosis,SAMEA7525986,87,4368638,0.25
1773.33220,1773,Mycobacterium tuberculosis,SAMEA7525987,93,4371713,1
1773.33224,1773,Mycobacterium tuberculosis,SAMEA7525988,137,4367105,0.25
1773.33225,1773,Mycobacterium tuberculosis,SAMEA7525989,99,4341626,0.06
1773.33226,1773,Mycobacterium tuberculosis,SAMEA7525991,137,4340095,0.06
1773.33228,1773,Mycobacterium tuberculosis,SAMEA7525992,111,4321850,0.25
1773.33227,1773,Mycobacterium tuberculosis,SAMEA7525993,121,4308270,0.5
1773.33230,1773,Mycobacterium tuberculosis,SAMEA7525996,97,4347283,0.50
1773.33229,1773,Mycobacterium tuberculosis,SAMEA7525997,102,4370028,1
1773.33234,1773,Mycobacterium tuberculosis,SAMEA7525999,104,4371466,0.50
1773.33231,1773,Mycobacterium tuberculosis,SAMEA7526000,125,4344203,0.5
1773.33233,1773,Mycobacterium tuberculosis,SAMEA7526001,121,4350263,0.06
1773.33232,1773,Mycobacterium tuberculosis,SAMEA7526003,120,4333971,0.25
1773.33235,1773,Mycobacterium tuberculosis,SAMEA7526005,122,4352544,0.125
1773.33236,1773,Mycobacterium tuberculosis,SAMEA7526006,138,4325594,0.12
1773.33242,1773,Mycobacterium tuberculosis,SAMEA7526007,97,4265655,0.03
1773.33243,1773,Mycobacterium tuberculosis,SAMEA7526009,114,4340194,4.00
1773.33241,1773,Mycobacterium tuberculosis,SAMEA7526011,84,4373710,0.12
1773.33240,1773,Mycobacterium tuberculosis,SAMEA7526012,103,4361003,0.50
1773.33271,1773,Mycobacterium tuberculosis,SAMEA7526013,119,4332738,0.12
1773.33237,1773,Mycobacterium tuberculosis,SAMEA7526014,90,4373383,0.125
1773.33239,1773,Mycobacterium tuberculosis,SAMEA7526015,123,4330535,0.5
1773.33238,1773,Mycobacterium tuberculosis,SAMEA7526016,73,4360347,0.25
1773.33245,1773,Mycobacterium tuberculosis,SAMEA7526017,87,4382287,0.06
1773.33247,1773,Mycobacterium tuberculosis,SAMEA7526018,108,4372763,0.03
1773.33246,1773,Mycobacterium tuberculosis,SAMEA7526019,100,4343459,0.50
1773.33244,1773,Mycobacterium tuberculosis,SAMEA7526020,83,4346373,0.06
1773.33248,1773,Mycobacterium tuberculosis,SAMEA7526022,113,4355128,0.03
1773.33249,1773,Mycobacterium tuberculosis,SAMEA7526023,80,4377706,0.25
1773.33250,1773,Mycobacterium tuberculosis,SAMEA7526024,80,4380551,0.06
1773.33251,1773,Mycobacterium tuberculosis,SAMEA7526026,121,4333993,0.5
1773.33252,1773,Mycobacterium tuberculosis,SAMEA7526027,81,4370848,0.125
1773.33253,1773,Mycobacterium tuberculosis,SAMEA7526028,123,4323029,1
1773.33254,1773,Mycobacterium tuberculosis,SAMEA7526029,105,4339116,0.06
1773.33257,1773,Mycobacterium tuberculosis,SAMEA7526030,121,4339090,0.12
1773.33259,1773,Mycobacterium tuberculosis,SAMEA7526031,88,4367917,0.125
1773.33260,1773,Mycobacterium tuberculosis,SAMEA7526032,136,4313611,0.25
1773.33261,1773,Mycobacterium tuberculosis,SAMEA7526033,90,4380642,0.5
1773.33255,1773,Mycobacterium tuberculosis,SAMEA7526034,137,4312944,0.06
1773.33258,1773,Mycobacterium tuberculosis,SAMEA7526035,90,4368940,0.5
1773.33256,1773,Mycobacterium tuberculosis,SAMEA7526036,132,4328367,0.50
1773.33262,1773,Mycobacterium tuberculosis,SAMEA7526037,78,4355836,0.5
1773.33263,1773,Mycobacterium tuberculosis,SAMEA7526038,88,4388366,0.06
1773.43098,1773,Mycobacterium tuberculosis,SAMEA7526039,136,4355731,0.25
1773.33264,1773,Mycobacterium tuberculosis,SAMEA7526040,129,4316459,0.25
1773.33266,1773,Mycobacterium tuberculosis,SAMEA7526041,95,4343822,0.06
1773.33267,1773,Mycobacterium tuberculosis,SAMEA7526042,93,4363447,0.06
1773.33268,1773,Mycobacterium tuberculosis,SAMEA7526043,102,4348239,0.06
1773.33270,1773,Mycobacterium tuberculosis,SAMEA7526045,141,4348537,0.50
1773.33269,1773,Mycobacterium tuberculosis,SAMEA7526046,137,4311192,0.125
1773.33273,1773,Mycobacterium tuberculosis,SAMEA7526047,119,4366261,0.06
1773.33272,1773,Mycobacterium tuberculosis,SAMEA7526048,108,4275908,0.25
1773.33274,1773,Mycobacterium tuberculosis,SAMEA7526049,144,4317242,0.125
1773.33275,1773,Mycobacterium tuberculosis,SAMEA7526050,99,4350461,0.06
1773.33276,1773,Mycobacterium tuberculosis,SAMEA7526051,100,4367854,0.5
1773.33283,1773,Mycobacterium tuberculosis,SAMEA7526052,143,4318218,0.5
1773.33282,1773,Mycobacterium tuberculosis,SAMEA7526053,131,4342053,0.125
1773.33281,1773,Mycobacterium tuberculosis,SAMEA7526054,132,4341956,0.25
1773.33278,1773,Mycobacterium tuberculosis,SAMEA7526055,118,4328859,0.06
1773.33279,1773,Mycobacterium tuberculosis,SAMEA7526056,105,4355286,0.5
1773.33277,1773,Mycobacterium tuberculosis,SAMEA7526057,103,4347139,0.03
1773.33280,1773,Mycobacterium tuberculosis,SAMEA7526058,101,4348371,0.125
1773.33284,1773,Mycobacterium tuberculosis,SAMEA7526059,123,4339981,0.12
1773.33285,1773,Mycobacterium tuberculosis,SAMEA7526060,107,4363121,0.50
1773.33286,1773,Mycobacterium tuberculosis,SAMEA7526061,105,4335768,0.5
1773.33287,1773,Mycobacterium tuberculosis,SAMEA7526063,116,4327277,0.125
1773.33291,1773,Mycobacterium tuberculosis,SAMEA7526064,113,4362359,0.5
1773.33288,1773,Mycobacterium tuberculosis,SAMEA7526066,108,4341351,0.125
1773.33289,1773,Mycobacterium tuberculosis,SAMEA7526067,132,4336811,0.12
1773.33290,1773,Mycobacterium tuberculosis,SAMEA7526068,145,4295537,0.25
1773.33294,1773,Mycobacterium tuberculosis,SAMEA7526070,154,4285049,0.12
1773.33295,1773,Mycobacterium tuberculosis,SAMEA7526072,129,4311773,0.5
1773.33293,1773,Mycobacterium tuberculosis,SAMEA7526073,108,4320323,0.25
1773.33292,1773,Mycobacterium tuberculosis,SAMEA7526074,141,4337800,0.25
1773.33298,1773,Mycobacterium tuberculosis,SAMEA7526075,144,4307276,0.12
1773.33297,1773,Mycobacterium tuberculosis,SAMEA7526076,99,4344729,0.125
1773.33296,1773,Mycobacterium tuberculosis,SAMEA7526078,133,4333218,0.06
1773.33299,1773,Mycobacterium tuberculosis,SAMEA7526079,145,4315270,0.06
1773.33301,1773,Mycobacterium tuberculosis,SAMEA7526081,76,4364549,0.25
1773.33300,1773,Mycobacterium tuberculosis,SAMEA7526082,105,4318826,0.03
1773.33302,1773,Mycobacterium tuberculosis,SAMEA7526083,132,4334539,0.125
1773.33303,1773,Mycobacterium tuberculosis,SAMEA7526084,132,4333826,0.03
1773.33304,1773,Mycobacterium tuberculosis,SAMEA7526085,79,4377377,0.06
1773.33308,1773,Mycobacterium tuberculosis,SAMEA7526086,82,4300436,0.03
1773.33307,1773,Mycobacterium tuberculosis,SAMEA7526087,113,4347476,0.06
1773.33305,1773,Mycobacterium tuberculosis,SAMEA7526088,128,4338383,0.125
1773.33306,1773,Mycobacterium tuberculosis,SAMEA7526089,105,4345994,0.25
1773.33309,1773,Mycobacterium tuberculosis,SAMEA7526090,136,4346238,0.03
1773.33310,1773,Mycobacterium tuberculosis,SAMEA7526091,132,4315962,0.5
1773.33311,1773,Mycobacterium tuberculosis,SAMEA7526092,89,4369241,0.125
1773.33312,1773,Mycobacterium tuberculosis,SAMEA7526093,125,4341194,0.50
1773.33313,1773,Mycobacterium tuberculosis,SAMEA7526094,134,4361944,0.25
1773.33314,1773,Mycobacterium tuberculosis,SAMEA7526095,86,4346979,0.50
1773.33315,1773,Mycobacterium tuberculosis,SAMEA7526096,92,4349520,0.06
1773.33316,1773,Mycobacterium tuberculosis,SAMEA7526097,129,4315786,0.25
1773.33318,1773,Mycobacterium tuberculosis,SAMEA7526098,127,4320870,0.5
1773.33317,1773,Mycobacterium tuberculosis,SAMEA7526099,98,4363102,0.25
1773.33319,1773,Mycobacterium tuberculosis,SAMEA7526100,144,4327776,0.06
1773.33320,1773,Mycobacterium tuberculosis,SAMEA7526101,117,4329600,0.06
1773.33322,1773,Mycobacterium tuberculosis,SAMEA7526102,89,4345797,0.06
1773.33321,1773,Mycobacterium tuberculosis,SAMEA7526103,107,4369952,0.5
1773.33323,1773,Mycobacterium tuberculosis,SAMEA7526104,144,4305033,0.12
1773.33325,1773,Mycobacterium tuberculosis,SAMEA7526106,90,4345450,0.06
1773.33324,1773,Mycobacterium tuberculosis,SAMEA7526107,87,4346149,0.5
1773.33326,1773,Mycobacterium tuberculosis,SAMEA7526108,148,4312577,0.50
1773.33327,1773,Mycobacterium tuberculosis,SAMEA7526109,174,4246504,0.25
1773.33329,1773,Mycobacterium tuberculosis,SAMEA7526110,139,4362960,0.25
1773.33328,1773,Mycobacterium tuberculosis,SAMEA7526111,133,4315599,0.25
1773.33330,1773,Mycobacterium tuberculosis,SAMEA7526112,133,4339269,0.12
1773.33332,1773,Mycobacterium tuberculosis,SAMEA7526113,94,4344919,0.12
1773.33331,1773,Mycobacterium tuberculosis,SAMEA7526114,135,4322614,0.5
1773.33334,1773,Mycobacterium tuberculosis,SAMEA7526115,145,4328910,0.25
1773.33333,1773,Mycobacterium tuberculosis,SAMEA7526116,148,4312181,0.125
1773.33341,1773,Mycobacterium tuberculosis,SAMEA7526117,106,4338949,0.25
1773.33343,1773,Mycobacterium tuberculosis,SAMEA7526118,66,4367310,0.06
1773.33340,1773,Mycobacterium tuberculosis,SAMEA7526119,107,4362595,0.25
1773.43102,1773,Mycobacterium tuberculosis,SAMEA7526120,141,4345477,1
1773.33337,1773,Mycobacterium tuberculosis,SAMEA7526122,124,4356027,0.25
1773.43099,1773,Mycobacterium tuberculosis,SAMEA7526123,118,4352530,0.25
1773.33338,1773,Mycobacterium tuberculosis,SAMEA7526124,143,4301509,0.125
1773.33335,1773,Mycobacterium tuberculosis,SAMEA7526125,114,4360509,0.25
1773.33339,1773,Mycobacterium tuberculosis,SAMEA7526126,110,4343815,0.125
1773.43100,1773,Mycobacterium tuberculosis,SAMEA7526127,133,4308424,0.50
1773.33342,1773,Mycobacterium tuberculosis,SAMEA7526130,136,4343105,0.25
1773.33336,1773,Mycobacterium tuberculosis,SAMEA7526131,94,4347934,0.5
1773.33347,1773,Mycobacterium tuberculosis,SAMEA7526132,131,4340251,0.12
1773.33346,1773,Mycobacterium tuberculosis,SAMEA7526133,102,4344495,1
1773.33348,1773,Mycobacterium tuberculosis,SAMEA7526134,122,4367597,0.25
1773.33344,1773,Mycobacterium tuberculosis,SAMEA7526135,93,4356884,0.5
1773.33345,1773,Mycobacterium tuberculosis,SAMEA7526136,91,4375668,0.06
1773.33350,1773,Mycobacterium tuberculosis,SAMEA7526137,97,4342040,0.25
1773.33349,1773,Mycobacterium tuberculosis,SAMEA7526138,114,4325235,0.25
1773.33351,1773,Mycobacterium tuberculosis,SAMEA7526140,78,4381808,0.12
1773.33354,1773,Mycobacterium tuberculosis,SAMEA7526141,139,4359757,0.5
1773.33353,1773,Mycobacterium tuberculosis,SAMEA7526142,91,4364535,1
1773.33352,1773,Mycobacterium tuberculosis,SAMEA7526143,103,4345622,0.125
1773.33356,1773,Mycobacterium tuberculosis,SAMEA7526144,127,4372855,0.25
1773.33362,1773,Mycobacterium tuberculosis,SAMEA7526145,124,4325316,0.5
1773.33359,1773,Mycobacterium tuberculosis,SAMEA7526146,76,4349615,0.06
1773.33360,1773,Mycobacterium tuberculosis,SAMEA7526147,87,4344954,0.06
1773.33358,1773,Mycobacterium tuberculosis,SAMEA7526150,80,4378388,0.125
1773.33361,1773,Mycobacterium tuberculosis,SAMEA7526151,143,4312022,0.06
1773.33357,1773,Mycobacterium tuberculosis,SAMEA7526153,99,4329887,0.125
1773.33355,1773,Mycobacterium tuberculosis,SAMEA7526154,180,4340626,0.5
1773.33363,1773,Mycobacterium tuberculosis,SAMEA7526155,143,4323897,0.125
1773.33364,1773,Mycobacterium tuberculosis,SAMEA7526156,127,4339692,2
1773.33365,1773,Mycobacterium tuberculosis,SAMEA7526157,140,4341729,0.12
1773.33367,1773,Mycobacterium tuberculosis,SAMEA7526158,121,4326728,0.125
1773.33366,1773,Mycobacterium tuberculosis,SAMEA7526160,80,4344570,0.5
1773.33370,1773,Mycobacterium tuberculosis,SAMEA7526162,143,4349501,0.5
1773.33369,1773,Mycobacterium tuberculosis,SAMEA7526163,137,4306302,0.06
1773.43103,1773,Mycobacterium tuberculosis,SAMEA7526164,104,4358905,1
1773.33368,1773,Mycobacterium tuberculosis,SAMEA7526165,87,4367166,0.5
1773.33374,1773,Mycobacterium tuberculosis,SAMEA7526166,117,4282150,0.125
1773.33372,1773,Mycobacterium tuberculosis,SAMEA7526167,135,4318532,0.12
1773.33371,1773,Mycobacterium tuberculosis,SAMEA7526168,85,4370386,0.25
1773.33373,1773,Mycobacterium tuberculosis,SAMEA7526169,132,4313631,0.25
1773.33376,1773,Mycobacterium tuberculosis,SAMEA7526170,118,4310869,0.12
1773.43101,1773,Mycobacterium tuberculosis,SAMEA7526172,131,4300585,0.25
1773.33377,1773,Mycobacterium tuberculosis,SAMEA7526173,134,4312877,0.25
1773.33375,1773,Mycobacterium tuberculosis,SAMEA7526175,110,4312520,0.50
1773.33379,1773,Mycobacterium tuberculosis,SAMEA7526176,128,4321315,0.25
1773.33378,1773,Mycobacterium tuberculosis,SAMEA7526178,79,4357770,0.12
1773.33383,1773,Mycobacterium tuberculosis,SAMEA7526179,76,4380835,0.06
1773.33384,1773,Mycobacterium tuberculosis,SAMEA7526180,71,4359217,0.25
1773.33381,1773,Mycobacterium tuberculosis,SAMEA7526182,100,4374021,0.06
1773.33382,1773,Mycobacterium tuberculosis,SAMEA7526183,124,4311821,0.5
1773.33380,1773,Mycobacterium tuberculosis,SAMEA7526186,99,4338486,0.5
1773.33388,1773,Mycobacterium tuberculosis,SAMEA7526187,97,4349677,0.50
1773.33389,1773,Mycobacterium tuberculosis,SAMEA7526188,155,4323573,0.25
1773.33385,1773,Mycobacterium tuberculosis,SAMEA7526192,99,4344169,0.06
1773.33387,1773,Mycobacterium tuberculosis,SAMEA7526193,89,4377500,0.50
1773.33386,1773,Mycobacterium tuberculosis,SAMEA7526194,151,4298092,0.25
1773.33391,1773,Mycobacterium tuberculosis,SAMEA7526195,103,4350728,0.03
1773.33390,1773,Mycobacterium tuberculosis,SAMEA7526196,107,4381306,0.25
1773.33393,1773,Mycobacterium tuberculosis,SAMEA7526197,119,4371389,0.50
1773.33392,1773,Mycobacterium tuberculosis,SAMEA7526198,85,4348852,0.50
1773.33394,1773,Mycobacterium tuberculosis,SAMEA7526199,85,4381632,0.06
1773.33406,1773,Mycobacterium tuberculosis,SAMEA7526200,113,4310528,0.25
1773.33395,1773,Mycobacterium tuberculosis,SAMEA7526201,108,4351448,0.06
1773.33396,1773,Mycobacterium tuberculosis,SAMEA7526202,91,4346449,1
1773.33399,1773,Mycobacterium tuberculosis,SAMEA7526203,92,4348595,0.125
1773.33401,1773,Mycobacterium tuberculosis,SAMEA7526205,100,4347411,0.5
1773.33398,1773,Mycobacterium tuberculosis,SAMEA7526206,105,4346035,0.5
1773.33397,1773,Mycobacterium tuberculosis,SAMEA7526207,91,4351168,1.00
1773.33402,1773,Mycobacterium tuberculosis,SAMEA7526208,80,4358303,0.5
1773.33400,1773,Mycobacterium tuberculosis,SAMEA7526209,82,4374333,0.25
1773.33403,1773,Mycobacterium tuberculosis,SAMEA7526211,76,4367444,0.5
1773.33404,1773,Mycobacterium tuberculosis,SAMEA7526212,71,4373713,0.06
1773.33405,1773,Mycobacterium tuberculosis,SAMEA7526214,94,4361645,0.5
1773.33407,1773,Mycobacterium tuberculosis,SAMEA7526215,108,4345605,0.5
1773.33409,1773,Mycobacterium tuberculosis,SAMEA7526216,97,4346059,0.25
1773.33408,1773,Mycobacterium tuberculosis,SAMEA7526217,84,4374256,0.25
1773.33411,1773,Mycobacterium tuberculosis,SAMEA7526219,115,4368697,0.06
1773.33410,1773,Mycobacterium tuberculosis,SAMEA7526220,143,4346164,0.5
1773.33412,1773,Mycobacterium tuberculosis,SAMEA7526221,97,4347306,0.12
1773.33413,1773,Mycobacterium tuberculosis,SAMEA7526222,112,4324766,0.25
1773.33414,1773,Mycobacterium tuberculosis,SAMEA7526223,121,4333756,0.5
1773.33415,1773,Mycobacterium tuberculosis,SAMEA7526224,144,4298997,0.125
1773.33416,1773,Mycobacterium tuberculosis,SAMEA7526226,76,4361774,0.06
1773.33417,1773,Mycobacterium tuberculosis,SAMEA7526228,91,4372266,1
1773.33418,1773,Mycobacterium tuberculosis,SAMEA7526229,65,4362832,0.25
1773.33420,1773,Mycobacterium tuberculosis,SAMEA7526230,91,4375143,0.125
1773.33419,1773,Mycobacterium tuberculosis,SAMEA7526231,97,4343624,0.5
1773.33421,1773,Mycobacterium tuberculosis,SAMEA7526232,101,4346489,0.50
1773.33422,1773,Mycobacterium tuberculosis,SAMEA7526233,101,4350892,0.25
1773.33424,1773,Mycobacterium tuberculosis,SAMEA7526235,135,4305506,0.25
1773.33423,1773,Mycobacterium tuberculosis,SAMEA7526236,99,4343712,0.125
1773.33426,1773,Mycobacterium tuberculosis,SAMEA7526237,95,4371749,0.5
1773.33425,1773,Mycobacterium tuberculosis,SAMEA7526238,117,4366787,0.12
1773.33429,1773,Mycobacterium tuberculosis,SAMEA7526240,107,4366414,0.25
1773.33428,1773,Mycobacterium tuberculosis,SAMEA7526241,117,4339939,0.50
1773.33427,1773,Mycobacterium tuberculosis,SAMEA7526242,146,4291167,0.25
1773.33430,1773,Mycobacterium tuberculosis,SAMEA7526243,91,4356884,0.06
1773.33431,1773,Mycobacterium tuberculosis,SAMEA7526245,99,4349089,0.25
1773.33432,1773,Mycobacterium tuberculosis,SAMEA7526246,103,4346372,0.5
1773.33433,1773,Mycobacterium tuberculosis,SAMEA7526247,94,4367751,0.25
1773.33434,1773,Mycobacterium tuberculosis,SAMEA7526248,103,4332219,0.06
1773.33435,1773,Mycobacterium tuberculosis,SAMEA7526249,87,4345560,0.5
1773.33438,1773,Mycobacterium tuberculosis,SAMEA7526250,91,4347427,0.25
1773.33437,1773,Mycobacterium tuberculosis,SAMEA7526251,78,4371827,0.25
1773.33436,1773,Mycobacterium tuberculosis,SAMEA7526254,91,4359748,0.5
1773.33439,1773,Mycobacterium tuberculosis,SAMEA7526255,96,4345674,0.50
1773.33440,1773,Mycobacterium tuberculosis,SAMEA7526256,84,4371811,0.25
1773.33442,1773,Mycobacterium tuberculosis,SAMEA7526257,103,4344994,0.25
1773.33441,1773,Mycobacterium tuberculosis,SAMEA7526258,106,4316852,0.12
1773.33443,1773,Mycobacterium tuberculosis,SAMEA7526259,90,4382867,0.5
1773.33444,1773,Mycobacterium tuberculosis,SAMEA7526260,110,4360523,0.5
1773.33446,1773,Mycobacterium tuberculosis,SAMEA7526261,99,4367602,0.125
1773.33445,1773,Mycobacterium tuberculosis,SAMEA7526262,112,4366898,0.5
1773.33448,1773,Mycobacterium tuberculosis,SAMEA7526263,91,4350101,0.12
1773.33447,1773,Mycobacterium tuberculosis,SAMEA7526266,88,4369411,0.50
1773.33450,1773,Mycobacterium tuberculosis,SAMEA7526267,97,4373398,0.50
1773.33451,1773,Mycobacterium tuberculosis,SAMEA7526268,93,4346398,0.25
1773.33449,1773,Mycobacterium tuberculosis,SAMEA7526269,96,4374827,0.5
1773.33453,1773,Mycobacterium tuberculosis,SAMEA7526270,92,4344898,0.5
1773.33452,1773,Mycobacterium tuberculosis,SAMEA7526271,83,4383288,1
1773.33454,1773,Mycobacterium tuberculosis,SAMEA7526273,117,4356208,1
1773.33455,1773,Mycobacterium tuberculosis,SAMEA7526274,98,4372627,1.00
1773.33463,1773,Mycobacterium tuberculosis,SAMEA7526276,99,4373584,0.5
1773.33464,1773,Mycobacterium tuberculosis,SAMEA7526284,105,4341390,0.5
1773.33456,1773,Mycobacterium tuberculosis,SAMEA7526285,100,4346620,0.5
1773.33465,1773,Mycobacterium tuberculosis,SAMEA7526287,102,4338725,0.5
1773.33457,1773,Mycobacterium tuberculosis,SAMEA7526288,98,4346664,0.50
1773.33458,1773,Mycobacterium tuberculosis,SAMEA7526291,100,4344748,0.5
1773.33459,1773,Mycobacterium tuberculosis,SAMEA7526292,122,4376999,0.06
1773.33460,1773,Mycobacterium tuberculosis,SAMEA7526293,113,4338518,0.25
1773.33461,1773,Mycobacterium tuberculosis,SAMEA7526294,97,4369024,0.06
1773.33462,1773,Mycobacterium tuberculosis,SAMEA7526295,107,4345613,0.25
1773.33466,1773,Mycobacterium tuberculosis,SAMEA7526296,91,4362727,0.5
1773.33467,1773,Mycobacterium tuberculosis,SAMEA7526297,104,4353941,1
1773.33468,1773,Mycobacterium tuberculosis,SAMEA7526299,89,4359175,0.5
1773.33469,1773,Mycobacterium tuberculosis,SAMEA7526300,84,4365577,0.5
1773.33470,1773,Mycobacterium tuberculosis,SAMEA7526301,79,4369085,0.50
1773.33471,1773,Mycobacterium tuberculosis,SAMEA7526302,90,4380037,0.50
1773.33473,1773,Mycobacterium tuberculosis,SAMEA7526304,94,4344048,0.50
1773.33472,1773,Mycobacterium tuberculosis,SAMEA7526305,121,4367772,0.5
1773.33475,1773,Mycobacterium tuberculosis,SAMEA7526306,109,4346149,0.125
1773.33474,1773,Mycobacterium tuberculosis,SAMEA7526308,98,4354224,0.25
1773.33476,1773,Mycobacterium tuberculosis,SAMEA7526309,109,4368836,0.50
1773.33478,1773,Mycobacterium tuberculosis,SAMEA7526310,102,4362862,1.00
1773.33479,1773,Mycobacterium tuberculosis,SAMEA7526312,98,4347450,0.06
1773.33477,1773,Mycobacterium tuberculosis,SAMEA7526313,108,4359521,0.25
1773.33482,1773,Mycobacterium tuberculosis,SAMEA7526314,99,4373323,0.12
1773.33480,1773,Mycobacterium tuberculosis,SAMEA7526315,96,4346870,0.5
1773.33483,1773,Mycobacterium tuberculosis,SAMEA7526316,90,4344269,0.25
1773.33481,1773,Mycobacterium tuberculosis,SAMEA7526317,86,4379645,0.5
1773.33484,1773,Mycobacterium tuberculosis,SAMEA7526319,95,4384684,0.06
1773.33485,1773,Mycobacterium tuberculosis,SAMEA7526320,96,4374703,0.5
1773.33488,1773,Mycobacterium tuberculosis,SAMEA7526322,99,4369523,0.50
1773.33486,1773,Mycobacterium tuberculosis,SAMEA7526325,105,4348959,0.25
1773.33487,1773,Mycobacterium tuberculosis,SAMEA7526326,101,4366036,0.50
1773.33489,1773,Mycobacterium tuberculosis,SAMEA7526334,98,4361163,0.5
1773.33490,1773,Mycobacterium tuberculosis,SAMEA7526335,88,4385391,4.00
1773.33491,1773,Mycobacterium tuberculosis,SAMEA7526371,101,4351552,0.5
1773.33493,1773,Mycobacterium tuberculosis,SAMEA7526372,93,4379533,0.50
1773.33492,1773,Mycobacterium tuberculosis,SAMEA7526373,93,4349508,0.50
1773.33494,1773,Mycobacterium tuberculosis,SAMEA7526374,133,4314693,0.125
1773.33495,1773,Mycobacterium tuberculosis,SAMEA7526375,101,4376322,0.25
1773.33497,1773,Mycobacterium tuberculosis,SAMEA7526377,96,4343923,0.25
1773.33496,1773,Mycobacterium tuberculosis,SAMEA7526378,86,4362363,1.00
1773.33498,1773,Mycobacterium tuberculosis,SAMEA7526379,103,4341569,0.125
1773.33499,1773,Mycobacterium tuberculosis,SAMEA7526380,111,4345911,0.06
1773.33501,1773,Mycobacterium tuberculosis,SAMEA7526381,78,4359736,0.125
1773.33500,1773,Mycobacterium tuberculosis,SAMEA7526382,141,4299810,0.06
1773.33503,1773,Mycobacterium tuberculosis,SAMEA7526384,101,4343226,0.06
1773.33505,1773,Mycobacterium tuberculosis,SAMEA7526385,91,4373263,0.125
1773.33506,1773,Mycobacterium tuberculosis,SAMEA7526386,95,4368430,0.125
1773.33504,1773,Mycobacterium tuberculosis,SAMEA7526387,105,4346097,0.50
1773.33502,1773,Mycobacterium tuberculosis,SAMEA7526388,89,4363274,2
1773.33508,1773,Mycobacterium tuberculosis,SAMEA7526389,103,4342426,0.12
1773.33507,1773,Mycobacterium tuberculosis,SAMEA7526390,91,4363566,0.5
1773.33510,1773,Mycobacterium tuberculosis,SAMEA7526391,101,4376746,0.5
1773.33509,1773,Mycobacterium tuberculosis,SAMEA7526392,105,4383120,0.5
1773.33511,1773,Mycobacterium tuberculosis,SAMEA7526407,92,4355285,0.06
1773.33517,1773,Mycobacterium tuberculosis,SAMEA7526429,98,4346457,0.06
1773.33518,1773,Mycobacterium tuberculosis,SAMEA7526436,101,4346264,0.50
1773.33515,1773,Mycobacterium tuberculosis,SAMEA7526438,96,4344962,1
1773.33514,1773,Mycobacterium tuberculosis,SAMEA7526484,94,4358747,0.25
1773.33512,1773,Mycobacterium tuberculosis,SAMEA7526502,100,4363323,0.5
1773.33516,1773,Mycobacterium tuberculosis,SAMEA7526532,84,4347517,0.25
1773.33513,1773,Mycobacterium tuberculosis,SAMEA7526538,89,4385276,1
1773.33522,1773,Mycobacterium tuberculosis,SAMEA7526545,109,4342536,0.5
1773.33519,1773,Mycobacterium tuberculosis,SAMEA7526549,86,4371177,0.25
1773.33523,1773,Mycobacterium tuberculosis,SAMEA7526550,70,4357365,0.125
1773.33521,1773,Mycobacterium tuberculosis,SAMEA7526551,71,4358622,0.25
1773.33520,1773,Mycobacterium tuberculosis,SAMEA7526556,110,4339410,0.125
1773.33524,1773,Mycobacterium tuberculosis,SAMEA7526559,108,4367980,0.5
1773.33526,1773,Mycobacterium tuberculosis,SAMEA7526560,74,4377337,0.5
1773.33525,1773,Mycobacterium tuberculosis,SAMEA7526562,92,4344595,0.5
1773.33530,1773,Mycobacterium tuberculosis,SAMEA7526568,84,4367962,0.5
1773.33532,1773,Mycobacterium tuberculosis,SAMEA7526577,114,4348481,4.00
1773.33531,1773,Mycobacterium tuberculosis,SAMEA7526580,87,4381764,0.5
1773.33527,1773,Mycobacterium tuberculosis,SAMEA7526581,98,4348485,0.50
1773.33528,1773,Mycobacterium tuberculosis,SAMEA7526584,76,4383452,0.50
1773.33529,1773,Mycobacterium tuberculosis,SAMEA7526592,93,4376030,0.12
1773.33533,1773,Mycobacterium tuberculosis,SAMEA7526596,97,4371995,0.5
1773.33534,1773,Mycobacterium tuberculosis,SAMEA7526598,105,4350264,1
1773.33535,1773,Mycobacterium tuberculosis,SAMEA7526600,102,4344271,0.12
1773.33536,1773,Mycobacterium tuberculosis,SAMEA7526601,92,4369775,0.50
1773.33537,1773,Mycobacterium tuberculosis,SAMEA7526602,110,4346029,0.125
1773.33538,1773,Mycobacterium tuberculosis,SAMEA7526603,89,4328963,0.5
1773.33539,1773,Mycobacterium tuberculosis,SAMEA7526606,109,4345559,0.125
1773.33540,1773,Mycobacterium tuberculosis,SAMEA7526611,86,4337398,0.50
1773.33542,1773,Mycobacterium tuberculosis,SAMEA7526612,143,4334392,0.12
1773.33543,1773,Mycobacterium tuberculosis,SAMEA7526613,84,4373667,0.125
1773.33541,1773,Mycobacterium tuberculosis,SAMEA7526622,102,4348093,0.25
1773.33545,1773,Mycobacterium tuberculosis,SAMEA7526624,94,4347876,0.5
1773.33544,1773,Mycobacterium tuberculosis,SAMEA7526645,95,4363205,0.25
1773.33546,1773,Mycobacterium tuberculosis,SAMEA7526647,78,4368751,0.50
1773.33547,1773,Mycobacterium tuberculosis,SAMEA7526659,101,4374892,0.06
1773.33548,1773,Mycobacterium tuberculosis,SAMEA7526673,114,4329969,0.25
1773.33549,1773,Mycobacterium tuberculosis,SAMEA7526682,141,4300753,1
1773.33550,1773,Mycobacterium tuberculosis,SAMEA7526697,96,4343712,0.125
1773.33551,1773,Mycobacterium tuberculosis,SAMEA7526709,86,4368020,0.5
1773.33552,1773,Mycobacterium tuberculosis,SAMEA7526715,86,4365442,0.25
1773.6032,1773,Mycobacterium tuberculosis,SAMN05915256,5,4397833,0.25
1773.6136,1773,Mycobacterium tuberculosis,SAMN05918522,3,4396148,0.25
1773.8254,1773,Mycobacterium tuberculosis,SAMN05919557,5,4409384,0.25
1773.6295,1773,Mycobacterium tuberculosis,SAMN05919624,10,4394479,0.25
1773.6299,1773,Mycobacterium tuberculosis,SAMN05919630,7,4391050,0.25
1773.17524,1773,Mycobacterium tuberculosis,SAMN06010160,11,4380996,1
1773.7648,1773,Mycobacterium tuberculosis,SAMN06010166,6,4383687,0.25
1773.17357,1773,Mycobacterium tuberculosis,SAMN06010244,9,4380818,0.25
1773.31042,1773,Mycobacterium tuberculosis,SAMEA104362043,100,4348400,0.50
1773.31044,1773,Mycobacterium tuberculosis,SAMEA104362045,98,4283283,0.50
1773.31048,1773,Mycobacterium tuberculosis,SAMEA104362048,119,4303257,0.50
1773.31047,1773,Mycobacterium tuberculosis,SAMEA104362049,125,4309993,0.25
1773.31049,1773,Mycobacterium tuberculosis,SAMEA104362050,103,4290640,0.50
1773.31050,1773,Mycobacterium tuberculosis,SAMEA104362051,107,4345157,0.50
1773.31052,1773,Mycobacterium tuberculosis,SAMEA104362052,113,4325114,0.50
1773.31053,1773,Mycobacterium tuberculosis,SAMEA104362054,98,4323756,0.25
1773.31054,1773,Mycobacterium tuberculosis,SAMEA104362055,108,4288864,0.50
1773.31055,1773,Mycobacterium tuberculosis,SAMEA104362056,121,4296881,0.50
1773.31056,1773,Mycobacterium tuberculosis,SAMEA104362057,119,4293910,1.00
1773.31057,1773,Mycobacterium tuberculosis,SAMEA104362059,102,4336058,0.50
1773.31060,1773,Mycobacterium tuberculosis,SAMEA104362061,117,4318451,0.50
1773.31061,1773,Mycobacterium tuberculosis,SAMEA104362065,100,4304870,0.25
1773.31064,1773,Mycobacterium tuberculosis,SAMEA104362066,101,4300969,1.00
1773.31063,1773,Mycobacterium tuberculosis,SAMEA104362067,110,4337321,1.00
1773.31066,1773,Mycobacterium tuberculosis,SAMEA104362070,90,4243383,0.50
1773.31067,1773,Mycobacterium tuberculosis,SAMEA104362071,101,4230791,0.50
1773.31068,1773,Mycobacterium tuberculosis,SAMEA104362073,99,4308350,0.25
1773.31070,1773,Mycobacterium tuberculosis,SAMEA104362075,97,4316064,0.50
1773.31072,1773,Mycobacterium tuberculosis,SAMEA104362076,117,4223450,0.50
1773.31071,1773,Mycobacterium tuberculosis,SAMEA104362077,86,4331615,0.50
1773.31073,1773,Mycobacterium tuberculosis,SAMEA104362078,84,4317864,0.50
1773.31074,1773,Mycobacterium tuberculosis,SAMEA104362079,95,4314824,1.00
1773.31075,1773,Mycobacterium tuberculosis,SAMEA104362081,114,4315824,0.50
1773.31077,1773,Mycobacterium tuberculosis,SAMEA104362082,126,4295258,0.50
1773.31076,1773,Mycobacterium tuberculosis,SAMEA104362083,117,4306289,0.25
1773.31079,1773,Mycobacterium tuberculosis,SAMEA104362084,93,4305604,0.50
1773.31078,1773,Mycobacterium tuberculosis,SAMEA104362085,120,4320357,0.50
1773.31080,1773,Mycobacterium tuberculosis,SAMEA104362088,100,4304803,0.50
1773.31083,1773,Mycobacterium tuberculosis,SAMEA104362091,110,4314931,0.50
1773.31082,1773,Mycobacterium tuberculosis,SAMEA104362092,116,4311628,0.50
1773.31084,1773,Mycobacterium tuberculosis,SAMEA104362093,94,4321724,0.50
1773.31086,1773,Mycobacterium tuberculosis,SAMEA104362094,88,4319207,0.50
1773.31085,1773,Mycobacterium tuberculosis,SAMEA104362095,99,4330885,0.50
1773.31087,1773,Mycobacterium tuberculosis,SAMEA104362096,124,4285878,0.50
1773.31089,1773,Mycobacterium tuberculosis,SAMEA104362097,116,4295843,0.50
1773.31092,1773,Mycobacterium tuberculosis,SAMEA104362103,105,4292265,0.50
1773.31093,1773,Mycobacterium tuberculosis,SAMEA104362105,126,4204698,0.50
1773.31094,1773,Mycobacterium tuberculosis,SAMEA104362106,102,4300442,0.50
1773.31095,1773,Mycobacterium tuberculosis,SAMEA104362107,107,4279567,0.25
1773.31099,1773,Mycobacterium tuberculosis,SAMEA104362110,117,4309764,0.50
1773.31098,1773,Mycobacterium tuberculosis,SAMEA104362111,103,4287528,0.50
1773.31103,1773,Mycobacterium tuberculosis,SAMEA104362113,111,4301656,0.50
1773.31101,1773,Mycobacterium tuberculosis,SAMEA104362116,114,4294158,0.50
1773.31102,1773,Mycobacterium tuberculosis,SAMEA104362117,102,4288251,0.50
1773.31105,1773,Mycobacterium tuberculosis,SAMEA104362120,120,4286464,0.50
1773.31108,1773,Mycobacterium tuberculosis,SAMEA104362121,120,4287422,0.50
1773.43264,1773,Mycobacterium tuberculosis,SAMEA104362123,111,4318899,0.25
1773.31110,1773,Mycobacterium tuberculosis,SAMEA104362124,129,4284884,0.50
1773.31109,1773,Mycobacterium tuberculosis,SAMEA104362125,130,4291298,0.50
1773.31111,1773,Mycobacterium tuberculosis,SAMEA104362126,134,4270744,0.50
1773.31113,1773,Mycobacterium tuberculosis,SAMEA104362127,117,4281806,0.50
1773.31112,1773,Mycobacterium tuberculosis,SAMEA104362128,119,4278594,0.50
1773.31115,1773,Mycobacterium tuberculosis,SAMEA104362130,130,4283166,0.50
1773.31116,1773,Mycobacterium tuberculosis,SAMEA104362132,122,4293897,0.50
1773.31118,1773,Mycobacterium tuberculosis,SAMEA104362133,136,4282324,0.50
1773.31120,1773,Mycobacterium tuberculosis,SAMEA104362134,130,4267677,0.50
1773.31119,1773,Mycobacterium tuberculosis,SAMEA104362135,111,4293912,0.50
1773.31123,1773,Mycobacterium tuberculosis,SAMEA104362138,111,4315898,1.00
1773.31124,1773,Mycobacterium tuberculosis,SAMEA104362139,127,4274620,0.50
1773.31125,1773,Mycobacterium tuberculosis,SAMEA104362141,191,4234851,0.50
1773.31127,1773,Mycobacterium tuberculosis,SAMEA104362142,428,4114515,0.50
1773.31128,1773,Mycobacterium tuberculosis,SAMEA104362144,678,3913580,0.50
1773.31130,1773,Mycobacterium tuberculosis,SAMEA104362145,657,3941414,0.50
1773.31131,1773,Mycobacterium tuberculosis,SAMEA104362146,481,4077414,0.50
1773.31132,1773,Mycobacterium tuberculosis,SAMEA104362148,190,4241754,0.50
1773.31137,1773,Mycobacterium tuberculosis,SAMEA104362149,205,4239869,0.25
1773.31134,1773,Mycobacterium tuberculosis,SAMEA104362151,662,3928746,0.50
1773.31136,1773,Mycobacterium tuberculosis,SAMEA104362152,451,4115564,0.50
1773.43266,1773,Mycobacterium tuberculosis,SAMEA104362153,906,3516891,0.50
1773.31138,1773,Mycobacterium tuberculosis,SAMEA104362154,510,4065020,0.50
1773.31140,1773,Mycobacterium tuberculosis,SAMEA104362155,184,4210564,0.50
1773.31139,1773,Mycobacterium tuberculosis,SAMEA104362156,166,4241123,0.50
1773.31143,1773,Mycobacterium tuberculosis,SAMEA104362157,284,4195336,0.50
1773.31142,1773,Mycobacterium tuberculosis,SAMEA104362159,780,3711861,0.25
1773.31144,1773,Mycobacterium tuberculosis,SAMEA104362160,810,3688004,0.50
1773.31146,1773,Mycobacterium tuberculosis,SAMEA104362161,882,3594009,0.50
1773.31148,1773,Mycobacterium tuberculosis,SAMEA104362164,255,4188680,0.50
1773.31151,1773,Mycobacterium tuberculosis,SAMEA104362166,337,4155165,1.00
1773.31155,1773,Mycobacterium tuberculosis,SAMEA104362167,627,3971951,0.50
1773.31158,1773,Mycobacterium tuberculosis,SAMEA104362168,885,3554193,0.50
1773.43267,1773,Mycobacterium tuberculosis,SAMEA104362169,919,3490275,0.50
1773.31157,1773,Mycobacterium tuberculosis,SAMEA104362170,738,3833062,0.50
1773.31152,1773,Mycobacterium tuberculosis,SAMEA104362171,218,4166479,0.50
1773.43271,1773,Mycobacterium tuberculosis,SAMEA104362172,286,4173668,0.50
1773.31150,1773,Mycobacterium tuberculosis,SAMEA104362173,436,4036610,0.50
1773.31156,1773,Mycobacterium tuberculosis,SAMEA104362174,509,4062757,0.50
1773.31153,1773,Mycobacterium tuberculosis,SAMEA104362175,562,4036174,0.50
1773.31164,1773,Mycobacterium tuberculosis,SAMEA104362178,807,3705067,0.25
1773.31163,1773,Mycobacterium tuberculosis,SAMEA104362179,238,4217490,0.25
1773.31161,1773,Mycobacterium tuberculosis,SAMEA104362180,247,4197088,0.50
1773.31167,1773,Mycobacterium tuberculosis,SAMEA104362182,485,4095752,0.50
1773.31168,1773,Mycobacterium tuberculosis,SAMEA104362183,440,4110487,0.50
1773.31170,1773,Mycobacterium tuberculosis,SAMEA104362185,790,3732152,0.50
1773.31165,1773,Mycobacterium tuberculosis,SAMEA104362186,561,4033224,0.50
1773.31169,1773,Mycobacterium tuberculosis,SAMEA104362187,279,4191904,0.50
1773.31177,1773,Mycobacterium tuberculosis,SAMEA104362189,356,4166647,0.50
1773.31175,1773,Mycobacterium tuberculosis,SAMEA104362190,490,4091801,1.00
1773.31171,1773,Mycobacterium tuberculosis,SAMEA104362191,715,3827419,0.50
1773.31172,1773,Mycobacterium tuberculosis,SAMEA104362192,837,3659134,0.50
1773.31173,1773,Mycobacterium tuberculosis,SAMEA104362193,599,3990276,0.50
1773.31176,1773,Mycobacterium tuberculosis,SAMEA104362194,700,3875359,0.25
1773.31178,1773,Mycobacterium tuberculosis,SAMEA104362195,281,4206929,0.25
1773.31183,1773,Mycobacterium tuberculosis,SAMEA104362196,319,4192917,0.50
1773.31174,1773,Mycobacterium tuberculosis,SAMEA104362197,580,4022415,0.50
1773.31180,1773,Mycobacterium tuberculosis,SAMEA104362198,671,3916106,0.50
1773.31179,1773,Mycobacterium tuberculosis,SAMEA104362199,671,3921799,0.25
1773.31181,1773,Mycobacterium tuberculosis,SAMEA104362200,916,3450962,0.50
1773.31182,1773,Mycobacterium tuberculosis,SAMEA104362201,725,3844358,0.50
1773.31185,1773,Mycobacterium tuberculosis,SAMEA104362202,691,3889353,1.00
1773.31194,1773,Mycobacterium tuberculosis,SAMEA104362203,185,4229515,1.00
1773.31197,1773,Mycobacterium tuberculosis,SAMEA104362204,372,4146873,0.50
1773.31186,1773,Mycobacterium tuberculosis,SAMEA104362205,259,4212026,0.50
1773.31187,1773,Mycobacterium tuberculosis,SAMEA104362206,305,4171165,0.50
1773.31188,1773,Mycobacterium tuberculosis,SAMEA104362207,728,3839761,0.50
1773.31184,1773,Mycobacterium tuberculosis,SAMEA104362208,656,3950007,0.50
1773.31195,1773,Mycobacterium tuberculosis,SAMEA104362210,522,4007486,0.25
1773.31193,1773,Mycobacterium tuberculosis,SAMEA104362211,203,4195722,0.50
1773.31190,1773,Mycobacterium tuberculosis,SAMEA104362212,267,4149297,0.50
1773.31192,1773,Mycobacterium tuberculosis,SAMEA104362217,445,4098344,0.50
1773.31189,1773,Mycobacterium tuberculosis,SAMEA104362218,471,4093707,0.50
1773.31199,1773,Mycobacterium tuberculosis,SAMEA104362220,187,4237821,0.50
1773.31201,1773,Mycobacterium tuberculosis,SAMEA104362221,271,4189089,1.00
1773.31200,1773,Mycobacterium tuberculosis,SAMEA104362222,276,4201615,0.50
1773.31202,1773,Mycobacterium tuberculosis,SAMEA104362223,488,4083354,0.50
1773.31205,1773,Mycobacterium tuberculosis,SAMEA104362224,487,4036511,0.50
1773.31204,1773,Mycobacterium tuberculosis,SAMEA104362225,296,4195211,0.50
1773.31206,1773,Mycobacterium tuberculosis,SAMEA104362228,142,4261696,0.25
1773.31208,1773,Mycobacterium tuberculosis,SAMEA104362229,150,4263126,0.50
1773.31215,1773,Mycobacterium tuberculosis,SAMEA104362231,183,4240328,0.50
1773.31207,1773,Mycobacterium tuberculosis,SAMEA104362233,180,4251049,0.25
1773.31211,1773,Mycobacterium tuberculosis,SAMEA104362234,121,4272781,0.50
1773.31212,1773,Mycobacterium tuberculosis,SAMEA104362235,93,4335506,1.00
1773.31209,1773,Mycobacterium tuberculosis,SAMEA104362237,103,4332006,0.50
1773.31218,1773,Mycobacterium tuberculosis,SAMEA104362238,116,4234643,0.50
1773.31224,1773,Mycobacterium tuberculosis,SAMEA104362239,104,4320431,0.50
1773.31219,1773,Mycobacterium tuberculosis,SAMEA104362240,110,4332241,0.50
1773.31223,1773,Mycobacterium tuberculosis,SAMEA104362241,100,4326765,0.50
1773.31220,1773,Mycobacterium tuberculosis,SAMEA104362242,115,4329364,0.50
1773.31221,1773,Mycobacterium tuberculosis,SAMEA104362243,91,4336679,0.50
1773.31217,1773,Mycobacterium tuberculosis,SAMEA104362246,90,4333880,0.25
1773.31236,1773,Mycobacterium tuberculosis,SAMEA104362247,103,4314368,0.50
1773.31235,1773,Mycobacterium tuberculosis,SAMEA104362248,101,4323155,0.50
1773.31233,1773,Mycobacterium tuberculosis,SAMEA104362249,98,4323386,0.25
1773.31234,1773,Mycobacterium tuberculosis,SAMEA104362250,95,4332399,0.50
1773.31227,1773,Mycobacterium tuberculosis,SAMEA104362251,97,4335998,0.12
1773.31225,1773,Mycobacterium tuberculosis,SAMEA104362252,91,4324639,0.50
1773.31226,1773,Mycobacterium tuberculosis,SAMEA104362253,95,4288357,0.50
1773.31230,1773,Mycobacterium tuberculosis,SAMEA104362254,95,4242551,0.25
1773.31228,1773,Mycobacterium tuberculosis,SAMEA104362255,92,4327562,0.25
1773.31231,1773,Mycobacterium tuberculosis,SAMEA104362256,115,4320691,0.50
1773.31229,1773,Mycobacterium tuberculosis,SAMEA104362257,101,4328316,1.00
1773.31232,1773,Mycobacterium tuberculosis,SAMEA104362258,105,4330105,0.50
1773.31237,1773,Mycobacterium tuberculosis,SAMEA104362259,87,4349079,0.50
1773.43270,1773,Mycobacterium tuberculosis,SAMEA104362260,108,4321345,0.25
1773.31254,1773,Mycobacterium tuberculosis,SAMEA104362261,83,4346175,0.50
1773.43269,1773,Mycobacterium tuberculosis,SAMEA104362262,91,4339223,0.25
1773.31253,1773,Mycobacterium tuberculosis,SAMEA104362263,109,4344466,0.25
1773.31251,1773,Mycobacterium tuberculosis,SAMEA104362265,96,4341594,0.25
1773.31242,1773,Mycobacterium tuberculosis,SAMEA104362266,90,4339884,0.50
1773.31244,1773,Mycobacterium tuberculosis,SAMEA104362267,103,4328356,0.25
1773.43268,1773,Mycobacterium tuberculosis,SAMEA104362268,82,4338475,0.50
1773.31243,1773,Mycobacterium tuberculosis,SAMEA104362270,90,4345609,0.50
1773.31238,1773,Mycobacterium tuberculosis,SAMEA104362271,87,4346484,0.25
1773.31239,1773,Mycobacterium tuberculosis,SAMEA104362273,96,4337891,0.50
1773.31248,1773,Mycobacterium tuberculosis,SAMEA104362274,105,4321871,0.50
1773.31240,1773,Mycobacterium tuberculosis,SAMEA104362276,95,4332468,0.50
1773.31241,1773,Mycobacterium tuberculosis,SAMEA104362277,105,4343087,0.25
1773.31250,1773,Mycobacterium tuberculosis,SAMEA104362278,87,4346359,0.25
1773.31249,1773,Mycobacterium tuberculosis,SAMEA104362279,97,4362993,0.25
1773.31255,1773,Mycobacterium tuberculosis,SAMEA104362280,87,4350114,0.25
1773.31266,1773,Mycobacterium tuberculosis,SAMEA104362285,88,4368009,0.12
1773.31265,1773,Mycobacterium tuberculosis,SAMEA104362288,88,4361659,0.12
1773.31269,1773,Mycobacterium tuberculosis,SAMEA104362292,104,4346089,0.25
1773.31267,1773,Mycobacterium tuberculosis,SAMEA104362293,87,4353686,0.50
1773.31271,1773,Mycobacterium tuberculosis,SAMEA104362295,102,4337688,0.50
1773.31274,1773,Mycobacterium tuberculosis,SAMEA104362297,103,4333278,0.25
1773.31273,1773,Mycobacterium tuberculosis,SAMEA104362298,95,4338877,0.50
1773.31277,1773,Mycobacterium tuberculosis,SAMEA104362300,80,4343803,0.50
1773.31276,1773,Mycobacterium tuberculosis,SAMEA104362301,90,4328400,0.25
1773.31280,1773,Mycobacterium tuberculosis,SAMEA104362302,86,4337320,0.25
1773.43273,1773,Mycobacterium tuberculosis,SAMEA104362303,82,4362871,0.50
1773.31281,1773,Mycobacterium tuberculosis,SAMEA104362304,100,4337756,0.50
1773.31278,1773,Mycobacterium tuberculosis,SAMEA104362305,86,4352697,0.50
1773.31279,1773,Mycobacterium tuberculosis,SAMEA104362306,98,4349208,0.50
1773.31282,1773,Mycobacterium tuberculosis,SAMEA104362307,107,4339672,0.50
1773.31287,1773,Mycobacterium tuberculosis,SAMEA104362308,89,4337841,0.50
1773.31286,1773,Mycobacterium tuberculosis,SAMEA104362309,97,4334842,0.50
1773.31283,1773,Mycobacterium tuberculosis,SAMEA104362310,88,4236022,0.25
1773.31284,1773,Mycobacterium tuberculosis,SAMEA104362311,104,4328190,0.50
1773.31285,1773,Mycobacterium tuberculosis,SAMEA104362312,90,4344844,0.50
1773.31294,1773,Mycobacterium tuberculosis,SAMEA104362313,86,4340436,0.50
1773.31290,1773,Mycobacterium tuberculosis,SAMEA104362314,104,4330540,0.50
1773.31288,1773,Mycobacterium tuberculosis,SAMEA104362315,97,4330504,0.25
1773.31289,1773,Mycobacterium tuberculosis,SAMEA104362316,100,4240574,0.50
1773.31291,1773,Mycobacterium tuberculosis,SAMEA104362318,115,4309361,0.50
1773.43272,1773,Mycobacterium tuberculosis,SAMEA104362319,108,4327963,0.25
1773.31292,1773,Mycobacterium tuberculosis,SAMEA104362320,121,4318274,0.50
1773.31300,1773,Mycobacterium tuberculosis,SAMEA104362321,105,4337322,0.50
1773.31295,1773,Mycobacterium tuberculosis,SAMEA104362323,98,4340581,0.25
1773.31296,1773,Mycobacterium tuberculosis,SAMEA104362324,94,4332889,0.25
1773.31298,1773,Mycobacterium tuberculosis,SAMEA104362326,97,4306393,0.50
1773.31306,1773,Mycobacterium tuberculosis,SAMEA104362327,96,4327531,0.50
1773.31304,1773,Mycobacterium tuberculosis,SAMEA104362328,89,4323131,0.50
1773.31307,1773,Mycobacterium tuberculosis,SAMEA104362330,95,4339323,0.50
1773.31302,1773,Mycobacterium tuberculosis,SAMEA104362332,120,4293278,0.50
1773.31303,1773,Mycobacterium tuberculosis,SAMEA104362333,125,4297922,0.50
1773.43275,1773,Mycobacterium tuberculosis,SAMEA104362334,100,4295902,0.50
1773.31315,1773,Mycobacterium tuberculosis,SAMEA104362335,105,4290704,0.50
1773.31313,1773,Mycobacterium tuberculosis,SAMEA104362336,110,4289648,0.50
1773.31312,1773,Mycobacterium tuberculosis,SAMEA104362338,107,4278552,0.25
1773.31308,1773,Mycobacterium tuberculosis,SAMEA104362340,100,4303754,0.50
1773.31318,1773,Mycobacterium tuberculosis,SAMEA104362344,107,4218502,0.25
1773.31316,1773,Mycobacterium tuberculosis,SAMEA104362345,102,4288518,0.50
1773.31317,1773,Mycobacterium tuberculosis,SAMEA104362346,100,4303754,0.50
1773.31322,1773,Mycobacterium tuberculosis,SAMEA104362347,106,4290729,0.25
1773.31324,1773,Mycobacterium tuberculosis,SAMEA104362348,119,4297404,0.25
1773.31320,1773,Mycobacterium tuberculosis,SAMEA104362350,114,4281021,0.25
1773.31323,1773,Mycobacterium tuberculosis,SAMEA104362351,117,4304173,0.50
1773.31319,1773,Mycobacterium tuberculosis,SAMEA104362352,100,4307740,0.50
1773.31335,1773,Mycobacterium tuberculosis,SAMEA104362353,107,4307256,0.25
1773.31336,1773,Mycobacterium tuberculosis,SAMEA104362354,96,4316454,0.50
1773.31332,1773,Mycobacterium tuberculosis,SAMEA104362355,116,4298021,0.25
1773.31329,1773,Mycobacterium tuberculosis,SAMEA104362356,125,4301012,1.00
1773.31333,1773,Mycobacterium tuberculosis,SAMEA104362360,102,4263442,0.50
1773.31331,1773,Mycobacterium tuberculosis,SAMEA104362361,109,4304342,0.25
1773.31337,1773,Mycobacterium tuberculosis,SAMEA104362362,119,4326276,0.25
1773.31334,1773,Mycobacterium tuberculosis,SAMEA104362363,128,4282966,0.25
1773.31328,1773,Mycobacterium tuberculosis,SAMEA104362364,108,4289480,0.50
1773.31327,1773,Mycobacterium tuberculosis,SAMEA104362365,108,4308436,0.50
1773.31330,1773,Mycobacterium tuberculosis,SAMEA104362366,110,4314394,0.50
1773.31338,1773,Mycobacterium tuberculosis,SAMEA104362367,106,4321814,0.25
1773.31339,1773,Mycobacterium tuberculosis,SAMEA104362368,120,4315795,0.50
1773.31341,1773,Mycobacterium tuberculosis,SAMEA104362369,92,4322781,0.50
1773.31340,1773,Mycobacterium tuberculosis,SAMEA104362370,104,4231331,0.25
1773.43274,1773,Mycobacterium tuberculosis,SAMEA104362371,111,4276689,0.50
1773.31347,1773,Mycobacterium tuberculosis,SAMEA104362372,105,4291505,0.50
1773.31346,1773,Mycobacterium tuberculosis,SAMEA104362373,103,4286060,0.25
1773.31344,1773,Mycobacterium tuberculosis,SAMEA104362374,93,4243332,0.50
1773.31343,1773,Mycobacterium tuberculosis,SAMEA104362375,96,4325546,0.50
1773.43278,1773,Mycobacterium tuberculosis,SAMEA104362376,94,4310203,0.50
1773.31345,1773,Mycobacterium tuberculosis,SAMEA104362377,117,4312164,0.50
1773.31342,1773,Mycobacterium tuberculosis,SAMEA104362378,90,4337057,0.50
1773.31350,1773,Mycobacterium tuberculosis,SAMEA104362379,104,4287639,0.25
1773.31353,1773,Mycobacterium tuberculosis,SAMEA104362380,99,4313856,0.50
1773.31354,1773,Mycobacterium tuberculosis,SAMEA104362382,98,4318895,0.50
1773.31349,1773,Mycobacterium tuberculosis,SAMEA104362383,102,4313704,0.50
1773.31356,1773,Mycobacterium tuberculosis,SAMEA104362384,101,4328464,0.50
1773.31348,1773,Mycobacterium tuberculosis,SAMEA104362385,86,4310782,0.25
1773.31352,1773,Mycobacterium tuberculosis,SAMEA104362386,128,4307678,0.50
1773.31351,1773,Mycobacterium tuberculosis,SAMEA104362387,117,4284555,0.50
1773.31358,1773,Mycobacterium tuberculosis,SAMEA104362388,119,4295230,0.25
1773.31360,1773,Mycobacterium tuberculosis,SAMEA104362389,100,4294263,0.50
1773.31364,1773,Mycobacterium tuberculosis,SAMEA104362391,111,4316613,0.50
1773.31361,1773,Mycobacterium tuberculosis,SAMEA104362392,102,4322871,0.50
1773.31362,1773,Mycobacterium tuberculosis,SAMEA104362393,110,4310282,0.50
1773.31363,1773,Mycobacterium tuberculosis,SAMEA104362394,113,4321222,0.50
1773.43282,1773,Mycobacterium tuberculosis,SAMEA104362395,114,4316772,0.25
1773.31357,1773,Mycobacterium tuberculosis,SAMEA104362396,120,4305222,0.50
1773.31368,1773,Mycobacterium tuberculosis,SAMEA104362397,104,4307427,0.50
1773.43281,1773,Mycobacterium tuberculosis,SAMEA104362398,100,4270746,0.50
1773.31365,1773,Mycobacterium tuberculosis,SAMEA104362399,105,4321911,0.50
1773.31367,1773,Mycobacterium tuberculosis,SAMEA104362400,115,4313879,0.50
1773.31366,1773,Mycobacterium tuberculosis,SAMEA104362401,104,4213229,0.50
1773.31369,1773,Mycobacterium tuberculosis,SAMEA104362402,116,4317092,0.25
1773.31370,1773,Mycobacterium tuberculosis,SAMEA104362403,121,4286497,0.50
1773.31371,1773,Mycobacterium tuberculosis,SAMEA104362404,103,4307483,0.50
1773.31372,1773,Mycobacterium tuberculosis,SAMEA104362405,107,4291775,0.50
1773.31373,1773,Mycobacterium tuberculosis,SAMEA104362406,101,4245648,0.50
1773.31374,1773,Mycobacterium tuberculosis,SAMEA104362407,109,4287992,0.25
1773.31379,1773,Mycobacterium tuberculosis,SAMEA104362409,127,4288169,0.50
1773.31375,1773,Mycobacterium tuberculosis,SAMEA104362410,100,4302531,0.50
1773.31378,1773,Mycobacterium tuberculosis,SAMEA104362411,130,4278229,0.50
1773.31377,1773,Mycobacterium tuberculosis,SAMEA104362412,107,4309866,1.00
1773.31382,1773,Mycobacterium tuberculosis,SAMEA104362414,124,4286623,1.00
1773.31380,1773,Mycobacterium tuberculosis,SAMEA104362416,135,4285729,0.50
1773.31384,1773,Mycobacterium tuberculosis,SAMEA104362417,111,4295859,0.25
1773.31383,1773,Mycobacterium tuberculosis,SAMEA104362418,103,4321224,0.25
1773.31385,1773,Mycobacterium tuberculosis,SAMEA104362419,129,4282220,0.50
1773.31387,1773,Mycobacterium tuberculosis,SAMEA104362421,114,4296325,0.25
1773.31389,1773,Mycobacterium tuberculosis,SAMEA104362422,105,4279031,0.50
1773.31388,1773,Mycobacterium tuberculosis,SAMEA104362423,101,4302899,0.50
1773.31390,1773,Mycobacterium tuberculosis,SAMEA104362424,103,4313166,0.50
1773.31392,1773,Mycobacterium tuberculosis,SAMEA104362425,130,4296296,0.50
1773.31393,1773,Mycobacterium tuberculosis,SAMEA104362426,106,4287754,0.50
1773.43280,1773,Mycobacterium tuberculosis,SAMEA104362427,160,4256047,1.00
1773.31391,1773,Mycobacterium tuberculosis,SAMEA104362428,189,4212322,0.50
1773.31394,1773,Mycobacterium tuberculosis,SAMEA104362430,343,4160744,0.50
1773.31397,1773,Mycobacterium tuberculosis,SAMEA104362431,485,4040900,0.50
1773.31396,1773,Mycobacterium tuberculosis,SAMEA104362432,500,4061516,0.50
1773.31399,1773,Mycobacterium tuberculosis,SAMEA104362433,764,3792310,0.50
1773.31398,1773,Mycobacterium tuberculosis,SAMEA104362434,810,3730381,1.00
1773.31400,1773,Mycobacterium tuberculosis,SAMEA104362435,178,4230240,0.50
1773.31401,1773,Mycobacterium tuberculosis,SAMEA104362436,199,4235528,0.50
1773.31402,1773,Mycobacterium tuberculosis,SAMEA104362437,252,4209298,0.50
1773.31409,1773,Mycobacterium tuberculosis,SAMEA104362438,353,4161861,0.50
1773.31403,1773,Mycobacterium tuberculosis,SAMEA104362439,516,4064153,0.12
1773.31404,1773,Mycobacterium tuberculosis,SAMEA104362440,662,3918264,0.50
1773.31408,1773,Mycobacterium tuberculosis,SAMEA104362442,587,4026107,1.00
1773.31407,1773,Mycobacterium tuberculosis,SAMEA104362444,173,4245641,1.00
1773.31405,1773,Mycobacterium tuberculosis,SAMEA104362446,300,4204896,0.50
1773.31418,1773,Mycobacterium tuberculosis,SAMEA104362447,330,4173321,0.50
1773.31426,1773,Mycobacterium tuberculosis,SAMEA104362448,336,4162133,0.50
1773.31416,1773,Mycobacterium tuberculosis,SAMEA104362450,686,3928840,0.50
1773.31415,1773,Mycobacterium tuberculosis,SAMEA104362451,157,4256478,0.50
1773.31422,1773,Mycobacterium tuberculosis,SAMEA104362452,227,4223387,1.00
1773.31421,1773,Mycobacterium tuberculosis,SAMEA104362453,371,4137926,0.50
1773.31413,1773,Mycobacterium tuberculosis,SAMEA104362454,341,4163328,0.50
1773.31420,1773,Mycobacterium tuberculosis,SAMEA104362455,685,3903007,0.50
1773.31425,1773,Mycobacterium tuberculosis,SAMEA104362456,482,4088314,1.00
1773.31414,1773,Mycobacterium tuberculosis,SAMEA104362457,572,4008734,1.00
1773.31417,1773,Mycobacterium tuberculosis,SAMEA104362458,830,3716050,0.25
1773.31423,1773,Mycobacterium tuberculosis,SAMEA104362459,252,4211733,0.50
1773.31412,1773,Mycobacterium tuberculosis,SAMEA104362461,344,4118851,0.50
1773.31419,1773,Mycobacterium tuberculosis,SAMEA104362462,295,4197295,1.00
1773.31429,1773,Mycobacterium tuberculosis,SAMEA104362463,607,3978796,0.50
1773.31430,1773,Mycobacterium tuberculosis,SAMEA104362464,477,4076788,0.50
1773.31427,1773,Mycobacterium tuberculosis,SAMEA104362465,578,4014749,0.50
1773.31436,1773,Mycobacterium tuberculosis,SAMEA104362467,166,4258573,1.00
1773.31439,1773,Mycobacterium tuberculosis,SAMEA104362468,244,4226822,0.50
1773.31442,1773,Mycobacterium tuberculosis,SAMEA104362469,340,4174024,0.50
1773.31444,1773,Mycobacterium tuberculosis,SAMEA104362470,350,4160138,0.50
1773.31443,1773,Mycobacterium tuberculosis,SAMEA104362471,168,4245109,0.50
1773.31433,1773,Mycobacterium tuberculosis,SAMEA104362472,466,4102304,0.50
1773.43283,1773,Mycobacterium tuberculosis,SAMEA104362473,718,3848424,0.50
1773.31431,1773,Mycobacterium tuberculosis,SAMEA104362474,810,3695321,0.50
1773.31434,1773,Mycobacterium tuberculosis,SAMEA104362476,194,4236216,0.50
1773.31438,1773,Mycobacterium tuberculosis,SAMEA104362477,320,4175496,0.50
1773.31460,1773,Mycobacterium tuberculosis,SAMEA104362478,376,4148840,0.50
1773.31441,1773,Mycobacterium tuberculosis,SAMEA104362479,304,4184189,0.50
1773.31435,1773,Mycobacterium tuberculosis,SAMEA104362480,567,4027917,0.50
1773.31459,1773,Mycobacterium tuberculosis,SAMEA104362482,721,3830050,0.50
1773.31440,1773,Mycobacterium tuberculosis,SAMEA104362483,160,4253907,0.50
1773.31445,1773,Mycobacterium tuberculosis,SAMEA104362484,270,4194109,0.50
1773.31449,1773,Mycobacterium tuberculosis,SAMEA104362485,311,4186193,0.50
1773.31450,1773,Mycobacterium tuberculosis,SAMEA104362486,294,4181108,0.50
1773.31451,1773,Mycobacterium tuberculosis,SAMEA104362487,505,4071084,0.50
1773.31452,1773,Mycobacterium tuberculosis,SAMEA104362489,594,4008130,0.25
1773.31446,1773,Mycobacterium tuberculosis,SAMEA104362490,737,3869726,0.50
1773.31448,1773,Mycobacterium tuberculosis,SAMEA104362491,145,4253970,0.50
1773.31447,1773,Mycobacterium tuberculosis,SAMEA104362492,229,4169314,0.50
1773.31454,1773,Mycobacterium tuberculosis,SAMEA104362493,185,4233871,0.50
1773.31455,1773,Mycobacterium tuberculosis,SAMEA104362494,324,4167311,0.50
1773.43276,1773,Mycobacterium tuberculosis,SAMEA104362495,281,4195313,0.50
1773.31453,1773,Mycobacterium tuberculosis,SAMEA104362496,535,4045277,0.50
1773.31456,1773,Mycobacterium tuberculosis,SAMEA104362497,524,4035601,0.50
1773.31467,1773,Mycobacterium tuberculosis,SAMEA104362499,157,4270175,0.50
1773.31466,1773,Mycobacterium tuberculosis,SAMEA104362500,214,4212021,1.00
1773.31472,1773,Mycobacterium tuberculosis,SAMEA104362501,191,4236247,0.50
1773.31469,1773,Mycobacterium tuberculosis,SAMEA104362504,321,4191195,0.50
1773.31465,1773,Mycobacterium tuberculosis,SAMEA104362505,405,4109542,0.50
1773.31468,1773,Mycobacterium tuberculosis,SAMEA104362506,643,3960375,1.00
1773.31470,1773,Mycobacterium tuberculosis,SAMEA104362510,372,4161667,0.50
1773.31462,1773,Mycobacterium tuberculosis,SAMEA104362511,508,4066269,1.00
1773.31475,1773,Mycobacterium tuberculosis,SAMEA104362513,550,4043391,0.50
1773.31477,1773,Mycobacterium tuberculosis,SAMEA104362514,442,4101589,0.50
1773.31476,1773,Mycobacterium tuberculosis,SAMEA104362515,156,4267664,0.50
1773.31479,1773,Mycobacterium tuberculosis,SAMEA104362517,229,4211115,0.50
1773.31482,1773,Mycobacterium tuberculosis,SAMEA104362518,357,4151583,0.25
1773.31481,1773,Mycobacterium tuberculosis,SAMEA104362520,468,4081519,0.50
1773.31490,1773,Mycobacterium tuberculosis,SAMEA104362522,675,3884929,0.50
1773.31488,1773,Mycobacterium tuberculosis,SAMEA104362524,129,4269152,0.50
1773.31484,1773,Mycobacterium tuberculosis,SAMEA104362525,151,4261641,0.25
1773.31487,1773,Mycobacterium tuberculosis,SAMEA104362526,191,4226069,0.50
1773.31486,1773,Mycobacterium tuberculosis,SAMEA104362527,225,4160163,0.50
1773.31491,1773,Mycobacterium tuberculosis,SAMEA104362529,218,4222765,0.50
1773.31493,1773,Mycobacterium tuberculosis,SAMEA104362530,152,4192515,0.50
1773.31492,1773,Mycobacterium tuberculosis,SAMEA104362531,124,4278287,0.50
1733.7161,1773,Mycobacterium tuberculosis,SAMEA3400995,287,4320557,0.25
1733.7189,1773,Mycobacterium tuberculosis,SAMEA3401924,2288,4484600,0.25
1733.7384,1773,Mycobacterium tuberculosis,SAMEA3414466,255,4267178,0.25
1733.7411,1773,Mycobacterium tuberculosis,SAMEA3416725,261,4320814,0.25
1773.31762,1773,Mycobacterium tuberculosis,SAMEA5569503,83,4359585,0.50
1773.31766,1773,Mycobacterium tuberculosis,SAMEA5569504,90,4333968,0.50
1773.31771,1773,Mycobacterium tuberculosis,SAMEA5569505,77,4317548,0.50
1773.31769,1773,Mycobacterium tuberculosis,SAMEA5569506,86,4361161,0.50
1773.31772,1773,Mycobacterium tuberculosis,SAMEA5569507,84,4347191,0.50
1773.31767,1773,Mycobacterium tuberculosis,SAMEA5569508,79,4370774,0.25
1773.31770,1773,Mycobacterium tuberculosis,SAMEA5569509,91,4361939,0.50
1773.43249,1773,Mycobacterium tuberculosis,SAMEA5569510,87,4348544,0.50
1773.31768,1773,Mycobacterium tuberculosis,SAMEA5569511,72,4356929,1.00
1773.31777,1773,Mycobacterium tuberculosis,SAMEA5569512,84,4351766,1.00
1773.31775,1773,Mycobacterium tuberculosis,SAMEA5569513,97,4366132,0.50
1773.31776,1773,Mycobacterium tuberculosis,SAMEA5569514,82,4355124,0.50
1773.31773,1773,Mycobacterium tuberculosis,SAMEA5569515,75,4359526,0.50
1773.31774,1773,Mycobacterium tuberculosis,SAMEA5569516,77,4355717,0.25
1773.31779,1773,Mycobacterium tuberculosis,SAMEA5569517,94,4351287,0.50
1773.31778,1773,Mycobacterium tuberculosis,SAMEA5569518,77,4363547,0.50
1773.31782,1773,Mycobacterium tuberculosis,SAMEA5569519,101,4350609,0.50
1773.43251,1773,Mycobacterium tuberculosis,SAMEA5569520,80,4347086,0.50
1773.31781,1773,Mycobacterium tuberculosis,SAMEA5569521,69,4354283,0.50
1773.31783,1773,Mycobacterium tuberculosis,SAMEA5569522,76,4362222,0.50
1773.31790,1773,Mycobacterium tuberculosis,SAMEA5569525,92,4362035,0.50
1773.31789,1773,Mycobacterium tuberculosis,SAMEA5569526,95,4359026,0.50
1773.31791,1773,Mycobacterium tuberculosis,SAMEA5569527,109,4340612,0.50
1773.31786,1773,Mycobacterium tuberculosis,SAMEA5569528,85,4351887,0.50
1773.31788,1773,Mycobacterium tuberculosis,SAMEA5569529,111,4343599,0.50
1773.31787,1773,Mycobacterium tuberculosis,SAMEA5569530,89,4346682,0.25
1773.31792,1773,Mycobacterium tuberculosis,SAMEA5569531,88,4364655,0.50
1773.31793,1773,Mycobacterium tuberculosis,SAMEA5569532,73,4353654,1.00
1773.31795,1773,Mycobacterium tuberculosis,SAMEA5569533,111,4339282,0.50
1773.31794,1773,Mycobacterium tuberculosis,SAMEA5569534,85,4345406,0.50
1773.31796,1773,Mycobacterium tuberculosis,SAMEA5569535,107,4336187,0.50
1773.31800,1773,Mycobacterium tuberculosis,SAMEA5569536,99,4345441,1.00
1773.31797,1773,Mycobacterium tuberculosis,SAMEA5569537,90,4361329,0.50
1773.31798,1773,Mycobacterium tuberculosis,SAMEA5569538,78,4351526,0.50
1773.31799,1773,Mycobacterium tuberculosis,SAMEA5569540,85,4348657,0.50
1773.31801,1773,Mycobacterium tuberculosis,SAMEA5569541,84,4361957,0.50
1773.31802,1773,Mycobacterium tuberculosis,SAMEA5569542,87,4342715,0.50
1773.31803,1773,Mycobacterium tuberculosis,SAMEA5569543,101,4352638,1.00
1773.31804,1773,Mycobacterium tuberculosis,SAMEA5569544,124,4321516,1.00
1773.31805,1773,Mycobacterium tuberculosis,SAMEA5569545,100,4338923,0.50
1773.31806,1773,Mycobacterium tuberculosis,SAMEA5569546,99,4361308,0.50
1773.31807,1773,Mycobacterium tuberculosis,SAMEA5569547,98,4348716,0.50
1773.31808,1773,Mycobacterium tuberculosis,SAMEA5569550,116,4334603,0.50
1773.31810,1773,Mycobacterium tuberculosis,SAMEA5569551,82,4309633,0.25
1773.31811,1773,Mycobacterium tuberculosis,SAMEA5569552,85,4344360,0.50
1773.31812,1773,Mycobacterium tuberculosis,SAMEA5569553,86,4351642,0.50
1773.31814,1773,Mycobacterium tuberculosis,SAMEA5569554,78,4352299,0.50
1773.31816,1773,Mycobacterium tuberculosis,SAMEA5569557,101,4336034,1.00
1773.31819,1773,Mycobacterium tuberculosis,SAMEA5569559,122,4358309,0.50
1773.31818,1773,Mycobacterium tuberculosis,SAMEA5569560,112,4322970,0.50
1773.31820,1773,Mycobacterium tuberculosis,SAMEA5569561,71,4357409,0.50
1773.31821,1773,Mycobacterium tuberculosis,SAMEA5569562,75,4363411,1.00
1773.31822,1773,Mycobacterium tuberculosis,SAMEA5569563,87,4351314,0.50
1773.31823,1773,Mycobacterium tuberculosis,SAMEA5569564,93,4338431,0.25
1773.31824,1773,Mycobacterium tuberculosis,SAMEA5569565,80,4354054,0.25
1773.31826,1773,Mycobacterium tuberculosis,SAMEA5569566,87,4333022,0.50
1773.31825,1773,Mycobacterium tuberculosis,SAMEA5569567,77,4345098,0.25
1773.31828,1773,Mycobacterium tuberculosis,SAMEA5569568,71,4360615,0.50
1773.31829,1773,Mycobacterium tuberculosis,SAMEA5569569,74,4351079,0.50
1773.31827,1773,Mycobacterium tuberculosis,SAMEA5569570,94,4340425,1.00
1773.31832,1773,Mycobacterium tuberculosis,SAMEA5569571,81,4354909,1.00
1773.31833,1773,Mycobacterium tuberculosis,SAMEA5569573,83,4354161,0.50
1773.31831,1773,Mycobacterium tuberculosis,SAMEA5569574,102,4341441,0.25
1773.43253,1773,Mycobacterium tuberculosis,SAMEA5569575,75,4356565,0.50
1773.31837,1773,Mycobacterium tuberculosis,SAMEA5569578,88,4347728,0.50
1773.31836,1773,Mycobacterium tuberculosis,SAMEA5569579,71,4362190,0.50
1773.31840,1773,Mycobacterium tuberculosis,SAMEA5569581,105,4341274,0.50
1773.31839,1773,Mycobacterium tuberculosis,SAMEA5569582,81,4344480,0.50
1773.31842,1773,Mycobacterium tuberculosis,SAMEA5569584,73,4357349,1.00
1773.31845,1773,Mycobacterium tuberculosis,SAMEA5569586,80,4363359,1.00
1773.31846,1773,Mycobacterium tuberculosis,SAMEA5569587,79,4312395,0.50
1773.31844,1773,Mycobacterium tuberculosis,SAMEA5569589,108,4342698,0.50
1773.31848,1773,Mycobacterium tuberculosis,SAMEA5569590,77,4361543,0.50
1773.31850,1773,Mycobacterium tuberculosis,SAMEA5569592,85,4352128,0.50
1773.31852,1773,Mycobacterium tuberculosis,SAMEA5569594,73,4357104,1.00
1773.31855,1773,Mycobacterium tuberculosis,SAMEA5569595,87,4357363,0.50
1773.31854,1773,Mycobacterium tuberculosis,SAMEA5569596,80,4355318,1.00
1773.31853,1773,Mycobacterium tuberculosis,SAMEA5569597,118,4356758,0.50
1773.31856,1773,Mycobacterium tuberculosis,SAMEA5569599,80,4359383,1.00
1773.31858,1773,Mycobacterium tuberculosis,SAMEA5569600,72,4348903,0.50
1773.31857,1773,Mycobacterium tuberculosis,SAMEA5569601,101,4348643,0.50
1773.31860,1773,Mycobacterium tuberculosis,SAMEA5569602,79,4370261,0.50
1773.31861,1773,Mycobacterium tuberculosis,SAMEA5569603,77,4344695,0.50
1773.31859,1773,Mycobacterium tuberculosis,SAMEA5569604,80,4352950,0.50
1773.31863,1773,Mycobacterium tuberculosis,SAMEA5569607,83,4357375,0.06
1773.31865,1773,Mycobacterium tuberculosis,SAMEA5569608,70,4373049,0.25
1773.31866,1773,Mycobacterium tuberculosis,SAMEA5569609,90,4357539,0.50
1773.31869,1773,Mycobacterium tuberculosis,SAMEA5569612,76,4358117,0.50
1773.31870,1773,Mycobacterium tuberculosis,SAMEA5569613,105,4346024,0.50
1773.31868,1773,Mycobacterium tuberculosis,SAMEA5569614,84,4351098,0.25
1773.31873,1773,Mycobacterium tuberculosis,SAMEA5569615,103,4341471,0.50
1773.31872,1773,Mycobacterium tuberculosis,SAMEA5569616,84,4352939,1.00
1773.31874,1773,Mycobacterium tuberculosis,SAMEA5569617,95,4346584,0.50
1773.31875,1773,Mycobacterium tuberculosis,SAMEA5569618,92,4356023,0.50
1773.31880,1773,Mycobacterium tuberculosis,SAMEA5569620,99,4345375,0.50
1773.31876,1773,Mycobacterium tuberculosis,SAMEA5569621,84,4351880,0.50
1773.31879,1773,Mycobacterium tuberculosis,SAMEA5569624,87,4352722,0.25
1773.31883,1773,Mycobacterium tuberculosis,SAMEA5569625,84,4311352,0.50
1773.31882,1773,Mycobacterium tuberculosis,SAMEA5569626,97,4342870,0.50
1773.31885,1773,Mycobacterium tuberculosis,SAMEA5569628,127,4326231,0.25
1773.31888,1773,Mycobacterium tuberculosis,SAMEA5569629,115,4333547,0.50
1773.31887,1773,Mycobacterium tuberculosis,SAMEA5569630,103,4338525,0.50
1773.31886,1773,Mycobacterium tuberculosis,SAMEA5569631,83,4342562,0.50
1773.43252,1773,Mycobacterium tuberculosis,SAMEA5569632,98,4302170,0.25
1773.31891,1773,Mycobacterium tuberculosis,SAMEA5569633,91,4348163,0.50
1773.31893,1773,Mycobacterium tuberculosis,SAMEA5569635,94,4303115,0.50
1773.31889,1773,Mycobacterium tuberculosis,SAMEA5569636,99,4339087,0.50
1773.31890,1773,Mycobacterium tuberculosis,SAMEA5569637,143,4325482,0.25
1773.31897,1773,Mycobacterium tuberculosis,SAMEA5569638,101,4333931,0.50
1773.31896,1773,Mycobacterium tuberculosis,SAMEA5569639,91,4356524,0.50
1773.31894,1773,Mycobacterium tuberculosis,SAMEA5569640,115,4335319,0.25
1773.31895,1773,Mycobacterium tuberculosis,SAMEA5569641,150,4325790,0.50
1773.31898,1773,Mycobacterium tuberculosis,SAMEA5569644,150,4326396,0.50
1773.31900,1773,Mycobacterium tuberculosis,SAMEA5569645,106,4332898,0.50
1773.31907,1773,Mycobacterium tuberculosis,SAMEA5569646,120,4310032,0.50
1773.31902,1773,Mycobacterium tuberculosis,SAMEA5569647,107,4300918,0.50
1773.31901,1773,Mycobacterium tuberculosis,SAMEA5569649,89,4304458,0.50
1773.43248,1773,Mycobacterium tuberculosis,SAMEA5569651,124,4314404,0.50
1773.31908,1773,Mycobacterium tuberculosis,SAMEA5569652,105,4338072,0.50
1773.31942,1773,Mycobacterium tuberculosis,SAMEA5569655,145,9300158,0.50
1773.31910,1773,Mycobacterium tuberculosis,SAMEA5569656,90,4350984,0.25
1773.31909,1773,Mycobacterium tuberculosis,SAMEA5569657,89,4348003,0.12
1773.31915,1773,Mycobacterium tuberculosis,SAMEA5569658,97,4300706,0.25
1773.31916,1773,Mycobacterium tuberculosis,SAMEA5569660,101,4336861,0.25
1773.31918,1773,Mycobacterium tuberculosis,SAMEA5569661,93,4343127,0.50
1773.31917,1773,Mycobacterium tuberculosis,SAMEA5569662,82,4347731,1.00
1773.31914,1773,Mycobacterium tuberculosis,SAMEA5569663,81,4346204,0.50
1773.31913,1773,Mycobacterium tuberculosis,SAMEA5569665,85,4301320,0.25
1773.31912,1773,Mycobacterium tuberculosis,SAMEA5569666,87,4345464,0.50
1773.31922,1773,Mycobacterium tuberculosis,SAMEA5569667,85,4306607,0.50
1773.31921,1773,Mycobacterium tuberculosis,SAMEA5569668,99,4343379,0.50
1773.31920,1773,Mycobacterium tuberculosis,SAMEA5569669,118,4336674,0.12
1773.31925,1773,Mycobacterium tuberculosis,SAMEA5569670,93,4354666,0.25
1773.31923,1773,Mycobacterium tuberculosis,SAMEA5569673,80,4307939,0.50
1773.31930,1773,Mycobacterium tuberculosis,SAMEA5569677,94,4345381,0.50
1773.31931,1773,Mycobacterium tuberculosis,SAMEA5569678,99,4344778,0.50
1773.31932,1773,Mycobacterium tuberculosis,SAMEA5569680,99,4346551,0.25
1773.43250,1773,Mycobacterium tuberculosis,SAMEA5569681,77,4355279,0.50
1773.31934,1773,Mycobacterium tuberculosis,SAMEA5569682,113,4343543,0.50
1773.31935,1773,Mycobacterium tuberculosis,SAMEA5569683,79,4310105,0.50
1773.31936,1773,Mycobacterium tuberculosis,SAMEA5569684,91,4345368,1.00
1773.31939,1773,Mycobacterium tuberculosis,SAMEA5569685,87,4300032,0.50
1773.31937,1773,Mycobacterium tuberculosis,SAMEA5569687,113,4345323,1.00
1773.31940,1773,Mycobacterium tuberculosis,SAMEA5569688,105,4355390,0.25
1773.31941,1773,Mycobacterium tuberculosis,SAMEA5569689,86,4347401,0.50
1773.31944,1773,Mycobacterium tuberculosis,SAMEA5569691,94,4356671,0.50
1773.31947,1773,Mycobacterium tuberculosis,SAMEA5569695,527,4023608,0.25
1773.31946,1773,Mycobacterium tuberculosis,SAMEA5569696,536,4054839,0.50
1773.31951,1773,Mycobacterium tuberculosis,SAMEA5569699,486,4080775,0.50
1773.31950,1773,Mycobacterium tuberculosis,SAMEA5569700,310,4179784,0.50
1773.31952,1773,Mycobacterium tuberculosis,SAMEA5569701,234,4215351,0.25
1773.31954,1773,Mycobacterium tuberculosis,SAMEA5569703,615,3978264,0.12
1773.31956,1773,Mycobacterium tuberculosis,SAMEA5569705,492,4083112,0.25
1773.31958,1773,Mycobacterium tuberculosis,SAMEA5569707,634,3932229,0.25
1773.31959,1773,Mycobacterium tuberculosis,SAMEA5569708,399,4150951,0.50
1773.31960,1773,Mycobacterium tuberculosis,SAMEA5569709,326,4185443,0.50
1773.31964,1773,Mycobacterium tuberculosis,SAMEA5569712,584,4007591,0.50
1773.31963,1773,Mycobacterium tuberculosis,SAMEA5569713,668,3917547,0.12
1773.31966,1773,Mycobacterium tuberculosis,SAMEA5569714,624,3961529,0.25
1773.31965,1773,Mycobacterium tuberculosis,SAMEA5569715,570,4007867,0.50
1773.31968,1773,Mycobacterium tuberculosis,SAMEA5569716,439,4104104,0.50
1773.31967,1773,Mycobacterium tuberculosis,SAMEA5569717,549,3974786,1.00
1773.31969,1773,Mycobacterium tuberculosis,SAMEA5569718,530,4066290,0.50
1773.31971,1773,Mycobacterium tuberculosis,SAMEA5569719,824,3724574,0.25
1773.31970,1773,Mycobacterium tuberculosis,SAMEA5569720,560,4011521,0.50
1773.31973,1773,Mycobacterium tuberculosis,SAMEA5569721,357,4175037,0.50
1773.31975,1773,Mycobacterium tuberculosis,SAMEA5569722,590,4031474,0.50
1773.31974,1773,Mycobacterium tuberculosis,SAMEA5569723,416,4128682,0.50
1773.31972,1773,Mycobacterium tuberculosis,SAMEA5569725,454,4099022,0.50
1773.31977,1773,Mycobacterium tuberculosis,SAMEA5569726,743,3839179,0.50
1773.31981,1773,Mycobacterium tuberculosis,SAMEA5569731,584,4025853,0.50
1773.31982,1773,Mycobacterium tuberculosis,SAMEA5569732,469,4092554,0.50
1773.31983,1773,Mycobacterium tuberculosis,SAMEA5569733,600,4002014,0.50
1773.31985,1773,Mycobacterium tuberculosis,SAMEA5569734,682,3901335,0.50
1773.31984,1773,Mycobacterium tuberculosis,SAMEA5569735,930,3550331,0.50
1773.31986,1773,Mycobacterium tuberculosis,SAMEA5569736,499,4031375,0.50
1773.31988,1773,Mycobacterium tuberculosis,SAMEA5569737,728,3848561,0.50
1773.31987,1773,Mycobacterium tuberculosis,SAMEA5569738,651,3919708,0.50
1773.31990,1773,Mycobacterium tuberculosis,SAMEA5569739,755,3842064,0.50
1773.31994,1773,Mycobacterium tuberculosis,SAMEA5569740,546,4039074,0.50
1773.31992,1773,Mycobacterium tuberculosis,SAMEA5569741,606,3969165,1.00
1773.31991,1773,Mycobacterium tuberculosis,SAMEA5569742,781,3760931,0.50
1773.31993,1773,Mycobacterium tuberculosis,SAMEA5569743,862,3633510,0.50
1773.31989,1773,Mycobacterium tuberculosis,SAMEA5569744,840,3744777,0.50
1773.31996,1773,Mycobacterium tuberculosis,SAMEA5569745,814,3756660,0.50
1773.31999,1773,Mycobacterium tuberculosis,SAMEA5569747,668,3952015,0.50
1773.31997,1773,Mycobacterium tuberculosis,SAMEA5569748,560,4053269,0.50
1773.31998,1773,Mycobacterium tuberculosis,SAMEA5569749,706,3870507,0.50
1773.43236,1773,Mycobacterium tuberculosis,SAMEA5569750,788,3777147,0.50
1773.43260,1773,Mycobacterium tuberculosis,SAMEA5569751,778,3804771,0.50
1773.32000,1773,Mycobacterium tuberculosis,SAMEA5569752,1071,3773831,0.50
1773.32001,1773,Mycobacterium tuberculosis,SAMEA5569754,783,3751822,0.50
1773.32003,1773,Mycobacterium tuberculosis,SAMEA5569755,776,3745595,0.50
1773.32006,1773,Mycobacterium tuberculosis,SAMEA5569757,651,3904132,0.50
1773.43279,1773,Mycobacterium tuberculosis,SAMEA5569759,774,3767935,0.50
1773.32005,1773,Mycobacterium tuberculosis,SAMEA5569760,810,3695924,0.50
1773.32009,1773,Mycobacterium tuberculosis,SAMEA5569761,929,3472763,0.25
1773.32008,1773,Mycobacterium tuberculosis,SAMEA5569762,729,3832026,0.50
1773.32010,1773,Mycobacterium tuberculosis,SAMEA5569763,731,3757872,0.25
1773.32011,1773,Mycobacterium tuberculosis,SAMEA5569764,672,3918899,0.50
1773.32014,1773,Mycobacterium tuberculosis,SAMEA5569767,641,3941083,1.00
1773.32013,1773,Mycobacterium tuberculosis,SAMEA5569768,409,4147921,0.50
1773.32016,1773,Mycobacterium tuberculosis,SAMEA5569769,765,3790598,0.50
1773.32017,1773,Mycobacterium tuberculosis,SAMEA5569770,763,3839159,0.50
1773.32018,1773,Mycobacterium tuberculosis,SAMEA5569771,741,3820752,0.50
1773.32019,1773,Mycobacterium tuberculosis,SAMEA5569772,698,3862644,0.50
1773.32020,1773,Mycobacterium tuberculosis,SAMEA5569773,615,3941655,0.50
1773.32022,1773,Mycobacterium tuberculosis,SAMEA5569775,658,3924124,0.50
1773.32023,1773,Mycobacterium tuberculosis,SAMEA5569776,617,3956525,0.06
1773.32025,1773,Mycobacterium tuberculosis,SAMEA5569777,616,4006993,0.50
1773.32024,1773,Mycobacterium tuberculosis,SAMEA5569778,712,3887373,0.50
1773.32029,1773,Mycobacterium tuberculosis,SAMEA5569779,745,3852450,0.50
1773.32026,1773,Mycobacterium tuberculosis,SAMEA5569780,735,3869666,0.25
1773.32031,1773,Mycobacterium tuberculosis,SAMEA5569781,402,4097691,1.00
1773.32027,1773,Mycobacterium tuberculosis,SAMEA5569782,301,4193201,0.50
1773.32030,1773,Mycobacterium tuberculosis,SAMEA5569783,403,4130353,0.50
1773.32028,1773,Mycobacterium tuberculosis,SAMEA5569784,498,4089901,0.50
1773.32034,1773,Mycobacterium tuberculosis,SAMEA5569786,634,3987690,0.50
1773.32033,1773,Mycobacterium tuberculosis,SAMEA5569787,672,3903237,0.50
1773.32036,1773,Mycobacterium tuberculosis,SAMEA5569788,624,3984219,0.50
1773.32035,1773,Mycobacterium tuberculosis,SAMEA5569790,99,4330753,0.50
1773.32037,1773,Mycobacterium tuberculosis,SAMEA5569792,112,4290123,0.50
1773.32039,1773,Mycobacterium tuberculosis,SAMEA5569793,120,4293701,1.00
1773.32040,1773,Mycobacterium tuberculosis,SAMEA5569794,100,4314629,0.50
1773.32044,1773,Mycobacterium tuberculosis,SAMEA5569799,106,4307207,0.50
1773.32042,1773,Mycobacterium tuberculosis,SAMEA5569800,115,4304828,0.25
1773.43242,1773,Mycobacterium tuberculosis,SAMEA5569801,102,4298484,0.50
1773.32041,1773,Mycobacterium tuberculosis,SAMEA5569802,115,4234325,0.50
1773.32049,1773,Mycobacterium tuberculosis,SAMEA5569805,114,4299488,0.25
1773.32050,1773,Mycobacterium tuberculosis,SAMEA5569806,115,4299647,0.50
1773.32047,1773,Mycobacterium tuberculosis,SAMEA5569808,105,4258007,0.50
1773.32053,1773,Mycobacterium tuberculosis,SAMEA5569809,106,4240871,1.00
1773.32052,1773,Mycobacterium tuberculosis,SAMEA5569810,114,4295827,0.50
1773.32058,1773,Mycobacterium tuberculosis,SAMEA5569812,110,4243982,0.50
1773.32063,1773,Mycobacterium tuberculosis,SAMEA5569814,125,4306621,0.50
1773.32060,1773,Mycobacterium tuberculosis,SAMEA5569815,105,4317395,0.50
1773.32086,1773,Mycobacterium tuberculosis,SAMEA5569816,150,4290593,0.50
1773.32062,1773,Mycobacterium tuberculosis,SAMEA5569817,104,4346688,0.25
1773.32061,1773,Mycobacterium tuberculosis,SAMEA5569818,111,4291175,0.50
1773.32056,1773,Mycobacterium tuberculosis,SAMEA5569819,133,4245509,0.50
1773.32057,1773,Mycobacterium tuberculosis,SAMEA5569820,110,4300072,0.50
1773.32054,1773,Mycobacterium tuberculosis,SAMEA5569821,103,4302287,0.50
1773.32064,1773,Mycobacterium tuberculosis,SAMEA5569823,102,4242620,0.50
1773.32065,1773,Mycobacterium tuberculosis,SAMEA5569824,113,4309217,0.50
1773.32066,1773,Mycobacterium tuberculosis,SAMEA5569825,124,4260345,0.50
1773.32070,1773,Mycobacterium tuberculosis,SAMEA5569826,104,4316872,0.50
1773.43243,1773,Mycobacterium tuberculosis,SAMEA5569827,106,4283258,0.50
1773.32067,1773,Mycobacterium tuberculosis,SAMEA5569829,104,4298464,0.50
1773.32068,1773,Mycobacterium tuberculosis,SAMEA5569831,114,4308424,0.25
1773.32101,1773,Mycobacterium tuberculosis,SAMEA5569832,105,4312790,0.50
1773.32071,1773,Mycobacterium tuberculosis,SAMEA5569833,107,4329751,1.00
1773.32072,1773,Mycobacterium tuberculosis,SAMEA5569834,96,4336236,0.50
1773.32074,1773,Mycobacterium tuberculosis,SAMEA5569836,137,4294624,0.50
1773.32075,1773,Mycobacterium tuberculosis,SAMEA5569837,120,4310031,0.06
1773.32076,1773,Mycobacterium tuberculosis,SAMEA5569838,95,4335111,0.50
1773.32119,1773,Mycobacterium tuberculosis,SAMEA5569839,95,4295095,0.50
1773.32078,1773,Mycobacterium tuberculosis,SAMEA5569840,93,4368437,0.25
1773.32079,1773,Mycobacterium tuberculosis,SAMEA5569841,128,4308927,0.50
1773.32080,1773,Mycobacterium tuberculosis,SAMEA5569843,98,4317613,0.50
1773.32084,1773,Mycobacterium tuberculosis,SAMEA5569844,110,4314971,0.25
1773.32082,1773,Mycobacterium tuberculosis,SAMEA5569845,105,4300333,0.25
1773.32083,1773,Mycobacterium tuberculosis,SAMEA5569846,92,4357097,0.25
1773.32081,1773,Mycobacterium tuberculosis,SAMEA5569847,111,4338175,0.50
1773.32085,1773,Mycobacterium tuberculosis,SAMEA5569848,139,4275268,0.50
1773.32089,1773,Mycobacterium tuberculosis,SAMEA5569849,102,4323995,0.50
1773.32087,1773,Mycobacterium tuberculosis,SAMEA5569850,99,4323960,0.50
1773.32090,1773,Mycobacterium tuberculosis,SAMEA5569851,101,4312319,0.50
1773.32088,1773,Mycobacterium tuberculosis,SAMEA5569852,108,4257120,0.50
1773.32091,1773,Mycobacterium tuberculosis,SAMEA5569853,108,4307697,0.25
1773.32092,1773,Mycobacterium tuberculosis,SAMEA5569855,108,4310591,0.50
1773.32093,1773,Mycobacterium tuberculosis,SAMEA5569856,100,4322821,0.50
1773.32095,1773,Mycobacterium tuberculosis,SAMEA5569857,107,4336839,0.50
1773.32094,1773,Mycobacterium tuberculosis,SAMEA5569858,107,4314286,0.50
1773.32100,1773,Mycobacterium tuberculosis,SAMEA5569860,113,4300992,0.50
1773.32099,1773,Mycobacterium tuberculosis,SAMEA5569861,114,4252310,0.25
1773.32104,1773,Mycobacterium tuberculosis,SAMEA5569866,106,4276321,0.50
1773.32105,1773,Mycobacterium tuberculosis,SAMEA5569867,121,4274868,0.50
1773.32106,1773,Mycobacterium tuberculosis,SAMEA5569868,115,4282235,0.50
1773.32107,1773,Mycobacterium tuberculosis,SAMEA5569869,132,4275656,0.50
1773.32109,1773,Mycobacterium tuberculosis,SAMEA5569870,101,4270005,0.25
1773.32108,1773,Mycobacterium tuberculosis,SAMEA5569871,117,4267856,1.00
1773.32111,1773,Mycobacterium tuberculosis,SAMEA5569872,114,4291169,1.00
1773.32110,1773,Mycobacterium tuberculosis,SAMEA5569873,117,4290756,1.00
1773.32112,1773,Mycobacterium tuberculosis,SAMEA5569875,126,4282172,0.50
1773.32115,1773,Mycobacterium tuberculosis,SAMEA5569876,131,4270355,0.50
1773.32113,1773,Mycobacterium tuberculosis,SAMEA5569877,125,4281757,0.50
1773.32116,1773,Mycobacterium tuberculosis,SAMEA5569878,100,4326819,0.25
1773.43247,1773,Mycobacterium tuberculosis,SAMEA5569879,106,4292351,0.06
1773.32117,1773,Mycobacterium tuberculosis,SAMEA5569881,107,4259872,0.25
1773.32118,1773,Mycobacterium tuberculosis,SAMEA5569883,116,4288502,0.25
1773.32125,1773,Mycobacterium tuberculosis,SAMEA5569884,108,4282590,0.50
1773.32124,1773,Mycobacterium tuberculosis,SAMEA5569886,117,4292238,0.50
1773.32123,1773,Mycobacterium tuberculosis,SAMEA5569887,96,4338684,0.50
1773.32120,1773,Mycobacterium tuberculosis,SAMEA5569888,80,4336882,0.50
1773.43255,1773,Mycobacterium tuberculosis,SAMEA5569891,94,4346744,0.50
1773.32126,1773,Mycobacterium tuberculosis,SAMEA5569892,126,4333608,0.25
1773.32129,1773,Mycobacterium tuberculosis,SAMEA5569894,123,4336336,0.50
1773.32131,1773,Mycobacterium tuberculosis,SAMEA5569898,90,4349874,0.50
1773.32133,1773,Mycobacterium tuberculosis,SAMEA5569899,138,4324103,0.50
1773.32134,1773,Mycobacterium tuberculosis,SAMEA5569900,118,4317464,0.50
1773.32138,1773,Mycobacterium tuberculosis,SAMEA5569906,95,4339514,0.50
1773.32137,1773,Mycobacterium tuberculosis,SAMEA5569907,80,4356933,0.50
1773.32142,1773,Mycobacterium tuberculosis,SAMEA5569908,100,4349096,0.50
1773.43235,1773,Mycobacterium tuberculosis,SAMEA5569911,87,4347249,0.50
1773.32146,1773,Mycobacterium tuberculosis,SAMEA5569912,99,4343069,0.50
1773.32145,1773,Mycobacterium tuberculosis,SAMEA5569913,85,4352568,0.50
1773.32148,1773,Mycobacterium tuberculosis,SAMEA5569916,78,4345509,0.50
1773.32149,1773,Mycobacterium tuberculosis,SAMEA5569917,85,4353731,0.25
1773.32150,1773,Mycobacterium tuberculosis,SAMEA5569919,86,4341236,0.50
1773.32152,1773,Mycobacterium tuberculosis,SAMEA5569920,81,4354488,0.50
1773.32151,1773,Mycobacterium tuberculosis,SAMEA5569921,85,4356476,0.25
1773.32153,1773,Mycobacterium tuberculosis,SAMEA5569922,82,4354917,1.00
1773.32155,1773,Mycobacterium tuberculosis,SAMEA5569926,82,4348084,0.50
1773.32161,1773,Mycobacterium tuberculosis,SAMEA5569929,83,4355163,0.50
1773.32164,1773,Mycobacterium tuberculosis,SAMEA5569932,92,4335534,0.06
1773.32168,1773,Mycobacterium tuberculosis,SAMEA5569934,84,4360787,0.50
1773.32166,1773,Mycobacterium tuberculosis,SAMEA5569935,95,4350440,0.50
1773.32169,1773,Mycobacterium tuberculosis,SAMEA5569938,82,4355605,0.50
1773.32172,1773,Mycobacterium tuberculosis,SAMEA5569939,101,4344202,0.50
1773.32173,1773,Mycobacterium tuberculosis,SAMEA5569940,74,4329194,0.50
1773.32174,1773,Mycobacterium tuberculosis,SAMEA5569941,78,4349740,0.25
1773.32170,1773,Mycobacterium tuberculosis,SAMEA5569942,108,4343466,0.50
1773.32171,1773,Mycobacterium tuberculosis,SAMEA5569943,77,4349453,0.25
1773.32175,1773,Mycobacterium tuberculosis,SAMEA5569944,96,4347659,0.50
1773.32177,1773,Mycobacterium tuberculosis,SAMEA5569946,79,4311446,0.50
1773.32179,1773,Mycobacterium tuberculosis,SAMEA5569947,70,4358742,0.50
1773.32180,1773,Mycobacterium tuberculosis,SAMEA5569948,93,4336352,0.50
1773.32178,1773,Mycobacterium tuberculosis,SAMEA5569949,107,4342855,0.50
1773.32186,1773,Mycobacterium tuberculosis,SAMEA5569950,72,4356384,0.50
1773.32188,1773,Mycobacterium tuberculosis,SAMEA5569951,93,4349254,0.50
1773.32189,1773,Mycobacterium tuberculosis,SAMEA5569952,93,4351939,1.00
1773.32187,1773,Mycobacterium tuberculosis,SAMEA5569953,78,4360640,0.50
1773.32181,1773,Mycobacterium tuberculosis,SAMEA5569955,75,4344716,0.50
1773.32183,1773,Mycobacterium tuberculosis,SAMEA5569956,88,4344640,0.25
1773.32184,1773,Mycobacterium tuberculosis,SAMEA5569957,83,4352958,0.50
1773.32182,1773,Mycobacterium tuberculosis,SAMEA5569958,99,4350936,0.50
1773.32185,1773,Mycobacterium tuberculosis,SAMEA5569960,79,4347824,0.50
1773.32193,1773,Mycobacterium tuberculosis,SAMEA5569962,78,4313627,0.50
1773.32196,1773,Mycobacterium tuberculosis,SAMEA5569965,91,4360677,0.50
1773.32198,1773,Mycobacterium tuberculosis,SAMEA5569966,84,4352488,0.50
1773.32195,1773,Mycobacterium tuberculosis,SAMEA5569968,98,4326907,0.50
1773.32200,1773,Mycobacterium tuberculosis,SAMEA5569969,96,4350164,0.25
1773.32202,1773,Mycobacterium tuberculosis,SAMEA5569970,89,4350442,0.50
1773.32201,1773,Mycobacterium tuberculosis,SAMEA5569972,94,4336184,0.25
1773.32204,1773,Mycobacterium tuberculosis,SAMEA5569973,94,4351386,0.25
1773.32203,1773,Mycobacterium tuberculosis,SAMEA5569974,98,4356199,0.50
1773.43234,1773,Mycobacterium tuberculosis,SAMEA5569978,110,4337207,0.50
1773.32208,1773,Mycobacterium tuberculosis,SAMEA5569980,83,4340033,0.25
1773.32209,1773,Mycobacterium tuberculosis,SAMEA5569981,101,4349156,0.50
1773.32211,1773,Mycobacterium tuberculosis,SAMEA5569983,87,4351677,0.50
1773.32210,1773,Mycobacterium tuberculosis,SAMEA5569984,86,4351937,0.50
1773.32212,1773,Mycobacterium tuberculosis,SAMEA5569986,99,4332972,0.25
1773.32215,1773,Mycobacterium tuberculosis,SAMEA5569988,93,4348327,0.50
1773.32216,1773,Mycobacterium tuberculosis,SAMEA5569989,94,4356575,0.25
1773.32218,1773,Mycobacterium tuberculosis,SAMEA5569990,128,4317817,0.50
1773.32219,1773,Mycobacterium tuberculosis,SAMEA5569993,95,4344571,0.50
1773.32220,1773,Mycobacterium tuberculosis,SAMEA5569994,74,4312671,0.50
1773.43239,1773,Mycobacterium tuberculosis,SAMEA5569996,88,4355393,0.50
1773.43237,1773,Mycobacterium tuberculosis,SAMEA5569997,82,4341441,0.50
1773.43238,1773,Mycobacterium tuberculosis,SAMEA5569998,84,4352002,0.25
1773.32221,1773,Mycobacterium tuberculosis,SAMEA5569999,100,4344911,0.50
1773.32222,1773,Mycobacterium tuberculosis,SAMEA5570000,82,4355390,1.00
1773.32227,1773,Mycobacterium tuberculosis,SAMEA5570001,92,4349181,1.00
1773.32225,1773,Mycobacterium tuberculosis,SAMEA5570002,72,4351628,0.50
1773.32226,1773,Mycobacterium tuberculosis,SAMEA5570003,75,4358959,0.50
1773.43261,1773,Mycobacterium tuberculosis,SAMEA5570005,71,4354851,0.50
1773.32224,1773,Mycobacterium tuberculosis,SAMEA5570006,96,4352430,0.50
1773.32223,1773,Mycobacterium tuberculosis,SAMEA5570007,79,4349656,0.50
1773.32228,1773,Mycobacterium tuberculosis,SAMEA5570008,71,4369355,1.00
1773.32229,1773,Mycobacterium tuberculosis,SAMEA5570009,71,4362757,0.50
1773.32230,1773,Mycobacterium tuberculosis,SAMEA5570010,81,4357631,0.50
1773.32231,1773,Mycobacterium tuberculosis,SAMEA5570011,86,4357093,0.50
1773.32234,1773,Mycobacterium tuberculosis,SAMEA5570013,85,4362796,0.25
1773.32235,1773,Mycobacterium tuberculosis,SAMEA5570015,79,4362177,0.50
1773.32238,1773,Mycobacterium tuberculosis,SAMEA5570017,84,4356932,0.50
1773.32239,1773,Mycobacterium tuberculosis,SAMEA5570018,82,4357236,0.50
1773.32237,1773,Mycobacterium tuberculosis,SAMEA5570019,98,4346633,0.50
1773.32240,1773,Mycobacterium tuberculosis,SAMEA5570020,68,4371361,0.50
1773.32243,1773,Mycobacterium tuberculosis,SAMEA5570021,75,4362242,0.50
1773.32242,1773,Mycobacterium tuberculosis,SAMEA5570022,79,4314780,0.50
1773.32245,1773,Mycobacterium tuberculosis,SAMEA5570025,95,4357428,0.50
1773.32247,1773,Mycobacterium tuberculosis,SAMEA5570027,83,4357194,0.12
1773.32250,1773,Mycobacterium tuberculosis,SAMEA5570028,82,4356845,0.25
1773.32249,1773,Mycobacterium tuberculosis,SAMEA5570029,73,4313390,0.50
1773.32248,1773,Mycobacterium tuberculosis,SAMEA5570030,84,4357136,0.50
1773.32251,1773,Mycobacterium tuberculosis,SAMEA5570031,100,4350419,0.50
1773.32253,1773,Mycobacterium tuberculosis,SAMEA5570033,98,4356804,0.50
1773.32252,1773,Mycobacterium tuberculosis,SAMEA5570035,72,4358655,0.50
1773.32256,1773,Mycobacterium tuberculosis,SAMEA5570036,111,4349917,0.50
1773.32257,1773,Mycobacterium tuberculosis,SAMEA5570037,98,4349775,0.50
1773.32259,1773,Mycobacterium tuberculosis,SAMEA5570039,73,4361084,0.50
1773.32261,1773,Mycobacterium tuberculosis,SAMEA5570040,81,4355455,0.50
1773.32260,1773,Mycobacterium tuberculosis,SAMEA5570041,79,4314374,0.50
1773.32262,1773,Mycobacterium tuberculosis,SAMEA5570042,82,4370153,0.50
1773.32265,1773,Mycobacterium tuberculosis,SAMEA5570043,83,4357284,0.25
1773.32267,1773,Mycobacterium tuberculosis,SAMEA5570046,101,4352256,0.50
1773.32266,1773,Mycobacterium tuberculosis,SAMEA5570047,83,4349237,0.25
1773.32273,1773,Mycobacterium tuberculosis,SAMEA5570049,92,4353952,0.50
1773.32269,1773,Mycobacterium tuberculosis,SAMEA5570050,108,4339118,0.50
1773.32268,1773,Mycobacterium tuberculosis,SAMEA5570052,72,4361279,0.50
1773.32270,1773,Mycobacterium tuberculosis,SAMEA5570053,68,4362722,0.50
1773.32271,1773,Mycobacterium tuberculosis,SAMEA5570054,84,4354076,0.25
1773.32276,1773,Mycobacterium tuberculosis,SAMEA5570055,106,4348942,0.50
1773.32275,1773,Mycobacterium tuberculosis,SAMEA5570056,75,4359511,0.50
1773.32274,1773,Mycobacterium tuberculosis,SAMEA5570057,71,4371880,0.50
1773.32277,1773,Mycobacterium tuberculosis,SAMEA5570058,85,4351224,0.25
1773.32279,1773,Mycobacterium tuberculosis,SAMEA5570059,85,4353805,0.50
1773.43259,1773,Mycobacterium tuberculosis,SAMEA5570060,82,4358593,0.25
1773.32282,1773,Mycobacterium tuberculosis,SAMEA5570064,70,4358984,0.25
1773.32283,1773,Mycobacterium tuberculosis,SAMEA5570065,71,4360039,1.00
1773.32284,1773,Mycobacterium tuberculosis,SAMEA5570066,83,4347023,0.25
1773.43257,1773,Mycobacterium tuberculosis,SAMEA5570067,110,4332140,0.50
1773.32286,1773,Mycobacterium tuberculosis,SAMEA5570069,78,4354815,0.25
1773.32289,1773,Mycobacterium tuberculosis,SAMEA5570070,89,4347490,0.50
1773.32287,1773,Mycobacterium tuberculosis,SAMEA5570071,85,4346134,0.12
1773.32288,1773,Mycobacterium tuberculosis,SAMEA5570072,78,4350770,0.50
1773.32290,1773,Mycobacterium tuberculosis,SAMEA5570073,77,4352839,0.50
1773.32294,1773,Mycobacterium tuberculosis,SAMEA5570075,91,4306489,0.25
1773.32291,1773,Mycobacterium tuberculosis,SAMEA5570076,92,4345719,0.50
1773.32293,1773,Mycobacterium tuberculosis,SAMEA5570077,88,4353328,0.06
1773.40636,1773,Mycobacterium tuberculosis,SAMEA7524712,107,4342786,0.5
1773.40640,1773,Mycobacterium tuberculosis,SAMEA7524713,99,4330022,0.5
1773.40638,1773,Mycobacterium tuberculosis,SAMEA7524720,106,4342101,0.5
1773.40643,1773,Mycobacterium tuberculosis,SAMEA7524721,101,4345987,0.5
1773.40655,1773,Mycobacterium tuberculosis,SAMEA7524731,108,4360973,0.03
1773.40658,1773,Mycobacterium tuberculosis,SAMEA7524732,108,4349229,0.5
1773.40652,1773,Mycobacterium tuberculosis,SAMEA7524735,113,4335690,0.5
1773.40659,1773,Mycobacterium tuberculosis,SAMEA7524738,107,4342806,0.5
1773.40664,1773,Mycobacterium tuberculosis,SAMEA7524743,103,4337787,0.5
1773.40679,1773,Mycobacterium tuberculosis,SAMEA7524744,108,4334375,2
1773.40676,1773,Mycobacterium tuberculosis,SAMEA7524746,96,4375700,1
1773.40669,1773,Mycobacterium tuberculosis,SAMEA7524748,92,4348445,0.25
1773.40674,1773,Mycobacterium tuberculosis,SAMEA7524756,266,9226973,1
1773.40689,1773,Mycobacterium tuberculosis,SAMEA7524760,105,4361171,0.5
1773.40683,1773,Mycobacterium tuberculosis,SAMEA7524767,100,4313601,0.25
1773.40694,1773,Mycobacterium tuberculosis,SAMEA7524771,89,4383989,0.25
1773.40713,1773,Mycobacterium tuberculosis,SAMEA7524795,132,4345829,0.5
1773.40716,1773,Mycobacterium tuberculosis,SAMEA7524798,92,4347939,0.5
1773.40720,1773,Mycobacterium tuberculosis,SAMEA7524802,105,4344686,0.25
1773.40721,1773,Mycobacterium tuberculosis,SAMEA7524803,101,4396609,0.25
1773.40722,1773,Mycobacterium tuberculosis,SAMEA7524804,175,4751053,0.25
1773.40717,1773,Mycobacterium tuberculosis,SAMEA7524805,89,4383886,0.25
1773.43683,1773,Mycobacterium tuberculosis,SAMEA7524812,93,4365197,0.5
1773.43682,1773,Mycobacterium tuberculosis,SAMEA7524814,113,4309537,0.5
1773.40732,1773,Mycobacterium tuberculosis,SAMEA7524815,114,4343218,2
1773.40730,1773,Mycobacterium tuberculosis,SAMEA7524820,106,4374162,0.5
1773.40738,1773,Mycobacterium tuberculosis,SAMEA7524823,94,4372236,0.03
1773.40742,1773,Mycobacterium tuberculosis,SAMEA7524824,103,4330844,0.25
1773.40745,1773,Mycobacterium tuberculosis,SAMEA7524827,284,4279742,1
1773.40750,1773,Mycobacterium tuberculosis,SAMEA7524829,156,4349789,1
1773.40749,1773,Mycobacterium tuberculosis,SAMEA7524830,112,4340222,0.25
1773.40755,1773,Mycobacterium tuberculosis,SAMEA7524831,118,4344641,0.25
1773.40747,1773,Mycobacterium tuberculosis,SAMEA7524833,149,4345128,0.5
1773.40748,1773,Mycobacterium tuberculosis,SAMEA7524834,123,4337641,0.25
1773.40746,1773,Mycobacterium tuberculosis,SAMEA7524835,93,4370819,0.5
1773.40756,1773,Mycobacterium tuberculosis,SAMEA7524839,100,4337773,0.5
1773.40762,1773,Mycobacterium tuberculosis,SAMEA7524844,101,4347050,0.25
1773.40767,1773,Mycobacterium tuberculosis,SAMEA7524849,119,4377060,0.5
1773.40770,1773,Mycobacterium tuberculosis,SAMEA7524853,164,4340010,0.25
1773.40779,1773,Mycobacterium tuberculosis,SAMEA7524858,167,4327224,0.03
1773.40773,1773,Mycobacterium tuberculosis,SAMEA7524861,151,4344622,1
1773.40780,1773,Mycobacterium tuberculosis,SAMEA7524862,115,4340276,0.5
1773.40790,1773,Mycobacterium tuberculosis,SAMEA7524863,94,4381030,0.5
1773.40785,1773,Mycobacterium tuberculosis,SAMEA7524866,88,4359295,0.125
1773.40783,1773,Mycobacterium tuberculosis,SAMEA7524870,184,4293030,0.25
1773.40782,1773,Mycobacterium tuberculosis,SAMEA7524874,77,4381961,0.5
1773.40868,1773,Mycobacterium tuberculosis,SAMEA7524875,92,4368423,0.25
1773.40793,1773,Mycobacterium tuberculosis,SAMEA7524877,92,4343270,0.5
1773.40795,1773,Mycobacterium tuberculosis,SAMEA7524878,105,4369070,1
1773.40794,1773,Mycobacterium tuberculosis,SAMEA7524879,116,4346001,0.5
1773.40798,1773,Mycobacterium tuberculosis,SAMEA7524880,98,4349253,0.5
1773.40801,1773,Mycobacterium tuberculosis,SAMEA7524885,124,4365354,0.5
1773.40802,1773,Mycobacterium tuberculosis,SAMEA7524886,104,4372523,0.5
1773.43681,1773,Mycobacterium tuberculosis,SAMEA7524887,100,4352128,0.5
1773.40803,1773,Mycobacterium tuberculosis,SAMEA7524888,101,4344074,0.5
1773.40807,1773,Mycobacterium tuberculosis,SAMEA7524891,129,4339812,0.25
1773.40812,1773,Mycobacterium tuberculosis,SAMEA7524893,191,4344169,0.03
1773.40811,1773,Mycobacterium tuberculosis,SAMEA7524894,109,4342324,0.5
1773.40813,1773,Mycobacterium tuberculosis,SAMEA7524896,97,4345897,0.5
1773.40810,1773,Mycobacterium tuberculosis,SAMEA7524899,178,4353201,0.5
1773.40818,1773,Mycobacterium tuberculosis,SAMEA7524902,102,4360330,0.5
1773.40821,1773,Mycobacterium tuberculosis,SAMEA7524904,99,4345317,0.5
1773.40822,1773,Mycobacterium tuberculosis,SAMEA7524905,100,4344626,0.5
1773.40823,1773,Mycobacterium tuberculosis,SAMEA7524907,116,4369082,0.25
1773.40825,1773,Mycobacterium tuberculosis,SAMEA7524910,85,4382235,0.5
1773.40827,1773,Mycobacterium tuberculosis,SAMEA7524912,216,4325949,0.25
1773.43691,1773,Mycobacterium tuberculosis,SAMEA7524913,99,4381950,0.5
1773.40826,1773,Mycobacterium tuberculosis,SAMEA7524914,115,4376552,0.5
1773.40837,1773,Mycobacterium tuberculosis,SAMEA7524915,104,4368546,0.5
1773.40833,1773,Mycobacterium tuberculosis,SAMEA7524917,98,4362375,1
1773.43687,1773,Mycobacterium tuberculosis,SAMEA7524919,94,4365130,1
1773.40835,1773,Mycobacterium tuberculosis,SAMEA7524921,100,4376216,0.5
1773.40834,1773,Mycobacterium tuberculosis,SAMEA7524922,99,4347439,0.25
1773.40841,1773,Mycobacterium tuberculosis,SAMEA7524924,125,4346569,0.25
1773.40839,1773,Mycobacterium tuberculosis,SAMEA7524925,98,4342681,0.5
1773.40840,1773,Mycobacterium tuberculosis,SAMEA7524926,107,4384882,0.5
1773.40842,1773,Mycobacterium tuberculosis,SAMEA7524928,845,11008914,0.25
1773.40845,1773,Mycobacterium tuberculosis,SAMEA7524931,95,4363422,0.25
1773.40848,1773,Mycobacterium tuberculosis,SAMEA7524934,122,4347232,0.25
1773.40850,1773,Mycobacterium tuberculosis,SAMEA7524937,100,4338336,0.5
1773.40854,1773,Mycobacterium tuberculosis,SAMEA7524938,101,4342105,0.5
1773.40851,1773,Mycobacterium tuberculosis,SAMEA7524941,90,4369926,0.25
1773.40862,1773,Mycobacterium tuberculosis,SAMEA7524946,135,4377319,0.25
1773.40863,1773,Mycobacterium tuberculosis,SAMEA7524947,147,4340377,0.25
1773.40864,1773,Mycobacterium tuberculosis,SAMEA7524951,123,4341521,0.5
1773.40866,1773,Mycobacterium tuberculosis,SAMEA7524954,151,4367864,0.125
1773.40869,1773,Mycobacterium tuberculosis,SAMEA7524955,86,4365062,0.5
1773.40889,1773,Mycobacterium tuberculosis,SAMEA7524956,119,4362792,0.5
1773.40888,1773,Mycobacterium tuberculosis,SAMEA7524957,103,4381139,0.25
1773.40875,1773,Mycobacterium tuberculosis,SAMEA7524961,110,4273566,0.25
1773.40873,1773,Mycobacterium tuberculosis,SAMEA7524963,85,4363301,1
1773.40876,1773,Mycobacterium tuberculosis,SAMEA7524964,107,4375126,0.5
1773.40885,1773,Mycobacterium tuberculosis,SAMEA7524967,80,4372460,0.25
1773.40882,1773,Mycobacterium tuberculosis,SAMEA7524969,102,4339995,0.25
1773.40879,1773,Mycobacterium tuberculosis,SAMEA7524971,138,4258198,0.25
1773.40890,1773,Mycobacterium tuberculosis,SAMEA7524977,107,4343582,0.5
1773.40894,1773,Mycobacterium tuberculosis,SAMEA7524979,108,4376505,0.5
1773.40895,1773,Mycobacterium tuberculosis,SAMEA7524980,156,4295606,0.25
1773.40896,1773,Mycobacterium tuberculosis,SAMEA7524981,102,4348981,0.25
1773.40897,1773,Mycobacterium tuberculosis,SAMEA7524982,306,4314163,0.5
1773.40899,1773,Mycobacterium tuberculosis,SAMEA7524984,93,4349610,0.5
1773.40902,1773,Mycobacterium tuberculosis,SAMEA7524986,152,4347225,0.25
1773.40901,1773,Mycobacterium tuberculosis,SAMEA7524987,118,4371466,0.5
1773.40905,1773,Mycobacterium tuberculosis,SAMEA7524990,105,4371126,0.5
1773.40908,1773,Mycobacterium tuberculosis,SAMEA7524993,87,4370033,0.5
1773.40910,1773,Mycobacterium tuberculosis,SAMEA7524994,114,4345851,0.5
1773.40909,1773,Mycobacterium tuberculosis,SAMEA7524995,717,4044766,0.5
1773.40913,1773,Mycobacterium tuberculosis,SAMEA7524996,114,4365702,0.25
1773.40916,1773,Mycobacterium tuberculosis,SAMEA7525001,123,4361610,0.25
1773.40914,1773,Mycobacterium tuberculosis,SAMEA7525002,95,4371619,1
1773.40921,1773,Mycobacterium tuberculosis,SAMEA7525006,110,4373223,0.5
1773.40943,1773,Mycobacterium tuberculosis,SAMEA7525016,124,4342450,1
1773.40935,1773,Mycobacterium tuberculosis,SAMEA7525017,113,4343977,0.5
1773.40941,1773,Mycobacterium tuberculosis,SAMEA7525019,111,4356460,0.5
1773.40933,1773,Mycobacterium tuberculosis,SAMEA7525023,102,4361900,0.5
1773.40942,1773,Mycobacterium tuberculosis,SAMEA7525026,83,4363413,0.125
1773.40946,1773,Mycobacterium tuberculosis,SAMEA7525030,114,4367049,0.5
1773.40944,1773,Mycobacterium tuberculosis,SAMEA7525031,125,4345323,0.5
1773.40949,1773,Mycobacterium tuberculosis,SAMEA7525033,53,4282487,0.5
1773.40953,1773,Mycobacterium tuberculosis,SAMEA7525038,103,4362364,1
1773.40955,1773,Mycobacterium tuberculosis,SAMEA7525040,109,4399642,2
1773.40963,1773,Mycobacterium tuberculosis,SAMEA7525047,96,4378146,0.5
1773.40969,1773,Mycobacterium tuberculosis,SAMEA7525051,141,4325964,0.5
1773.40987,1773,Mycobacterium tuberculosis,SAMEA7525071,107,4378678,0.125
1773.40989,1773,Mycobacterium tuberculosis,SAMEA7525074,99,4365448,0.5
1773.41033,1773,Mycobacterium tuberculosis,SAMEA7525106,123,4362539,0.5
1773.41022,1773,Mycobacterium tuberculosis,SAMEA7525111,121,4336021,0.25
1773.41040,1773,Mycobacterium tuberculosis,SAMEA7525125,128,4379621,0.5
1773.41053,1773,Mycobacterium tuberculosis,SAMEA7525142,157,4337626,0.5
1773.41058,1773,Mycobacterium tuberculosis,SAMEA7525150,124,4343153,0.25
1773.41103,1773,Mycobacterium tuberculosis,SAMEA7525188,118,4376343,0.125
1773.41119,1773,Mycobacterium tuberculosis,SAMEA7525198,120,4323686,0.25
1773.41115,1773,Mycobacterium tuberculosis,SAMEA7525200,114,4296451,0.25
1773.41112,1773,Mycobacterium tuberculosis,SAMEA7525201,122,4374179,0.25
1773.41111,1773,Mycobacterium tuberculosis,SAMEA7525206,148,4344406,0.5
1773.41130,1773,Mycobacterium tuberculosis,SAMEA7525217,106,4307225,0.125
1773.41131,1773,Mycobacterium tuberculosis,SAMEA7525219,271,4320006,0.25
1773.41139,1773,Mycobacterium tuberculosis,SAMEA7525226,207,4326857,1
1773.41138,1773,Mycobacterium tuberculosis,SAMEA7525227,128,4294877,0.125
1773.41143,1773,Mycobacterium tuberculosis,SAMEA7525230,115,4338893,0.5
1773.32680,1773,Mycobacterium tuberculosis,SAMEA7525259,190,4290998,0.12
1773.41153,1773,Mycobacterium tuberculosis,SAMEA7525260,106,4386148,0.25
1773.32686,1773,Mycobacterium tuberculosis,SAMEA7525270,174,4290091,0.25
1773.41168,1773,Mycobacterium tuberculosis,SAMEA7525289,147,4343601,0.06
1773.41178,1773,Mycobacterium tuberculosis,SAMEA7525297,114,4376700,0.03
1773.41179,1773,Mycobacterium tuberculosis,SAMEA7525299,111,4368050,0.06
1773.41193,1773,Mycobacterium tuberculosis,SAMEA7525316,156,4306837,0.125
1773.41192,1773,Mycobacterium tuberculosis,SAMEA7525325,140,4350874,0.125
1773.32710,1773,Mycobacterium tuberculosis,SAMEA7525328,145,4275365,0.25
1773.32719,1773,Mycobacterium tuberculosis,SAMEA7525341,173,4309456,0.50
1773.41202,1773,Mycobacterium tuberculosis,SAMEA7525349,108,4368381,0.125
1773.41196,1773,Mycobacterium tuberculosis,SAMEA7525353,126,4388194,0.5
1773.41211,1773,Mycobacterium tuberculosis,SAMEA7525358,98,4364300,0.5
1773.41216,1773,Mycobacterium tuberculosis,SAMEA7525385,141,4352128,0.5
1773.41223,1773,Mycobacterium tuberculosis,SAMEA7525396,125,4363564,0.25
1773.41242,1773,Mycobacterium tuberculosis,SAMEA7525409,141,4352091,0.125
1773.41266,1773,Mycobacterium tuberculosis,SAMEA7525442,158,4317375,0.5
1773.41267,1773,Mycobacterium tuberculosis,SAMEA7525443,168,4324592,0.5
1773.41301,1773,Mycobacterium tuberculosis,SAMEA7525445,189,4286702,0.5
1773.41277,1773,Mycobacterium tuberculosis,SAMEA7525453,159,4322479,0.5
1773.41299,1773,Mycobacterium tuberculosis,SAMEA7525473,187,4254056,0.25
1773.41324,1773,Mycobacterium tuberculosis,SAMEA7525498,132,4313139,0.5
1773.41329,1773,Mycobacterium tuberculosis,SAMEA7525503,157,4330856,0.25
1773.41348,1773,Mycobacterium tuberculosis,SAMEA7525518,131,4328430,1
1773.41356,1773,Mycobacterium tuberculosis,SAMEA7525532,159,4288777,0.25
1773.41366,1773,Mycobacterium tuberculosis,SAMEA7525535,148,4330977,0.06
1773.41372,1773,Mycobacterium tuberculosis,SAMEA7525542,154,4302966,0.25
1773.41381,1773,Mycobacterium tuberculosis,SAMEA7525553,174,4301622,0.5
1773.41380,1773,Mycobacterium tuberculosis,SAMEA7525554,374,4233606,0.03
1773.41383,1773,Mycobacterium tuberculosis,SAMEA7525558,185,4288112,0.25
1773.41388,1773,Mycobacterium tuberculosis,SAMEA7525567,172,4298053,0.5
1773.41395,1773,Mycobacterium tuberculosis,SAMEA7525568,797,3994374,0.25
1773.41393,1773,Mycobacterium tuberculosis,SAMEA7525572,177,4362254,0.25
1773.41401,1773,Mycobacterium tuberculosis,SAMEA7525574,191,4347272,0.5
1773.41403,1773,Mycobacterium tuberculosis,SAMEA7525579,189,4339607,2
1773.43685,1773,Mycobacterium tuberculosis,SAMEA7525583,234,4321732,0.5
1773.41415,1773,Mycobacterium tuberculosis,SAMEA7525590,192,4282540,0.5
1773.41413,1773,Mycobacterium tuberculosis,SAMEA7525591,172,4364071,1
1773.41419,1773,Mycobacterium tuberculosis,SAMEA7525595,202,4348858,0.5
1773.41422,1773,Mycobacterium tuberculosis,SAMEA7525596,222,9783837,0.5
1773.41447,1773,Mycobacterium tuberculosis,SAMEA7525616,1564,3605501,0.5
1773.41440,1773,Mycobacterium tuberculosis,SAMEA7525618,204,4349788,0.5
1773.43689,1773,Mycobacterium tuberculosis,SAMEA7525627,184,4307280,0.5
1773.41454,1773,Mycobacterium tuberculosis,SAMEA7525631,129,4300308,1
1773.43688,1773,Mycobacterium tuberculosis,SAMEA7525635,105,4384350,0.5
1773.41459,1773,Mycobacterium tuberculosis,SAMEA7525637,17,18975,0.5
1773.43690,1773,Mycobacterium tuberculosis,SAMEA7525639,126,4351100,0.5
1773.43692,1773,Mycobacterium tuberculosis,SAMEA7525640,179,4377060,0.5
1773.43694,1773,Mycobacterium tuberculosis,SAMEA7525643,112,4369287,1
1773.43693,1773,Mycobacterium tuberculosis,SAMEA7525647,176,4336652,0.25
1773.41477,1773,Mycobacterium tuberculosis,SAMEA7525656,211,4241545,0.5
1773.41490,1773,Mycobacterium tuberculosis,SAMEA7525664,148,4368372,0.25
1773.41488,1773,Mycobacterium tuberculosis,SAMEA7525669,165,4289427,1
1773.41486,1773,Mycobacterium tuberculosis,SAMEA7525670,119,4383643,0.125
1773.41499,1773,Mycobacterium tuberculosis,SAMEA7525683,316,9148098,0.5
1773.41529,1773,Mycobacterium tuberculosis,SAMEA7525711,127,4345551,0.125
1773.41533,1773,Mycobacterium tuberculosis,SAMEA7525716,154,3953943,0.5
1773.41543,1773,Mycobacterium tuberculosis,SAMEA7525724,137,4310580,0.25
1773.41551,1773,Mycobacterium tuberculosis,SAMEA7525734,153,4084843,0.5
1773.41553,1773,Mycobacterium tuberculosis,SAMEA7525735,251,11100226,0.5
1773.41554,1773,Mycobacterium tuberculosis,SAMEA7525737,151,4317888,1
1773.41556,1773,Mycobacterium tuberculosis,SAMEA7525738,153,3986042,0.5
1773.41561,1773,Mycobacterium tuberculosis,SAMEA7525743,300,9920477,2
1773.41573,1773,Mycobacterium tuberculosis,SAMEA7525763,128,4336785,0.5
1773.41586,1773,Mycobacterium tuberculosis,SAMEA7525772,138,4328524,0.125
1773.41606,1773,Mycobacterium tuberculosis,SAMEA7525796,103,4369422,0.5
1773.41614,1773,Mycobacterium tuberculosis,SAMEA7525804,114,4318933,0.5
1773.41628,1773,Mycobacterium tuberculosis,SAMEA7525824,101,4368327,0.03
1773.41626,1773,Mycobacterium tuberculosis,SAMEA7525825,81,4353995,0.125
1773.41634,1773,Mycobacterium tuberculosis,SAMEA7525826,91,4347454,0.25
1773.41632,1773,Mycobacterium tuberculosis,SAMEA7525827,133,4319167,0.125
1773.41630,1773,Mycobacterium tuberculosis,SAMEA7525828,123,4322570,0.5
1773.41642,1773,Mycobacterium tuberculosis,SAMEA7525834,115,4388839,2
1773.41637,1773,Mycobacterium tuberculosis,SAMEA7525835,119,4345352,0.5
1773.41638,1773,Mycobacterium tuberculosis,SAMEA7525836,143,4358809,0.5
1773.41645,1773,Mycobacterium tuberculosis,SAMEA7525845,98,4377802,0.25
1773.41643,1773,Mycobacterium tuberculosis,SAMEA7525849,98,4326059,0.5
1773.41661,1773,Mycobacterium tuberculosis,SAMEA7525857,112,4357728,0.5
1773.41668,1773,Mycobacterium tuberculosis,SAMEA7525860,108,4372934,0.125
1773.41687,1773,Mycobacterium tuberculosis,SAMEA7525881,124,4316623,0.5
1773.43695,1773,Mycobacterium tuberculosis,SAMEA7525890,103,4366825,0.25
1773.41694,1773,Mycobacterium tuberculosis,SAMEA7525893,103,4378114,0.25
1773.41703,1773,Mycobacterium tuberculosis,SAMEA7525902,93,4352196,0.25
1773.43696,1773,Mycobacterium tuberculosis,SAMEA7525907,101,4377786,2
1773.43697,1773,Mycobacterium tuberculosis,SAMEA7525909,96,4339482,0.125
1773.41719,1773,Mycobacterium tuberculosis,SAMEA7525921,100,4383051,0.5
1773.41718,1773,Mycobacterium tuberculosis,SAMEA7525922,95,4378844,0.5
1773.41758,1773,Mycobacterium tuberculosis,SAMEA7525926,112,4381887,0.5
1773.41757,1773,Mycobacterium tuberculosis,SAMEA7525927,96,4344252,0.5
1773.41716,1773,Mycobacterium tuberculosis,SAMEA7525928,106,4339231,0.25
1773.41726,1773,Mycobacterium tuberculosis,SAMEA7525932,96,4373203,0.25
1773.41733,1773,Mycobacterium tuberculosis,SAMEA7525939,79,4379411,0.5
1773.42612,1773,Mycobacterium tuberculosis,SAMEA7525949,80,4378091,0.06
1773.41745,1773,Mycobacterium tuberculosis,SAMEA7525953,94,4360069,0.5
1773.41754,1773,Mycobacterium tuberculosis,SAMEA7525958,147,4360847,1
1773.41756,1773,Mycobacterium tuberculosis,SAMEA7525961,82,4366093,0.06
1773.41759,1773,Mycobacterium tuberculosis,SAMEA7525962,85,4384532,0.5
1773.41765,1773,Mycobacterium tuberculosis,SAMEA7525968,127,4304395,0.25
1773.43699,1773,Mycobacterium tuberculosis,SAMEA7525977,127,4321430,0.5
1773.43698,1773,Mycobacterium tuberculosis,SAMEA7525978,108,4342720,0.03
1773.43700,1773,Mycobacterium tuberculosis,SAMEA7525980,3444,3479633,0.06
1773.41777,1773,Mycobacterium tuberculosis,SAMEA7525982,90,4367818,0.5
1773.43702,1773,Mycobacterium tuberculosis,SAMEA7525990,102,4344269,0.25
1773.43703,1773,Mycobacterium tuberculosis,SAMEA7525994,119,4350565,0.5
1773.41788,1773,Mycobacterium tuberculosis,SAMEA7525995,114,4296867,0.06
1773.43701,1773,Mycobacterium tuberculosis,SAMEA7525998,122,4355960,0.5
1773.41791,1773,Mycobacterium tuberculosis,SAMEA7526002,95,4345768,0.25
1773.41795,1773,Mycobacterium tuberculosis,SAMEA7526004,114,4345401,0.125
1773.41804,1773,Mycobacterium tuberculosis,SAMEA7526008,85,4362423,2
1773.41801,1773,Mycobacterium tuberculosis,SAMEA7526010,113,4330739,0.5
1773.41812,1773,Mycobacterium tuberculosis,SAMEA7526021,102,4347411,0.25
1773.41827,1773,Mycobacterium tuberculosis,SAMEA7526044,167,205729,0.125
1773.41838,1773,Mycobacterium tuberculosis,SAMEA7526062,106,4347538,0.06
1773.43704,1773,Mycobacterium tuberculosis,SAMEA7526065,88,4373157,0.5
1773.43706,1773,Mycobacterium tuberculosis,SAMEA7526069,130,4359226,0.125
1773.43707,1773,Mycobacterium tuberculosis,SAMEA7526071,149,4326654,0.25
1773.41851,1773,Mycobacterium tuberculosis,SAMEA7526077,103,4344849,0.25
1773.43709,1773,Mycobacterium tuberculosis,SAMEA7526080,121,4335680,0.03
1773.41887,1773,Mycobacterium tuberculosis,SAMEA7526105,117,4321342,0.5
1773.43708,1773,Mycobacterium tuberculosis,SAMEA7526121,102,4338826,0.03
1773.41909,1773,Mycobacterium tuberculosis,SAMEA7526128,80,4365132,0.5
1773.41908,1773,Mycobacterium tuberculosis,SAMEA7526129,91,4341578,0.25
1773.41917,1773,Mycobacterium tuberculosis,SAMEA7526139,276,9730691,0.5
1773.41932,1773,Mycobacterium tuberculosis,SAMEA7526148,111,4334734,0.5
1773.41930,1773,Mycobacterium tuberculosis,SAMEA7526149,123,4334000,0.5
1773.41934,1773,Mycobacterium tuberculosis,SAMEA7526152,110,4344118,0.25
1773.42618,1773,Mycobacterium tuberculosis,SAMEA7526159,119,4346771,0.5
1773.43711,1773,Mycobacterium tuberculosis,SAMEA7526161,99,4376365,0.25
1773.41949,1773,Mycobacterium tuberculosis,SAMEA7526171,92,4366539,0.25
1773.41950,1773,Mycobacterium tuberculosis,SAMEA7526174,132,4279806,0.5
1773.41951,1773,Mycobacterium tuberculosis,SAMEA7526177,102,4371853,0.5
1773.41962,1773,Mycobacterium tuberculosis,SAMEA7526181,166,4299079,0.5
1773.41961,1773,Mycobacterium tuberculosis,SAMEA7526184,107,4345130,0.5
1773.41959,1773,Mycobacterium tuberculosis,SAMEA7526185,90,4346250,0.25
1773.41965,1773,Mycobacterium tuberculosis,SAMEA7526189,90,4374382,0.06
1773.41967,1773,Mycobacterium tuberculosis,SAMEA7526190,105,4278300,2
1773.41966,1773,Mycobacterium tuberculosis,SAMEA7526191,86,4380380,0.125
1773.42615,1773,Mycobacterium tuberculosis,SAMEA7526204,83,4374348,0.125
1773.41986,1773,Mycobacterium tuberculosis,SAMEA7526210,91,4344406,0.125
1773.41990,1773,Mycobacterium tuberculosis,SAMEA7526213,99,4347986,0.125
1773.41993,1773,Mycobacterium tuberculosis,SAMEA7526218,124,4306682,0.5
1773.42001,1773,Mycobacterium tuberculosis,SAMEA7526225,148,4313540,0.5
1773.42004,1773,Mycobacterium tuberculosis,SAMEA7526227,128,4313594,0.25
1773.42015,1773,Mycobacterium tuberculosis,SAMEA7526234,122,4323873,0.5
1773.42012,1773,Mycobacterium tuberculosis,SAMEA7526239,112,4339957,0.5
1773.42023,1773,Mycobacterium tuberculosis,SAMEA7526244,112,4345105,0.125
1773.42026,1773,Mycobacterium tuberculosis,SAMEA7526252,104,4374425,0.25
1773.42027,1773,Mycobacterium tuberculosis,SAMEA7526253,116,4354442,0.5
1773.42039,1773,Mycobacterium tuberculosis,SAMEA7526264,103,4346254,0.125
1773.42041,1773,Mycobacterium tuberculosis,SAMEA7526265,98,4344447,0.25
1773.42050,1773,Mycobacterium tuberculosis,SAMEA7526272,91,4347756,0.25
1773.43719,1773,Mycobacterium tuberculosis,SAMEA7526275,108,4342984,0.125
1773.43717,1773,Mycobacterium tuberculosis,SAMEA7526277,141,4287759,0.5
1773.42051,1773,Mycobacterium tuberculosis,SAMEA7526278,121,4344347,0.5
1773.42055,1773,Mycobacterium tuberculosis,SAMEA7526279,93,4370244,0.5
1773.42056,1773,Mycobacterium tuberculosis,SAMEA7526280,102,4346492,0.125
1773.42054,1773,Mycobacterium tuberculosis,SAMEA7526281,86,4383424,0.125
1773.42053,1773,Mycobacterium tuberculosis,SAMEA7526282,96,4383913,0.25
1773.42057,1773,Mycobacterium tuberculosis,SAMEA7526283,85,4379823,0.06
1773.42060,1773,Mycobacterium tuberculosis,SAMEA7526286,91,4378102,0.25
1773.42061,1773,Mycobacterium tuberculosis,SAMEA7526290,121,4322522,1
1773.42066,1773,Mycobacterium tuberculosis,SAMEA7526298,120,4344021,1
1773.42079,1773,Mycobacterium tuberculosis,SAMEA7526303,106,4355943,0.125
1773.42080,1773,Mycobacterium tuberculosis,SAMEA7526307,99,4341134,0.125
1773.43716,1773,Mycobacterium tuberculosis,SAMEA7526311,88,4382810,0.5
1773.43718,1773,Mycobacterium tuberculosis,SAMEA7526318,101,4347104,0.5
1773.42091,1773,Mycobacterium tuberculosis,SAMEA7526321,83,4383424,0.25
1773.42094,1773,Mycobacterium tuberculosis,SAMEA7526323,103,4347635,0.06
1773.42095,1773,Mycobacterium tuberculosis,SAMEA7526324,86,4372549,0.25
1773.42100,1773,Mycobacterium tuberculosis,SAMEA7526327,102,4367365,0.5
1773.42098,1773,Mycobacterium tuberculosis,SAMEA7526328,105,4367710,0.06
1773.42099,1773,Mycobacterium tuberculosis,SAMEA7526329,93,4347856,0.125
1773.42102,1773,Mycobacterium tuberculosis,SAMEA7526330,108,4343117,0.25
1773.42097,1773,Mycobacterium tuberculosis,SAMEA7526331,107,4346502,0.06
1773.42101,1773,Mycobacterium tuberculosis,SAMEA7526332,151,4306595,0.5
1773.42107,1773,Mycobacterium tuberculosis,SAMEA7526333,96,4362403,0.5
1773.42104,1773,Mycobacterium tuberculosis,SAMEA7526336,99,4341195,0.5
1773.42110,1773,Mycobacterium tuberculosis,SAMEA7526337,106,4370688,0.125
1773.42108,1773,Mycobacterium tuberculosis,SAMEA7526338,86,4380894,0.5
1773.42109,1773,Mycobacterium tuberculosis,SAMEA7526339,82,4357084,0.06
1773.42114,1773,Mycobacterium tuberculosis,SAMEA7526340,145,4371678,0.125
1773.42111,1773,Mycobacterium tuberculosis,SAMEA7526341,83,4362967,0.25
1773.42116,1773,Mycobacterium tuberculosis,SAMEA7526342,96,4341561,0.125
1773.42113,1773,Mycobacterium tuberculosis,SAMEA7526343,89,4373313,0.06
1773.42112,1773,Mycobacterium tuberculosis,SAMEA7526344,121,4343579,0.25
1773.42115,1773,Mycobacterium tuberculosis,SAMEA7526345,111,4325622,0.5
1773.42120,1773,Mycobacterium tuberculosis,SAMEA7526346,136,4305704,0.5
1773.42119,1773,Mycobacterium tuberculosis,SAMEA7526347,108,4344665,0.06
1773.42118,1773,Mycobacterium tuberculosis,SAMEA7526348,99,4362159,0.5
1773.42117,1773,Mycobacterium tuberculosis,SAMEA7526349,126,4313541,0.25
1773.42124,1773,Mycobacterium tuberculosis,SAMEA7526350,92,4369013,0.06
1773.42122,1773,Mycobacterium tuberculosis,SAMEA7526351,92,4340933,0.06
1773.42123,1773,Mycobacterium tuberculosis,SAMEA7526352,112,4336461,0.5
1773.42121,1773,Mycobacterium tuberculosis,SAMEA7526353,126,4318445,0.06
1773.42125,1773,Mycobacterium tuberculosis,SAMEA7526354,113,4313820,0.25
1773.42126,1773,Mycobacterium tuberculosis,SAMEA7526355,157,4295740,0.25
1773.42130,1773,Mycobacterium tuberculosis,SAMEA7526356,129,4319352,0.5
1773.42128,1773,Mycobacterium tuberculosis,SAMEA7526357,117,4325729,1
1773.42129,1773,Mycobacterium tuberculosis,SAMEA7526358,110,4323040,0.5
1773.42127,1773,Mycobacterium tuberculosis,SAMEA7526359,85,4346460,0.06
1773.42131,1773,Mycobacterium tuberculosis,SAMEA7526360,162,4327353,0.5
1773.42132,1773,Mycobacterium tuberculosis,SAMEA7526361,109,4342222,1
1773.42134,1773,Mycobacterium tuberculosis,SAMEA7526362,128,4312349,0.25
1773.42133,1773,Mycobacterium tuberculosis,SAMEA7526363,93,4368053,0.06
1773.42135,1773,Mycobacterium tuberculosis,SAMEA7526364,104,4346084,0.06
1773.42136,1773,Mycobacterium tuberculosis,SAMEA7526365,84,4380646,0.25
1773.42137,1773,Mycobacterium tuberculosis,SAMEA7526366,119,4347841,0.25
1773.42138,1773,Mycobacterium tuberculosis,SAMEA7526367,94,4377166,0.25
1773.42139,1773,Mycobacterium tuberculosis,SAMEA7526368,94,4376823,0.25
1773.42140,1773,Mycobacterium tuberculosis,SAMEA7526369,143,4316512,0.25
1773.42144,1773,Mycobacterium tuberculosis,SAMEA7526370,159,4312689,0.125
1773.42150,1773,Mycobacterium tuberculosis,SAMEA7526376,93,4356747,0.25
1773.42154,1773,Mycobacterium tuberculosis,SAMEA7526383,88,4312607,0.25
1773.42163,1773,Mycobacterium tuberculosis,SAMEA7526396,91,4346963,0.125
1773.42164,1773,Mycobacterium tuberculosis,SAMEA7526397,103,4360308,1
1773.42168,1773,Mycobacterium tuberculosis,SAMEA7526398,105,4353441,0.5
1773.42167,1773,Mycobacterium tuberculosis,SAMEA7526399,108,4345404,0.5
1773.42166,1773,Mycobacterium tuberculosis,SAMEA7526400,85,4363183,0.06
1773.42170,1773,Mycobacterium tuberculosis,SAMEA7526401,68,4361422,0.25
1773.42171,1773,Mycobacterium tuberculosis,SAMEA7526402,134,4312138,2
1773.42169,1773,Mycobacterium tuberculosis,SAMEA7526403,146,4307162,0.125
1773.42172,1773,Mycobacterium tuberculosis,SAMEA7526404,108,4330037,0.25
1773.42173,1773,Mycobacterium tuberculosis,SAMEA7526405,148,4304037,0.5
1773.42174,1773,Mycobacterium tuberculosis,SAMEA7526406,95,4370683,0.125
1773.42176,1773,Mycobacterium tuberculosis,SAMEA7526408,132,4329713,0.5
1773.42177,1773,Mycobacterium tuberculosis,SAMEA7526409,129,4318347,0.125
1773.42179,1773,Mycobacterium tuberculosis,SAMEA7526410,105,4313953,0.5
1773.42178,1773,Mycobacterium tuberculosis,SAMEA7526411,124,4317837,0.03
1773.42181,1773,Mycobacterium tuberculosis,SAMEA7526412,99,4344625,0.125
1773.42180,1773,Mycobacterium tuberculosis,SAMEA7526413,123,4311718,0.25
1773.42182,1773,Mycobacterium tuberculosis,SAMEA7526414,137,4307253,0.03
1773.42183,1773,Mycobacterium tuberculosis,SAMEA7526415,111,4375554,0.5
1773.42184,1773,Mycobacterium tuberculosis,SAMEA7526416,90,4359120,0.5
1773.42185,1773,Mycobacterium tuberculosis,SAMEA7526417,104,4336973,0.125
1773.42186,1773,Mycobacterium tuberculosis,SAMEA7526418,155,4305049,2
1773.42187,1773,Mycobacterium tuberculosis,SAMEA7526419,134,4304883,0.125
1773.42188,1773,Mycobacterium tuberculosis,SAMEA7526420,84,4380280,0.25
1773.42190,1773,Mycobacterium tuberculosis,SAMEA7526421,139,4297632,0.5
1773.42191,1773,Mycobacterium tuberculosis,SAMEA7526422,91,4375959,0.06
1773.42189,1773,Mycobacterium tuberculosis,SAMEA7526423,146,4316784,0.125
1773.42194,1773,Mycobacterium tuberculosis,SAMEA7526424,89,4378675,0.125
1773.42196,1773,Mycobacterium tuberculosis,SAMEA7526425,132,4314420,1
1773.42195,1773,Mycobacterium tuberculosis,SAMEA7526426,112,4343692,0.06
1773.42192,1773,Mycobacterium tuberculosis,SAMEA7526427,89,4365886,0.125
1773.42193,1773,Mycobacterium tuberculosis,SAMEA7526428,93,4294537,1
1773.42201,1773,Mycobacterium tuberculosis,SAMEA7526430,85,4368824,0.5
1773.42202,1773,Mycobacterium tuberculosis,SAMEA7526431,95,4342698,0.125
1773.42200,1773,Mycobacterium tuberculosis,SAMEA7526432,119,4343370,0.06
1773.42198,1773,Mycobacterium tuberculosis,SAMEA7526433,122,4318448,0.25
1773.42199,1773,Mycobacterium tuberculosis,SAMEA7526434,122,4264839,0.06
1773.42205,1773,Mycobacterium tuberculosis,SAMEA7526435,97,4335907,0.5
1773.42208,1773,Mycobacterium tuberculosis,SAMEA7526437,231,4354822,1
1773.42206,1773,Mycobacterium tuberculosis,SAMEA7526439,126,4306358,0.125
1773.42203,1773,Mycobacterium tuberculosis,SAMEA7526440,129,4338612,0.125
1773.42204,1773,Mycobacterium tuberculosis,SAMEA7526441,117,4308683,0.25
1773.42215,1773,Mycobacterium tuberculosis,SAMEA7526442,130,4324951,0.5
1773.42213,1773,Mycobacterium tuberculosis,SAMEA7526443,120,4322483,0.125
1773.42214,1773,Mycobacterium tuberculosis,SAMEA7526444,116,4316585,0.125
1773.42211,1773,Mycobacterium tuberculosis,SAMEA7526445,98,4357420,0.25
1773.42210,1773,Mycobacterium tuberculosis,SAMEA7526446,133,4295824,0.06
1773.42212,1773,Mycobacterium tuberculosis,SAMEA7526447,100,4377357,0.5
1773.42216,1773,Mycobacterium tuberculosis,SAMEA7526448,130,4330363,0.5
1773.42218,1773,Mycobacterium tuberculosis,SAMEA7526449,92,4346286,0.06
1773.42217,1773,Mycobacterium tuberculosis,SAMEA7526450,87,4362327,0.25
1773.42219,1773,Mycobacterium tuberculosis,SAMEA7526451,160,4317100,0.06
1773.42223,1773,Mycobacterium tuberculosis,SAMEA7526452,125,4304738,0.5
1773.42221,1773,Mycobacterium tuberculosis,SAMEA7526453,89,4346942,0.5
1773.42222,1773,Mycobacterium tuberculosis,SAMEA7526454,90,4366273,0.06
1773.42220,1773,Mycobacterium tuberculosis,SAMEA7526455,104,4344090,0.06
1773.42225,1773,Mycobacterium tuberculosis,SAMEA7526456,94,4342507,0.5
1773.42226,1773,Mycobacterium tuberculosis,SAMEA7526457,131,4318704,0.25
1773.42224,1773,Mycobacterium tuberculosis,SAMEA7526458,137,4329002,0.25
1773.42227,1773,Mycobacterium tuberculosis,SAMEA7526459,124,4319303,1
1773.42228,1773,Mycobacterium tuberculosis,SAMEA7526460,124,4281342,0.06
1773.42229,1773,Mycobacterium tuberculosis,SAMEA7526461,86,4350755,0.125
1773.42230,1773,Mycobacterium tuberculosis,SAMEA7526462,93,4301694,0.125
1773.42235,1773,Mycobacterium tuberculosis,SAMEA7526463,109,4340248,0.125
1773.42236,1773,Mycobacterium tuberculosis,SAMEA7526464,115,4359989,0.5
1773.42237,1773,Mycobacterium tuberculosis,SAMEA7526465,387,4310177,0.125
1773.42233,1773,Mycobacterium tuberculosis,SAMEA7526466,82,4373053,0.125
1773.42232,1773,Mycobacterium tuberculosis,SAMEA7526467,98,4374695,0.125
1773.42234,1773,Mycobacterium tuberculosis,SAMEA7526468,152,4296291,0.125
1773.42231,1773,Mycobacterium tuberculosis,SAMEA7526469,144,4350953,0.125
1773.42238,1773,Mycobacterium tuberculosis,SAMEA7526470,110,4349638,0.125
1773.42239,1773,Mycobacterium tuberculosis,SAMEA7526471,123,4311340,0.5
1773.42240,1773,Mycobacterium tuberculosis,SAMEA7526472,105,4358502,0.125
1773.42241,1773,Mycobacterium tuberculosis,SAMEA7526473,83,4368743,0.125
1773.42243,1773,Mycobacterium tuberculosis,SAMEA7526474,101,4346888,0.125
1773.42242,1773,Mycobacterium tuberculosis,SAMEA7526475,151,4298526,0.06
1773.42244,1773,Mycobacterium tuberculosis,SAMEA7526476,80,4366997,0.125
1773.42245,1773,Mycobacterium tuberculosis,SAMEA7526477,116,4313900,0.125
1773.42246,1773,Mycobacterium tuberculosis,SAMEA7526478,136,4339657,0.06
1773.42247,1773,Mycobacterium tuberculosis,SAMEA7526479,85,4368226,0.06
1773.42253,1773,Mycobacterium tuberculosis,SAMEA7526480,103,4344743,0.06
1773.42252,1773,Mycobacterium tuberculosis,SAMEA7526481,94,4346293,0.5
1773.42251,1773,Mycobacterium tuberculosis,SAMEA7526482,118,4336053,0.5
1773.42249,1773,Mycobacterium tuberculosis,SAMEA7526483,375,4312530,0.06
1773.42248,1773,Mycobacterium tuberculosis,SAMEA7526485,101,4348236,0.125
1773.42262,1773,Mycobacterium tuberculosis,SAMEA7526486,129,4331561,0.5
1773.42265,1773,Mycobacterium tuberculosis,SAMEA7526487,93,4344655,0.5
1773.42268,1773,Mycobacterium tuberculosis,SAMEA7526488,93,4365352,0.5
1773.42260,1773,Mycobacterium tuberculosis,SAMEA7526489,77,4326122,0.125
1773.42256,1773,Mycobacterium tuberculosis,SAMEA7526490,113,4378806,0.03
1773.42258,1773,Mycobacterium tuberculosis,SAMEA7526491,121,4317366,0.5
1773.42261,1773,Mycobacterium tuberculosis,SAMEA7526492,137,4318444,0.5
1773.42257,1773,Mycobacterium tuberculosis,SAMEA7526493,101,4345514,0.06
1773.42255,1773,Mycobacterium tuberculosis,SAMEA7526494,72,4346150,1
1773.42254,1773,Mycobacterium tuberculosis,SAMEA7526495,467,4292522,0.03
1773.42259,1773,Mycobacterium tuberculosis,SAMEA7526496,79,4372125,0.25
1773.42264,1773,Mycobacterium tuberculosis,SAMEA7526497,125,4323211,0.125
1773.42266,1773,Mycobacterium tuberculosis,SAMEA7526498,98,4345602,0.25
1773.42263,1773,Mycobacterium tuberculosis,SAMEA7526499,102,4284221,0.5
1773.42267,1773,Mycobacterium tuberculosis,SAMEA7526500,125,4336373,0.125
1773.42275,1773,Mycobacterium tuberculosis,SAMEA7526501,228,4216118,0.5
1773.42269,1773,Mycobacterium tuberculosis,SAMEA7526503,98,4372781,0.5
1773.42270,1773,Mycobacterium tuberculosis,SAMEA7526504,92,4346200,0.03
1773.42273,1773,Mycobacterium tuberculosis,SAMEA7526505,99,4347883,0.5
1773.42272,1773,Mycobacterium tuberculosis,SAMEA7526506,137,4311884,0.03
1773.42274,1773,Mycobacterium tuberculosis,SAMEA7526507,138,4363734,0.06
1773.42271,1773,Mycobacterium tuberculosis,SAMEA7526508,136,4314550,0.5
1773.42278,1773,Mycobacterium tuberculosis,SAMEA7526509,96,4364790,0.25
1773.42277,1773,Mycobacterium tuberculosis,SAMEA7526510,101,4344354,0.5
1773.42280,1773,Mycobacterium tuberculosis,SAMEA7526511,117,4349029,0.06
1773.42279,1773,Mycobacterium tuberculosis,SAMEA7526512,84,4378346,0.06
1773.43721,1773,Mycobacterium tuberculosis,SAMEA7526513,164,4336445,0.5
1773.42281,1773,Mycobacterium tuberculosis,SAMEA7526514,103,4347983,0.25
1773.43723,1773,Mycobacterium tuberculosis,SAMEA7526515,132,4331629,0.06
1773.42282,1773,Mycobacterium tuberculosis,SAMEA7526516,99,4370554,0.125
1773.42283,1773,Mycobacterium tuberculosis,SAMEA7526517,78,4384994,0.25
1773.42284,1773,Mycobacterium tuberculosis,SAMEA7526518,97,4342453,2
1773.43722,1773,Mycobacterium tuberculosis,SAMEA7526519,91,4361496,0.03
1773.42285,1773,Mycobacterium tuberculosis,SAMEA7526520,106,4339058,0.06
1773.43724,1773,Mycobacterium tuberculosis,SAMEA7526521,138,4313904,0.5
1773.43730,1773,Mycobacterium tuberculosis,SAMEA7526522,88,4366038,0.125
1773.43727,1773,Mycobacterium tuberculosis,SAMEA7526523,94,4378160,0.25
1773.43729,1773,Mycobacterium tuberculosis,SAMEA7526524,109,4348442,2
1773.43728,1773,Mycobacterium tuberculosis,SAMEA7526525,107,4312735,0.06
1773.42287,1773,Mycobacterium tuberculosis,SAMEA7526526,111,4343463,0.5
1773.42286,1773,Mycobacterium tuberculosis,SAMEA7526527,111,4329015,0.5
1773.42288,1773,Mycobacterium tuberculosis,SAMEA7526528,135,4298891,0.06
1773.42289,1773,Mycobacterium tuberculosis,SAMEA7526529,103,4387007,0.5
1773.42292,1773,Mycobacterium tuberculosis,SAMEA7526530,88,4369933,0.5
1773.42291,1773,Mycobacterium tuberculosis,SAMEA7526531,95,4368754,2
1773.42293,1773,Mycobacterium tuberculosis,SAMEA7526533,102,4347243,0.125
1773.42298,1773,Mycobacterium tuberculosis,SAMEA7526534,99,4343276,0.125
1773.42297,1773,Mycobacterium tuberculosis,SAMEA7526535,113,4334139,0.5
1773.42301,1773,Mycobacterium tuberculosis,SAMEA7526536,97,4370362,0.5
1773.43725,1773,Mycobacterium tuberculosis,SAMEA7526539,91,4364237,0.5
1773.42300,1773,Mycobacterium tuberculosis,SAMEA7526540,133,4356006,0.06
1773.42294,1773,Mycobacterium tuberculosis,SAMEA7526541,97,4349196,0.06
1773.42296,1773,Mycobacterium tuberculosis,SAMEA7526542,84,4380320,0.125
1773.42295,1773,Mycobacterium tuberculosis,SAMEA7526543,77,4384730,0.06
1773.42303,1773,Mycobacterium tuberculosis,SAMEA7526544,83,4378038,0.03
1773.42302,1773,Mycobacterium tuberculosis,SAMEA7526546,87,4384296,0.25
1773.42304,1773,Mycobacterium tuberculosis,SAMEA7526547,82,4369787,0.125
1773.42309,1773,Mycobacterium tuberculosis,SAMEA7526548,128,4312058,0.06
1773.42312,1773,Mycobacterium tuberculosis,SAMEA7526552,114,4285884,0.03
1773.42307,1773,Mycobacterium tuberculosis,SAMEA7526553,95,4357356,0.06
1773.43726,1773,Mycobacterium tuberculosis,SAMEA7526554,87,4359764,0.5
1773.42306,1773,Mycobacterium tuberculosis,SAMEA7526555,89,4366005,0.25
1773.42313,1773,Mycobacterium tuberculosis,SAMEA7526557,101,4390064,0.5
1773.42316,1773,Mycobacterium tuberculosis,SAMEA7526558,98,4360583,0.125
1773.42317,1773,Mycobacterium tuberculosis,SAMEA7526561,90,4355326,0.125
1773.42321,1773,Mycobacterium tuberculosis,SAMEA7526563,80,4378904,0.06
1773.42320,1773,Mycobacterium tuberculosis,SAMEA7526564,89,4372072,0.125
1773.42323,1773,Mycobacterium tuberculosis,SAMEA7526565,83,4344896,0.25
1773.43736,1773,Mycobacterium tuberculosis,SAMEA7526566,90,4362514,0.5
1773.42325,1773,Mycobacterium tuberculosis,SAMEA7526567,96,4369179,0.5
1773.42324,1773,Mycobacterium tuberculosis,SAMEA7526569,91,4374417,0.125
1773.42326,1773,Mycobacterium tuberculosis,SAMEA7526570,163,4317104,0.125
1773.42327,1773,Mycobacterium tuberculosis,SAMEA7526571,99,4348820,0.06
1773.42614,1773,Mycobacterium tuberculosis,SAMEA7526572,71,4361330,0.5
1773.42328,1773,Mycobacterium tuberculosis,SAMEA7526573,86,4367805,0.25
1773.42329,1773,Mycobacterium tuberculosis,SAMEA7526574,90,4374779,0.25
1773.42330,1773,Mycobacterium tuberculosis,SAMEA7526575,98,4345186,0.5
1773.42331,1773,Mycobacterium tuberculosis,SAMEA7526576,87,4359482,0.06
1773.42334,1773,Mycobacterium tuberculosis,SAMEA7526578,82,4389453,0.125
1773.42332,1773,Mycobacterium tuberculosis,SAMEA7526579,110,4348198,0.5
1773.43737,1773,Mycobacterium tuberculosis,SAMEA7526582,87,4369507,0.06
1773.43735,1773,Mycobacterium tuberculosis,SAMEA7526583,130,4335864,0.125
1773.43732,1773,Mycobacterium tuberculosis,SAMEA7526585,85,4364650,0.06
1773.42337,1773,Mycobacterium tuberculosis,SAMEA7526586,77,4359093,0.125
1773.42336,1773,Mycobacterium tuberculosis,SAMEA7526587,93,4347772,0.06
1773.42340,1773,Mycobacterium tuberculosis,SAMEA7526588,95,4367198,1
1773.42341,1773,Mycobacterium tuberculosis,SAMEA7526589,89,4369222,0.25
1773.42342,1773,Mycobacterium tuberculosis,SAMEA7526590,74,4381045,1
1773.42343,1773,Mycobacterium tuberculosis,SAMEA7526591,98,4341581,0.25
1773.42346,1773,Mycobacterium tuberculosis,SAMEA7526593,95,4354808,0.5
1773.42344,1773,Mycobacterium tuberculosis,SAMEA7526594,109,4376500,0.5
1773.42347,1773,Mycobacterium tuberculosis,SAMEA7526595,92,4381197,0.5
1773.42349,1773,Mycobacterium tuberculosis,SAMEA7526597,99,4361389,0.125
1773.42352,1773,Mycobacterium tuberculosis,SAMEA7526599,95,4348091,0.125
1773.42356,1773,Mycobacterium tuberculosis,SAMEA7526604,90,4361807,0.5
1773.42357,1773,Mycobacterium tuberculosis,SAMEA7526605,87,4340118,0.25
1773.42358,1773,Mycobacterium tuberculosis,SAMEA7526607,91,4380284,0.5
1773.42361,1773,Mycobacterium tuberculosis,SAMEA7526608,89,4377807,0.06
1773.42360,1773,Mycobacterium tuberculosis,SAMEA7526609,91,4364054,0.06
1773.42363,1773,Mycobacterium tuberculosis,SAMEA7526610,95,4348171,0.06
1773.42365,1773,Mycobacterium tuberculosis,SAMEA7526614,90,4378576,0.125
1773.42367,1773,Mycobacterium tuberculosis,SAMEA7526615,98,4348855,0.06
1773.42368,1773,Mycobacterium tuberculosis,SAMEA7526616,77,4362844,0.5
1773.42369,1773,Mycobacterium tuberculosis,SAMEA7526617,100,4345715,0.125
1773.42375,1773,Mycobacterium tuberculosis,SAMEA7526618,92,4366799,1
1773.42373,1773,Mycobacterium tuberculosis,SAMEA7526619,109,4288761,0.06
1773.42428,1773,Mycobacterium tuberculosis,SAMEA7526620,94,4367349,0.06
1773.42376,1773,Mycobacterium tuberculosis,SAMEA7526621,85,4376300,0.125
1773.42374,1773,Mycobacterium tuberculosis,SAMEA7526623,107,4348213,0.25
1773.42371,1773,Mycobacterium tuberculosis,SAMEA7526625,95,4349821,0.06
1773.42377,1773,Mycobacterium tuberculosis,SAMEA7526626,77,4385111,0.06
1773.42379,1773,Mycobacterium tuberculosis,SAMEA7526627,110,4345418,0.25
1773.42380,1773,Mycobacterium tuberculosis,SAMEA7526628,100,4350173,0.25
1773.42378,1773,Mycobacterium tuberculosis,SAMEA7526629,98,4347114,1
1773.42382,1773,Mycobacterium tuberculosis,SAMEA7526630,102,4366685,0.5
1773.42381,1773,Mycobacterium tuberculosis,SAMEA7526631,83,4361723,1
1773.42385,1773,Mycobacterium tuberculosis,SAMEA7526632,97,4313365,0.25
1773.42383,1773,Mycobacterium tuberculosis,SAMEA7526633,106,4342323,0.06
1773.42384,1773,Mycobacterium tuberculosis,SAMEA7526634,91,4346457,0.5
1773.42389,1773,Mycobacterium tuberculosis,SAMEA7526635,94,4301767,0.25
1773.42391,1773,Mycobacterium tuberculosis,SAMEA7526636,107,4338833,0.06
1773.42392,1773,Mycobacterium tuberculosis,SAMEA7526637,87,4364271,0.06
1773.42394,1773,Mycobacterium tuberculosis,SAMEA7526638,85,4379778,0.25
1773.42396,1773,Mycobacterium tuberculosis,SAMEA7526639,92,4375393,0.06
1773.42393,1773,Mycobacterium tuberculosis,SAMEA7526640,93,4376785,0.06
1773.42395,1773,Mycobacterium tuberculosis,SAMEA7526641,101,4349553,0.06
1773.42397,1773,Mycobacterium tuberculosis,SAMEA7526642,109,4371897,0.5
1773.42387,1773,Mycobacterium tuberculosis,SAMEA7526643,98,4357351,0.25
1773.42388,1773,Mycobacterium tuberculosis,SAMEA7526644,109,4338199,0.06
1773.42386,1773,Mycobacterium tuberculosis,SAMEA7526646,82,4361100,0.125
1773.42400,1773,Mycobacterium tuberculosis,SAMEA7526650,112,4331223,0.5
1773.42399,1773,Mycobacterium tuberculosis,SAMEA7526651,187,4323510,0.5
1773.42404,1773,Mycobacterium tuberculosis,SAMEA7526652,90,4377811,0.5
1773.42407,1773,Mycobacterium tuberculosis,SAMEA7526653,85,7074170,2
1773.42403,1773,Mycobacterium tuberculosis,SAMEA7526654,110,4347422,0.06
1773.42406,1773,Mycobacterium tuberculosis,SAMEA7526655,103,4368459,1
1773.42408,1773,Mycobacterium tuberculosis,SAMEA7526656,109,4324350,0.125
1773.42405,1773,Mycobacterium tuberculosis,SAMEA7526657,130,4320367,0.125
1773.42402,1773,Mycobacterium tuberculosis,SAMEA7526658,508,4159212,0.5
1773.42401,1773,Mycobacterium tuberculosis,SAMEA7526660,514,4140692,0.125
1773.42411,1773,Mycobacterium tuberculosis,SAMEA7526661,108,4346532,0.25
1773.42412,1773,Mycobacterium tuberculosis,SAMEA7526662,125,4328420,0.03
1773.42409,1773,Mycobacterium tuberculosis,SAMEA7526663,107,4321461,0.5
1773.42410,1773,Mycobacterium tuberculosis,SAMEA7526664,130,4316688,0.06
1773.42414,1773,Mycobacterium tuberculosis,SAMEA7526665,159,4308545,0.25
1773.43720,1773,Mycobacterium tuberculosis,SAMEA7526666,96,4369621,0.25
1773.42417,1773,Mycobacterium tuberculosis,SAMEA7526667,81,4367469,0.06
1773.42416,1773,Mycobacterium tuberculosis,SAMEA7526669,146,4329333,0.25
1773.42415,1773,Mycobacterium tuberculosis,SAMEA7526670,127,4326694,0.06
1773.42419,1773,Mycobacterium tuberculosis,SAMEA7526671,118,4281890,0.25
1773.42420,1773,Mycobacterium tuberculosis,SAMEA7526672,81,4373771,0.25
1773.42422,1773,Mycobacterium tuberculosis,SAMEA7526674,101,4348564,0.03
1773.42423,1773,Mycobacterium tuberculosis,SAMEA7526675,75,4366775,0.06
1773.42421,1773,Mycobacterium tuberculosis,SAMEA7526676,835,3969843,0.06
1773.42424,1773,Mycobacterium tuberculosis,SAMEA7526677,118,4328013,0.5
1773.42425,1773,Mycobacterium tuberculosis,SAMEA7526678,81,4384856,0.5
1773.42426,1773,Mycobacterium tuberculosis,SAMEA7526679,169,4328471,0.5
1773.42427,1773,Mycobacterium tuberculosis,SAMEA7526680,94,4375852,0.06
1773.42430,1773,Mycobacterium tuberculosis,SAMEA7526681,118,4324052,1
1773.42432,1773,Mycobacterium tuberculosis,SAMEA7526683,182,4311289,0.03
1773.42431,1773,Mycobacterium tuberculosis,SAMEA7526684,153,4302657,0.125
1773.42448,1773,Mycobacterium tuberculosis,SAMEA7526685,96,4369894,0.25
1773.42435,1773,Mycobacterium tuberculosis,SAMEA7526686,125,4332678,0.06
1773.42434,1773,Mycobacterium tuberculosis,SAMEA7526687,85,4368106,0.06
1773.42446,1773,Mycobacterium tuberculosis,SAMEA7526688,153,4297872,0.06
1773.42447,1773,Mycobacterium tuberculosis,SAMEA7526689,153,4273284,0.5
1773.42611,1773,Mycobacterium tuberculosis,SAMEA7526690,84,4372404,0.5
1773.42445,1773,Mycobacterium tuberculosis,SAMEA7526691,214,4226051,2
1773.42433,1773,Mycobacterium tuberculosis,SAMEA7526692,118,4302691,0.06
1773.42510,1773,Mycobacterium tuberculosis,SAMEA7526693,124,4334550,0.25
1773.42436,1773,Mycobacterium tuberculosis,SAMEA7526694,116,4295932,0.125
1773.42439,1773,Mycobacterium tuberculosis,SAMEA7526695,128,4346211,0.5
1773.42438,1773,Mycobacterium tuberculosis,SAMEA7526696,89,4367508,0.5
1773.42440,1773,Mycobacterium tuberculosis,SAMEA7526698,114,4343718,0.03
1773.42451,1773,Mycobacterium tuberculosis,SAMEA7526699,122,4340702,0.125
1773.42443,1773,Mycobacterium tuberculosis,SAMEA7526700,122,4267206,0.06
1773.42442,1773,Mycobacterium tuberculosis,SAMEA7526701,310,4136406,0.5
1773.42441,1773,Mycobacterium tuberculosis,SAMEA7526702,98,4347210,0.25
1773.42444,1773,Mycobacterium tuberculosis,SAMEA7526703,118,4287299,0.125
1773.42449,1773,Mycobacterium tuberculosis,SAMEA7526704,114,4322150,0.125
1773.42450,1773,Mycobacterium tuberculosis,SAMEA7526705,85,4368248,0.5
1773.42462,1773,Mycobacterium tuberculosis,SAMEA7526706,106,4342835,1
1773.42458,1773,Mycobacterium tuberculosis,SAMEA7526707,302,4219776,0.5
1773.42457,1773,Mycobacterium tuberculosis,SAMEA7526708,130,4308204,0.06
1773.42464,1773,Mycobacterium tuberculosis,SAMEA7526710,176,4305127,0.125
1773.42460,1773,Mycobacterium tuberculosis,SAMEA7526711,124,4295543,2
1773.42453,1773,Mycobacterium tuberculosis,SAMEA7526712,107,4356020,0.5
1773.42452,1773,Mycobacterium tuberculosis,SAMEA7526713,114,4307877,0.5
1773.42456,1773,Mycobacterium tuberculosis,SAMEA7526714,139,4309944,0.125
1773.42454,1773,Mycobacterium tuberculosis,SAMEA7526716,122,4316680,0.25
1773.42466,1773,Mycobacterium tuberculosis,SAMEA7526717,108,4342036,0.06
1773.42463,1773,Mycobacterium tuberculosis,SAMEA7526718,116,4342402,0.125
1773.42461,1773,Mycobacterium tuberculosis,SAMEA7526719,100,4375196,0.25
1773.42465,1773,Mycobacterium tuberculosis,SAMEA7526720,106,4348664,0.125
1773.42467,1773,Mycobacterium tuberculosis,SAMEA7526721,115,4279318,0.5
1773.42469,1773,Mycobacterium tuberculosis,SAMEA7526722,115,4323643,0.06
1773.42472,1773,Mycobacterium tuberculosis,SAMEA7526723,95,4303272,0.125
1773.42468,1773,Mycobacterium tuberculosis,SAMEA7526724,117,4324621,0.5
1773.42474,1773,Mycobacterium tuberculosis,SAMEA7526725,96,4377517,0.125
1773.42471,1773,Mycobacterium tuberculosis,SAMEA7526726,125,4280276,0.125
1773.42470,1773,Mycobacterium tuberculosis,SAMEA7526727,80,4369149,0.25
1773.42473,1773,Mycobacterium tuberculosis,SAMEA7526728,97,4372121,0.5
1773.42476,1773,Mycobacterium tuberculosis,SAMEA7526729,91,4348258,0.06
1773.42475,1773,Mycobacterium tuberculosis,SAMEA7526730,133,4320268,0.03
1773.42477,1773,Mycobacterium tuberculosis,SAMEA7526731,119,4315586,0.5
1773.42478,1773,Mycobacterium tuberculosis,SAMEA7526732,112,4320442,0.125
1773.42480,1773,Mycobacterium tuberculosis,SAMEA7526733,99,4349548,0.06
1773.42479,1773,Mycobacterium tuberculosis,SAMEA7526734,109,4373565,0.5
1773.42481,1773,Mycobacterium tuberculosis,SAMEA7526735,114,4354653,0.5
1773.42482,1773,Mycobacterium tuberculosis,SAMEA7526736,117,4321770,0.5
1773.42484,1773,Mycobacterium tuberculosis,SAMEA7526737,97,4350573,0.5
1773.42483,1773,Mycobacterium tuberculosis,SAMEA7526738,98,4369875,0.06
1773.42486,1773,Mycobacterium tuberculosis,SAMEA7526739,130,4254998,0.06
1773.42485,1773,Mycobacterium tuberculosis,SAMEA7526740,168,4321576,0.06
1773.42489,1773,Mycobacterium tuberculosis,SAMEA7526741,72,4367554,0.125
1773.42487,1773,Mycobacterium tuberculosis,SAMEA7526742,95,4346654,1
1773.42488,1773,Mycobacterium tuberculosis,SAMEA7526743,244,4187061,0.03
1773.42490,1773,Mycobacterium tuberculosis,SAMEA7526744,123,4315709,1
1773.42491,1773,Mycobacterium tuberculosis,SAMEA7526745,117,4276870,1
1773.42492,1773,Mycobacterium tuberculosis,SAMEA7526746,158,4284936,1
1773.42493,1773,Mycobacterium tuberculosis,SAMEA7526747,106,4344713,0.25
1773.42494,1773,Mycobacterium tuberculosis,SAMEA7526748,84,4354692,1
1773.42497,1773,Mycobacterium tuberculosis,SAMEA7526749,77,4386030,0.03
1773.42495,1773,Mycobacterium tuberculosis,SAMEA7526750,137,4272258,0.03
1773.42496,1773,Mycobacterium tuberculosis,SAMEA7526751,100,4350840,0.125
1773.42498,1773,Mycobacterium tuberculosis,SAMEA7526752,115,4364482,0.125
1773.42502,1773,Mycobacterium tuberculosis,SAMEA7526753,78,4365886,0.125
1773.42499,1773,Mycobacterium tuberculosis,SAMEA7526754,131,4300540,1
1773.42500,1773,Mycobacterium tuberculosis,SAMEA7526755,90,4359166,0.5
1773.42616,1773,Mycobacterium tuberculosis,SAMEA7526756,95,4344783,0.125
1773.42501,1773,Mycobacterium tuberculosis,SAMEA7526757,118,4311456,1
1773.42504,1773,Mycobacterium tuberculosis,SAMEA7526758,98,4347894,0.06
1773.42503,1773,Mycobacterium tuberculosis,SAMEA7526759,127,4304533,0.06
1773.42506,1773,Mycobacterium tuberculosis,SAMEA7526760,119,4321991,0.25
1773.42507,1773,Mycobacterium tuberculosis,SAMEA7526761,115,4266230,0.06
1773.42505,1773,Mycobacterium tuberculosis,SAMEA7526762,100,4350536,0.06
1773.42508,1773,Mycobacterium tuberculosis,SAMEA7526763,117,4249293,0.06
1773.42509,1773,Mycobacterium tuberculosis,SAMEA7526764,134,4316075,0.03
1773.42511,1773,Mycobacterium tuberculosis,SAMEA7526765,143,4308323,0.06
1773.42513,1773,Mycobacterium tuberculosis,SAMEA7526766,93,4346512,0.25
1773.42512,1773,Mycobacterium tuberculosis,SAMEA7526767,112,4331456,1
1773.42514,1773,Mycobacterium tuberculosis,SAMEA7526768,105,4374550,0.125
1773.42518,1773,Mycobacterium tuberculosis,SAMEA7526769,141,4300686,0.25
1773.42517,1773,Mycobacterium tuberculosis,SAMEA7526770,90,4373504,0.125
1773.42515,1773,Mycobacterium tuberculosis,SAMEA7526771,88,4381826,1
1773.42516,1773,Mycobacterium tuberculosis,SAMEA7526772,122,4324574,0.06
1773.42519,1773,Mycobacterium tuberculosis,SAMEA7526773,128,4288505,1
1773.42521,1773,Mycobacterium tuberculosis,SAMEA7526774,87,4364755,0.5
1773.42520,1773,Mycobacterium tuberculosis,SAMEA7526775,112,4315522,0.125
1773.42522,1773,Mycobacterium tuberculosis,SAMEA7526776,96,4344658,0.06
1773.42523,1773,Mycobacterium tuberculosis,SAMEA7526777,116,4348095,0.125
1773.42524,1773,Mycobacterium tuberculosis,SAMEA7526778,115,4323790,0.125
1773.42525,1773,Mycobacterium tuberculosis,SAMEA7526779,76,4370126,0.06
1773.42528,1773,Mycobacterium tuberculosis,SAMEA7526780,85,4367776,0.125
1773.42527,1773,Mycobacterium tuberculosis,SAMEA7526781,126,4282454,0.06
1773.42526,1773,Mycobacterium tuberculosis,SAMEA7526782,97,4374404,0.06
1773.42529,1773,Mycobacterium tuberculosis,SAMEA7526783,108,4344283,0.03
1773.42534,1773,Mycobacterium tuberculosis,SAMEA7526784,120,4331846,0.125
1773.42533,1773,Mycobacterium tuberculosis,SAMEA7526785,94,4389733,0.03
1773.42530,1773,Mycobacterium tuberculosis,SAMEA7526786,96,4362845,0.25
1773.42531,1773,Mycobacterium tuberculosis,SAMEA7526787,97,4346657,0.125
1773.42532,1773,Mycobacterium tuberculosis,SAMEA7526788,85,4354249,0.125
1773.42535,1773,Mycobacterium tuberculosis,SAMEA7526789,100,4350164,0.5
1773.42536,1773,Mycobacterium tuberculosis,SAMEA7526790,78,4371341,0.5
1773.42544,1773,Mycobacterium tuberculosis,SAMEA7526791,99,4327553,0.25
1773.42537,1773,Mycobacterium tuberculosis,SAMEA7526792,95,4346718,0.03
1773.42542,1773,Mycobacterium tuberculosis,SAMEA7526793,86,4345845,0.125
1773.42540,1773,Mycobacterium tuberculosis,SAMEA7526794,100,4349164,0.25
1773.42543,1773,Mycobacterium tuberculosis,SAMEA7526795,100,4381031,0.125
1773.42539,1773,Mycobacterium tuberculosis,SAMEA7526796,131,4297195,0.06
1773.42541,1773,Mycobacterium tuberculosis,SAMEA7526797,102,4344751,0.125
1773.42538,1773,Mycobacterium tuberculosis,SAMEA7526798,76,4385826,0.25
1773.42549,1773,Mycobacterium tuberculosis,SAMEA7526799,96,4351669,0.25
1773.42546,1773,Mycobacterium tuberculosis,SAMEA7526800,125,4308865,0.03
1773.42545,1773,Mycobacterium tuberculosis,SAMEA7526801,124,4330314,0.06
1773.42617,1773,Mycobacterium tuberculosis,SAMEA7526802,96,4351077,0.06
1773.42548,1773,Mycobacterium tuberculosis,SAMEA7526803,116,4343729,0.5
1773.42547,1773,Mycobacterium tuberculosis,SAMEA7526804,137,4318131,0.06
1773.42551,1773,Mycobacterium tuberculosis,SAMEA7526805,124,4341044,0.125
1773.42552,1773,Mycobacterium tuberculosis,SAMEA7526806,136,4310329,0.5
1773.42550,1773,Mycobacterium tuberculosis,SAMEA7526807,122,4332935,2
1773.42554,1773,Mycobacterium tuberculosis,SAMEA7526808,144,4330362,0.25
1773.42556,1773,Mycobacterium tuberculosis,SAMEA7526809,125,4320077,0.5
1773.42553,1773,Mycobacterium tuberculosis,SAMEA7526810,108,4347429,0.125
1773.42555,1773,Mycobacterium tuberculosis,SAMEA7526811,90,4362775,0.5
1773.42559,1773,Mycobacterium tuberculosis,SAMEA7526812,101,4348928,0.125
1773.42557,1773,Mycobacterium tuberculosis,SAMEA7526813,125,4330998,0.25
1773.42560,1773,Mycobacterium tuberculosis,SAMEA7526814,119,4323006,0.03
1773.42561,1773,Mycobacterium tuberculosis,SAMEA7526815,159,4344371,0.06
1773.42558,1773,Mycobacterium tuberculosis,SAMEA7526816,122,4329803,0.06
1773.42562,1773,Mycobacterium tuberculosis,SAMEA7526817,143,4315531,0.06
1773.42564,1773,Mycobacterium tuberculosis,SAMEA7526818,89,4344070,0.06
1773.42563,1773,Mycobacterium tuberculosis,SAMEA7526819,270,4118922,0.125
1773.42567,1773,Mycobacterium tuberculosis,SAMEA7526820,138,5616147,2
1773.42568,1773,Mycobacterium tuberculosis,SAMEA7526821,98,4385680,0.25
1773.42565,1773,Mycobacterium tuberculosis,SAMEA7526822,129,4314227,0.06
1773.42566,1773,Mycobacterium tuberculosis,SAMEA7526823,131,4326890,0.06
1773.42569,1773,Mycobacterium tuberculosis,SAMEA7526824,119,4335530,0.06
1773.42570,1773,Mycobacterium tuberculosis,SAMEA7526825,130,4330972,0.06
1773.42571,1773,Mycobacterium tuberculosis,SAMEA7526826,131,4308196,0.03
1773.42572,1773,Mycobacterium tuberculosis,SAMEA7526827,131,4308402,0.06
1773.42573,1773,Mycobacterium tuberculosis,SAMEA7526828,84,4388059,0.25
1773.42574,1773,Mycobacterium tuberculosis,SAMEA7526829,116,4326532,0.5
1773.42575,1773,Mycobacterium tuberculosis,SAMEA7526830,127,4343302,0.06
1773.42578,1773,Mycobacterium tuberculosis,SAMEA7526831,91,4366049,0.5
1773.42576,1773,Mycobacterium tuberculosis,SAMEA7526832,240,4299406,0.125
1773.42577,1773,Mycobacterium tuberculosis,SAMEA7526833,131,4316323,0.03
1773.42579,1773,Mycobacterium tuberculosis,SAMEA7526834,102,4372842,1
1773.42580,1773,Mycobacterium tuberculosis,SAMEA7526835,84,4364710,0.125
1773.42581,1773,Mycobacterium tuberculosis,SAMEA7526836,96,4363839,0.06
1773.42583,1773,Mycobacterium tuberculosis,SAMEA7526837,85,4380292,0.5
1773.42582,1773,Mycobacterium tuberculosis,SAMEA7526838,110,4274099,0.25
1773.42587,1773,Mycobacterium tuberculosis,SAMEA7526839,123,4328042,0.06
1773.42588,1773,Mycobacterium tuberculosis,SAMEA7526840,116,4334106,0.06
1773.42589,1773,Mycobacterium tuberculosis,SAMEA7526841,112,4317788,0.125
1773.42585,1773,Mycobacterium tuberculosis,SAMEA7526842,114,4341140,0.03
1773.42586,1773,Mycobacterium tuberculosis,SAMEA7526843,119,4331481,0.5
1773.42584,1773,Mycobacterium tuberculosis,SAMEA7526844,119,4316527,0.06
1773.42596,1773,Mycobacterium tuberculosis,SAMEA7526845,101,4347527,0.125
1773.42594,1773,Mycobacterium tuberculosis,SAMEA7526846,137,4303479,0.25
1773.42597,1773,Mycobacterium tuberculosis,SAMEA7526847,132,4321965,0.125
1773.42595,1773,Mycobacterium tuberculosis,SAMEA7526848,112,4321825,1
1773.42592,1773,Mycobacterium tuberculosis,SAMEA7526849,123,4257654,0.125
1773.42593,1773,Mycobacterium tuberculosis,SAMEA7526850,143,4308066,0.5
1773.42590,1773,Mycobacterium tuberculosis,SAMEA7526851,122,4311097,1
1773.42591,1773,Mycobacterium tuberculosis,SAMEA7526852,234,4243595,0.5
1773.42598,1773,Mycobacterium tuberculosis,SAMEA7526853,137,4327692,0.25
1773.42601,1773,Mycobacterium tuberculosis,SAMEA7526854,119,4259634,0.5
1773.42603,1773,Mycobacterium tuberculosis,SAMEA7526855,132,4309714,0.5
1773.42606,1773,Mycobacterium tuberculosis,SAMEA7526856,137,4312070,0.03
1773.42605,1773,Mycobacterium tuberculosis,SAMEA7526857,120,4336467,0.25
1773.42607,1773,Mycobacterium tuberculosis,SAMEA7526858,123,4323739,0.125
1773.43668,1773,Mycobacterium tuberculosis,SAMEA7526859,112,4302549,1
1773.33554,1773,Mycobacterium tuberculosis,SAMEA7526878,89,4370060,0.06
1773.43104,1773,Mycobacterium tuberculosis,SAMEA7526882,91,4365553,0.25
1773.33557,1773,Mycobacterium tuberculosis,SAMEA7526886,81,4370001,0.06
1773.33556,1773,Mycobacterium tuberculosis,SAMEA7526887,70,4373374,0.03
1773.33558,1773,Mycobacterium tuberculosis,SAMEA7526889,97,4347872,0.06
1773.33559,1773,Mycobacterium tuberculosis,SAMEA7526906,78,4318677,0.06
1773.33560,1773,Mycobacterium tuberculosis,SAMEA7526913,102,4344188,0.03
1773.33561,1773,Mycobacterium tuberculosis,SAMEA7526916,93,4346304,0.50
1773.42600,1773,Mycobacterium tuberculosis,SAMEA7526923,127,4313414,0.5
1773.42604,1773,Mycobacterium tuberculosis,SAMEA7526924,125,4328114,0.06
1773.33562,1773,Mycobacterium tuberculosis,SAMEA7526927,89,4378782,0.25
1773.42602,1773,Mycobacterium tuberculosis,SAMEA7526928,101,4365704,0.125
1773.33565,1773,Mycobacterium tuberculosis,SAMEA7526929,100,4345127,0.25
1773.42599,1773,Mycobacterium tuberculosis,SAMEA7526937,121,4323609,0.06
1773.42609,1773,Mycobacterium tuberculosis,SAMEA7526987,138,4320800,0.125
1773.42608,1773,Mycobacterium tuberculosis,SAMEA7527001,158,4280366,0.25
1773.42610,1773,Mycobacterium tuberculosis,SAMEA7527003,138,4302113,0.06
1773.42613,1773,Mycobacterium tuberculosis,SAMEA7527007,162,4304065,0.5
1773.33566,1773,Mycobacterium tuberculosis,SAMEA7541393,116,4317577,4.00
1773.33563,1773,Mycobacterium tuberculosis,SAMEA7541395,110,4321855,0.50
1773.33569,1773,Mycobacterium tuberculosis,SAMEA7541397,97,4348814,0.25
1773.33570,1773,Mycobacterium tuberculosis,SAMEA7541399,118,4313837,0.50
1773.33571,1773,Mycobacterium tuberculosis,SAMEA7541400,112,4306218,0.50
1773.33567,1773,Mycobacterium tuberculosis,SAMEA7541401,106,4332090,0.50
1773.33573,1773,Mycobacterium tuberculosis,SAMEA7541403,108,4319235,0.50
1773.33572,1773,Mycobacterium tuberculosis,SAMEA7541404,98,4255151,0.25
1773.33574,1773,Mycobacterium tuberculosis,SAMEA7541406,119,4314088,0.50
1773.33575,1773,Mycobacterium tuberculosis,SAMEA7541409,79,4351533,0.50
1773.33578,1773,Mycobacterium tuberculosis,SAMEA7541410,106,4323785,0.50
1773.33580,1773,Mycobacterium tuberculosis,SAMEA7541411,105,4332219,0.50
1773.33577,1773,Mycobacterium tuberculosis,SAMEA7541412,99,4328053,0.50
1773.33579,1773,Mycobacterium tuberculosis,SAMEA7541413,92,4356819,0.25
1773.33576,1773,Mycobacterium tuberculosis,SAMEA7541414,99,4327709,0.50
1773.33584,1773,Mycobacterium tuberculosis,SAMEA7541415,99,4311712,0.25
1773.33585,1773,Mycobacterium tuberculosis,SAMEA7541416,115,4321637,0.50
1773.33586,1773,Mycobacterium tuberculosis,SAMEA7541417,87,4293957,0.50
1773.33581,1773,Mycobacterium tuberculosis,SAMEA7541418,105,4324186,0.50
1773.33582,1773,Mycobacterium tuberculosis,SAMEA7541420,103,4341366,0.50
1773.33587,1773,Mycobacterium tuberculosis,SAMEA7541421,120,4343488,0.50
1773.33590,1773,Mycobacterium tuberculosis,SAMEA7541422,94,4340877,0.50
1773.33588,1773,Mycobacterium tuberculosis,SAMEA7541424,116,4331204,0.50
1773.33591,1773,Mycobacterium tuberculosis,SAMEA7541425,119,4330155,0.50
1773.33593,1773,Mycobacterium tuberculosis,SAMEA7541428,92,4344106,0.25
1773.33597,1773,Mycobacterium tuberculosis,SAMEA7541430,86,4341631,0.50
1773.33594,1773,Mycobacterium tuberculosis,SAMEA7541431,98,4331260,0.50
1773.33595,1773,Mycobacterium tuberculosis,SAMEA7541432,114,4328515,0.50
1773.33592,1773,Mycobacterium tuberculosis,SAMEA7541433,116,4323718,0.50
1773.33599,1773,Mycobacterium tuberculosis,SAMEA7541439,118,4325127,0.50
1773.33600,1773,Mycobacterium tuberculosis,SAMEA7541440,97,4335790,4.00
1773.33601,1773,Mycobacterium tuberculosis,SAMEA7541441,129,4322699,0.50
1773.33602,1773,Mycobacterium tuberculosis,SAMEA7541442,105,4333382,1.00
1773.33603,1773,Mycobacterium tuberculosis,SAMEA7541447,115,4330340,0.50
1773.33604,1773,Mycobacterium tuberculosis,SAMEA7541449,97,4344221,0.50
1773.33609,1773,Mycobacterium tuberculosis,SAMEA7541450,99,4341527,0.50
1773.33611,1773,Mycobacterium tuberculosis,SAMEA7541451,105,4335335,0.50
1773.33607,1773,Mycobacterium tuberculosis,SAMEA7541455,106,4331921,0.50
1773.33608,1773,Mycobacterium tuberculosis,SAMEA7541456,131,4335818,0.25
1773.33614,1773,Mycobacterium tuberculosis,SAMEA7541460,91,4360491,0.50
1773.33617,1773,Mycobacterium tuberculosis,SAMEA7541463,110,4329705,0.50
1773.33616,1773,Mycobacterium tuberculosis,SAMEA7541465,113,4356689,0.50
1773.33615,1773,Mycobacterium tuberculosis,SAMEA7541466,121,4327343,0.50
1773.33618,1773,Mycobacterium tuberculosis,SAMEA7541468,109,4348837,0.50
1773.33620,1773,Mycobacterium tuberculosis,SAMEA7541469,144,4335004,0.50
1773.33623,1773,Mycobacterium tuberculosis,SAMEA7541470,106,4333281,0.50
1773.33621,1773,Mycobacterium tuberculosis,SAMEA7541471,108,4318962,0.50
1773.33624,1773,Mycobacterium tuberculosis,SAMEA7541472,106,4306155,0.25
1773.33622,1773,Mycobacterium tuberculosis,SAMEA7541474,99,4354348,0.50
1773.33625,1773,Mycobacterium tuberculosis,SAMEA7541475,140,4335509,0.50
1773.33626,1773,Mycobacterium tuberculosis,SAMEA7541476,139,4339405,0.25
1773.33628,1773,Mycobacterium tuberculosis,SAMEA7541479,93,4344075,0.12
1773.33627,1773,Mycobacterium tuberculosis,SAMEA7541481,95,4285513,0.25
1773.33631,1773,Mycobacterium tuberculosis,SAMEA7541482,107,4333064,0.50
1773.33630,1773,Mycobacterium tuberculosis,SAMEA7541483,97,4290719,0.50
1773.33634,1773,Mycobacterium tuberculosis,SAMEA7541484,118,4324073,0.50
1773.33632,1773,Mycobacterium tuberculosis,SAMEA7541485,104,4325159,0.25
1773.33629,1773,Mycobacterium tuberculosis,SAMEA7541487,107,4281774,0.25
1773.33633,1773,Mycobacterium tuberculosis,SAMEA7541489,116,4313612,0.50
1773.33638,1773,Mycobacterium tuberculosis,SAMEA7541492,137,4296981,0.50
1773.33637,1773,Mycobacterium tuberculosis,SAMEA7541493,109,4294641,0.25
1773.33635,1773,Mycobacterium tuberculosis,SAMEA7541496,153,4229290,0.25
1773.33639,1773,Mycobacterium tuberculosis,SAMEA7541498,117,4314982,0.50
1773.33641,1773,Mycobacterium tuberculosis,SAMEA7541499,109,4345818,0.12
1773.33642,1773,Mycobacterium tuberculosis,SAMEA7541500,95,4324058,0.50
1773.33640,1773,Mycobacterium tuberculosis,SAMEA7541502,119,4295673,0.25
1773.33643,1773,Mycobacterium tuberculosis,SAMEA7541503,125,4295334,0.50
1773.33644,1773,Mycobacterium tuberculosis,SAMEA7541504,121,4291234,0.25
1773.33648,1773,Mycobacterium tuberculosis,SAMEA7541506,105,4317415,0.50
1773.33647,1773,Mycobacterium tuberculosis,SAMEA7541507,112,4326359,0.50
1773.33645,1773,Mycobacterium tuberculosis,SAMEA7541514,107,4336665,0.50
1773.33649,1773,Mycobacterium tuberculosis,SAMEA7541520,114,4298693,0.50
1773.33656,1773,Mycobacterium tuberculosis,SAMEA7541524,110,4328270,0.50
1773.33652,1773,Mycobacterium tuberculosis,SAMEA7541527,106,4332853,0.25
1773.33660,1773,Mycobacterium tuberculosis,SAMEA7541530,113,4333883,1.00
1773.33659,1773,Mycobacterium tuberculosis,SAMEA7541531,171,4311275,0.25
1773.33661,1773,Mycobacterium tuberculosis,SAMEA7541532,108,4315186,0.25
1773.33658,1773,Mycobacterium tuberculosis,SAMEA7541533,110,4315748,0.50
1773.33662,1773,Mycobacterium tuberculosis,SAMEA7541535,111,4302290,0.50
1773.33664,1773,Mycobacterium tuberculosis,SAMEA7541536,119,4296345,0.50
1773.33665,1773,Mycobacterium tuberculosis,SAMEA7541537,113,4324617,0.25
1773.33669,1773,Mycobacterium tuberculosis,SAMEA7541538,111,4326789,0.25
1773.33668,1773,Mycobacterium tuberculosis,SAMEA7541539,106,4351258,0.12
1773.33667,1773,Mycobacterium tuberculosis,SAMEA7541542,115,4305291,0.25
1773.33670,1773,Mycobacterium tuberculosis,SAMEA7541543,123,4306162,0.25
1773.33671,1773,Mycobacterium tuberculosis,SAMEA7541544,111,4304369,0.50
1773.33672,1773,Mycobacterium tuberculosis,SAMEA7541545,113,4234889,0.50
1773.33673,1773,Mycobacterium tuberculosis,SAMEA7541546,100,4293325,0.25
1773.33675,1773,Mycobacterium tuberculosis,SAMEA7541548,106,4320445,0.25
1773.33674,1773,Mycobacterium tuberculosis,SAMEA7541549,106,4327201,0.50
1773.33677,1773,Mycobacterium tuberculosis,SAMEA7541551,117,4308049,0.50
1773.33682,1773,Mycobacterium tuberculosis,SAMEA7541553,104,4353321,0.25
1773.33679,1773,Mycobacterium tuberculosis,SAMEA7541554,114,4296926,0.50
1773.33680,1773,Mycobacterium tuberculosis,SAMEA7541555,121,4319462,0.25
1773.33683,1773,Mycobacterium tuberculosis,SAMEA7541556,116,4323431,0.25
1773.33685,1773,Mycobacterium tuberculosis,SAMEA7541557,110,4333630,0.50
1773.33684,1773,Mycobacterium tuberculosis,SAMEA7541558,117,4303979,0.25
1773.33686,1773,Mycobacterium tuberculosis,SAMEA7541560,117,4210851,0.25
1773.33689,1773,Mycobacterium tuberculosis,SAMEA7541561,119,4314193,0.25
1773.33690,1773,Mycobacterium tuberculosis,SAMEA7541562,91,4339364,0.50
1773.33688,1773,Mycobacterium tuberculosis,SAMEA7541563,112,4320140,0.50
1773.33692,1773,Mycobacterium tuberculosis,SAMEA7541564,106,4336479,0.50
1773.33691,1773,Mycobacterium tuberculosis,SAMEA7541565,103,4340265,0.25
1773.33693,1773,Mycobacterium tuberculosis,SAMEA7541566,122,4301589,0.50
1773.33695,1773,Mycobacterium tuberculosis,SAMEA7541568,121,4310790,0.50
1773.33698,1773,Mycobacterium tuberculosis,SAMEA7541571,99,4358706,0.50
1773.33704,1773,Mycobacterium tuberculosis,SAMEA7541572,102,4281834,1.00
1773.33703,1773,Mycobacterium tuberculosis,SAMEA7541573,117,4308734,0.50
1773.33699,1773,Mycobacterium tuberculosis,SAMEA7541575,111,4302221,0.25
1773.33700,1773,Mycobacterium tuberculosis,SAMEA7541576,106,4305524,0.25
1773.33702,1773,Mycobacterium tuberculosis,SAMEA7541577,110,4348806,0.25
1773.33706,1773,Mycobacterium tuberculosis,SAMEA7541579,113,4312346,0.50
1773.33710,1773,Mycobacterium tuberculosis,SAMEA7541580,102,4327973,0.50
1773.33709,1773,Mycobacterium tuberculosis,SAMEA7541581,115,4299530,0.50
1773.33713,1773,Mycobacterium tuberculosis,SAMEA7541582,116,4296729,0.50
1773.33712,1773,Mycobacterium tuberculosis,SAMEA7541585,134,4328682,0.25
1773.33707,1773,Mycobacterium tuberculosis,SAMEA7541586,103,4332595,0.50
1773.33708,1773,Mycobacterium tuberculosis,SAMEA7541587,113,4314399,0.50
1773.33718,1773,Mycobacterium tuberculosis,SAMEA7541588,104,4236884,0.50
1773.33715,1773,Mycobacterium tuberculosis,SAMEA7541589,117,4307108,0.50
1773.33716,1773,Mycobacterium tuberculosis,SAMEA7541590,105,4269394,0.50
1773.33717,1773,Mycobacterium tuberculosis,SAMEA7541591,117,4292016,0.50
1773.33714,1773,Mycobacterium tuberculosis,SAMEA7541592,115,4295679,0.50
1773.33722,1773,Mycobacterium tuberculosis,SAMEA7541594,108,4315778,0.50
1773.33720,1773,Mycobacterium tuberculosis,SAMEA7541595,113,4322290,0.50
1773.33725,1773,Mycobacterium tuberculosis,SAMEA7541597,95,4317339,1.00
1773.33724,1773,Mycobacterium tuberculosis,SAMEA7541598,123,4319756,0.50
1773.33721,1773,Mycobacterium tuberculosis,SAMEA7541599,108,4318372,0.50
1773.33727,1773,Mycobacterium tuberculosis,SAMEA7541600,102,4316645,4.00
1773.33726,1773,Mycobacterium tuberculosis,SAMEA7541601,113,4323211,0.50
1773.33728,1773,Mycobacterium tuberculosis,SAMEA7541604,110,4300812,0.50
1773.33733,1773,Mycobacterium tuberculosis,SAMEA7541608,90,4315980,0.50
1773.33810,1773,Mycobacterium tuberculosis,SAMEA7541609,99,4331943,0.50
1773.33730,1773,Mycobacterium tuberculosis,SAMEA7541610,89,4336280,0.50
1773.33736,1773,Mycobacterium tuberculosis,SAMEA7541611,115,4321748,1.00
1773.33735,1773,Mycobacterium tuberculosis,SAMEA7541612,114,4311710,0.50
1773.33734,1773,Mycobacterium tuberculosis,SAMEA7541613,113,4310584,0.50
1773.33737,1773,Mycobacterium tuberculosis,SAMEA7541614,115,4316774,4.00
1773.33738,1773,Mycobacterium tuberculosis,SAMEA7541615,107,4338291,0.50
1773.33739,1773,Mycobacterium tuberculosis,SAMEA7541616,122,4305239,0.50
1773.33740,1773,Mycobacterium tuberculosis,SAMEA7541617,111,4347897,0.50
1773.33743,1773,Mycobacterium tuberculosis,SAMEA7541618,104,4328749,0.50
1773.33741,1773,Mycobacterium tuberculosis,SAMEA7541619,95,4331870,0.50
1773.33742,1773,Mycobacterium tuberculosis,SAMEA7541620,117,4326453,0.50
1773.33745,1773,Mycobacterium tuberculosis,SAMEA7541622,93,4326063,0.50
1773.33746,1773,Mycobacterium tuberculosis,SAMEA7541623,93,4334295,0.50
1773.33747,1773,Mycobacterium tuberculosis,SAMEA7541624,89,4311077,1.00
1773.33748,1773,Mycobacterium tuberculosis,SAMEA7541625,107,4342800,0.50
1773.33749,1773,Mycobacterium tuberculosis,SAMEA7541626,107,4317580,0.50
1773.33751,1773,Mycobacterium tuberculosis,SAMEA7541627,101,4327839,0.50
1773.33750,1773,Mycobacterium tuberculosis,SAMEA7541628,90,4293914,0.50
1773.33755,1773,Mycobacterium tuberculosis,SAMEA7541632,103,4311915,1.00
1773.33754,1773,Mycobacterium tuberculosis,SAMEA7541633,92,4334562,0.50
1773.33758,1773,Mycobacterium tuberculosis,SAMEA7541634,94,4337179,0.50
1773.33757,1773,Mycobacterium tuberculosis,SAMEA7541635,104,4346535,1.00
1773.33760,1773,Mycobacterium tuberculosis,SAMEA7541636,97,4338966,1.00
1773.33759,1773,Mycobacterium tuberculosis,SAMEA7541637,97,4335983,1.00
1773.33761,1773,Mycobacterium tuberculosis,SAMEA7541638,92,4318573,0.50
1773.33762,1773,Mycobacterium tuberculosis,SAMEA7541639,93,4325061,1.00
1773.33764,1773,Mycobacterium tuberculosis,SAMEA7541641,93,4344438,0.50
1773.33765,1773,Mycobacterium tuberculosis,SAMEA7541643,101,4290859,0.50
1773.33769,1773,Mycobacterium tuberculosis,SAMEA7541645,115,4315959,0.50
1773.33766,1773,Mycobacterium tuberculosis,SAMEA7541646,95,4281528,1.00
1773.33772,1773,Mycobacterium tuberculosis,SAMEA7541647,109,4321784,0.50
1773.33770,1773,Mycobacterium tuberculosis,SAMEA7541650,94,4335387,0.50
1773.33775,1773,Mycobacterium tuberculosis,SAMEA7541651,106,4326298,0.50
1773.33778,1773,Mycobacterium tuberculosis,SAMEA7541654,112,4320859,1.00
1773.33777,1773,Mycobacterium tuberculosis,SAMEA7541655,90,4324057,0.50
1773.33776,1773,Mycobacterium tuberculosis,SAMEA7541656,100,4329029,0.50
1773.33779,1773,Mycobacterium tuberculosis,SAMEA7541657,113,4336344,1.00
1773.33781,1773,Mycobacterium tuberculosis,SAMEA7541658,90,4333936,0.50
1773.33780,1773,Mycobacterium tuberculosis,SAMEA7541659,105,4322262,0.50
1773.33784,1773,Mycobacterium tuberculosis,SAMEA7541661,106,4312122,1.00
1773.33788,1773,Mycobacterium tuberculosis,SAMEA7541662,97,4314739,0.50
1773.33789,1773,Mycobacterium tuberculosis,SAMEA7541663,110,4317917,0.50
1773.33785,1773,Mycobacterium tuberculosis,SAMEA7541664,106,4185941,1.00
1773.33787,1773,Mycobacterium tuberculosis,SAMEA7541665,118,4329421,1.00
1773.33782,1773,Mycobacterium tuberculosis,SAMEA7541666,103,4288038,1.00
1773.33792,1773,Mycobacterium tuberculosis,SAMEA7541669,104,4306073,0.50
1773.33791,1773,Mycobacterium tuberculosis,SAMEA7541670,119,4305326,0.50
1773.33793,1773,Mycobacterium tuberculosis,SAMEA7541672,103,4274694,0.50
1773.33796,1773,Mycobacterium tuberculosis,SAMEA7541675,104,4289943,0.50
1773.33797,1773,Mycobacterium tuberculosis,SAMEA7541677,120,4310932,0.50
1773.33798,1773,Mycobacterium tuberculosis,SAMEA7541678,111,4307254,0.50
1773.33801,1773,Mycobacterium tuberculosis,SAMEA7541679,110,4279597,0.50
1773.33803,1773,Mycobacterium tuberculosis,SAMEA7541680,107,4314636,1.00
1773.33805,1773,Mycobacterium tuberculosis,SAMEA7541683,99,4334885,0.50
1773.33800,1773,Mycobacterium tuberculosis,SAMEA7541686,109,4314646,0.50
1773.33807,1773,Mycobacterium tuberculosis,SAMEA7541688,112,4305892,0.50
1773.33809,1773,Mycobacterium tuberculosis,SAMEA7541690,97,4343811,0.50
1773.33813,1773,Mycobacterium tuberculosis,SAMEA7541692,118,4322145,0.50
1773.33815,1773,Mycobacterium tuberculosis,SAMEA7541693,105,4333926,1.00
1773.33816,1773,Mycobacterium tuberculosis,SAMEA7541695,119,4308738,0.50
1773.33817,1773,Mycobacterium tuberculosis,SAMEA7541696,109,4316677,0.50
1773.33819,1773,Mycobacterium tuberculosis,SAMEA7541697,95,4316676,1.00
1773.33820,1773,Mycobacterium tuberculosis,SAMEA7541698,100,4335720,0.50
1773.33818,1773,Mycobacterium tuberculosis,SAMEA7541699,88,4351341,0.50
1773.33821,1773,Mycobacterium tuberculosis,SAMEA7541701,113,4329870,0.50
1773.33823,1773,Mycobacterium tuberculosis,SAMEA7541703,108,4330170,0.50
1773.33825,1773,Mycobacterium tuberculosis,SAMEA7541704,91,4341085,0.25
1773.33826,1773,Mycobacterium tuberculosis,SAMEA7541705,90,4297333,1.00
1773.33827,1773,Mycobacterium tuberculosis,SAMEA7541707,104,4336077,0.50
1773.33836,1773,Mycobacterium tuberculosis,SAMEA7541709,97,4346573,0.25
1773.33830,1773,Mycobacterium tuberculosis,SAMEA7541711,80,4347759,0.25
1773.33829,1773,Mycobacterium tuberculosis,SAMEA7541712,110,4336280,0.25
1773.33833,1773,Mycobacterium tuberculosis,SAMEA7541715,106,4335819,0.50
1773.33831,1773,Mycobacterium tuberculosis,SAMEA7541716,107,4354214,0.25
1773.33834,1773,Mycobacterium tuberculosis,SAMEA7541717,95,4359603,0.25
1773.33837,1773,Mycobacterium tuberculosis,SAMEA7541718,79,4352190,2.00
1773.33841,1773,Mycobacterium tuberculosis,SAMEA7541719,84,4346203,0.25
1773.33840,1773,Mycobacterium tuberculosis,SAMEA7541722,114,4330485,0.50
1773.33839,1773,Mycobacterium tuberculosis,SAMEA7541723,111,4359241,0.12
1773.33843,1773,Mycobacterium tuberculosis,SAMEA7541725,98,4368038,0.25
1773.33845,1773,Mycobacterium tuberculosis,SAMEA7541726,100,4338829,0.50
1773.33849,1773,Mycobacterium tuberculosis,SAMEA7541730,110,4333887,0.50
1773.33850,1773,Mycobacterium tuberculosis,SAMEA7541731,95,4339936,0.50
1773.33851,1773,Mycobacterium tuberculosis,SAMEA7541733,100,4346911,1.00
1773.33848,1773,Mycobacterium tuberculosis,SAMEA7541734,103,4353933,0.25
1773.33854,1773,Mycobacterium tuberculosis,SAMEA7541736,124,4329228,0.50
1773.33855,1773,Mycobacterium tuberculosis,SAMEA7541738,89,4324418,0.50
1773.33856,1773,Mycobacterium tuberculosis,SAMEA7541739,100,4367648,0.25
1773.33858,1773,Mycobacterium tuberculosis,SAMEA7541740,82,4347740,0.50
1773.33857,1773,Mycobacterium tuberculosis,SAMEA7541741,97,4365433,0.25
1773.33859,1773,Mycobacterium tuberculosis,SAMEA7541742,95,4340739,0.25
1773.33861,1773,Mycobacterium tuberculosis,SAMEA7541743,127,4332636,0.50
1773.33860,1773,Mycobacterium tuberculosis,SAMEA7541744,87,4310572,1.00
1773.33862,1773,Mycobacterium tuberculosis,SAMEA7541745,107,4327123,0.50
1773.33863,1773,Mycobacterium tuberculosis,SAMEA7541746,113,4326746,0.50
1773.33864,1773,Mycobacterium tuberculosis,SAMEA7541747,106,4333546,0.12
1773.33865,1773,Mycobacterium tuberculosis,SAMEA7541748,111,4335454,0.50
1773.33866,1773,Mycobacterium tuberculosis,SAMEA7541749,104,4330518,0.25
1773.33868,1773,Mycobacterium tuberculosis,SAMEA7541751,96,4349800,0.25
1773.33869,1773,Mycobacterium tuberculosis,SAMEA7541752,103,4335073,0.25
1773.33870,1773,Mycobacterium tuberculosis,SAMEA7541753,89,4350460,0.50
1773.33871,1773,Mycobacterium tuberculosis,SAMEA7541755,108,4329041,0.50
1773.33877,1773,Mycobacterium tuberculosis,SAMEA7541759,136,4276295,0.50
1773.33875,1773,Mycobacterium tuberculosis,SAMEA7541761,159,4328663,0.25
1773.33873,1773,Mycobacterium tuberculosis,SAMEA7541762,116,4323924,0.50
1773.33874,1773,Mycobacterium tuberculosis,SAMEA7541763,110,4325167,0.25
1773.33884,1773,Mycobacterium tuberculosis,SAMEA7541764,112,4347200,0.50
1773.33881,1773,Mycobacterium tuberculosis,SAMEA7541766,92,4291034,0.25
1773.33880,1773,Mycobacterium tuberculosis,SAMEA7541768,94,4263548,0.25
1773.33882,1773,Mycobacterium tuberculosis,SAMEA7541769,107,4341262,0.25
1773.33886,1773,Mycobacterium tuberculosis,SAMEA7541771,99,4340337,0.25
1773.33887,1773,Mycobacterium tuberculosis,SAMEA7541772,112,4336265,0.50
1773.33888,1773,Mycobacterium tuberculosis,SAMEA7541773,114,4321353,0.50
1773.33889,1773,Mycobacterium tuberculosis,SAMEA7541774,105,4330091,0.50
1773.33895,1773,Mycobacterium tuberculosis,SAMEA7541776,161,4288300,0.50
1773.33891,1773,Mycobacterium tuberculosis,SAMEA7541779,104,4374492,0.50
1773.33894,1773,Mycobacterium tuberculosis,SAMEA7541780,76,4356209,1.00
1773.33893,1773,Mycobacterium tuberculosis,SAMEA7541781,93,4340467,0.50
1773.33898,1773,Mycobacterium tuberculosis,SAMEA7541784,77,4370948,0.50
1773.33902,1773,Mycobacterium tuberculosis,SAMEA7541786,104,4338906,0.50
1773.33901,1773,Mycobacterium tuberculosis,SAMEA7541787,80,4354238,0.50
1773.33900,1773,Mycobacterium tuberculosis,SAMEA7541788,83,4333664,0.50
1773.33903,1773,Mycobacterium tuberculosis,SAMEA7541789,93,4341678,0.25
1773.33905,1773,Mycobacterium tuberculosis,SAMEA7541790,81,4371811,1.00
1773.33904,1773,Mycobacterium tuberculosis,SAMEA7541791,102,4339597,0.50
1773.33910,1773,Mycobacterium tuberculosis,SAMEA7541793,110,4333294,0.50
1773.33908,1773,Mycobacterium tuberculosis,SAMEA7541794,100,4336062,0.50
1773.33911,1773,Mycobacterium tuberculosis,SAMEA7541796,93,4334197,0.50
1773.33907,1773,Mycobacterium tuberculosis,SAMEA7541797,88,4339631,0.50
1773.33913,1773,Mycobacterium tuberculosis,SAMEA7541798,98,4357575,0.25
1773.33912,1773,Mycobacterium tuberculosis,SAMEA7541800,92,4341664,0.50
1773.33915,1773,Mycobacterium tuberculosis,SAMEA7541801,92,4337668,0.12
1773.33916,1773,Mycobacterium tuberculosis,SAMEA7541802,126,4342825,0.25
1773.33919,1773,Mycobacterium tuberculosis,SAMEA7541803,77,4353857,1.00
1773.33921,1773,Mycobacterium tuberculosis,SAMEA7541804,95,4347685,0.25
1773.33920,1773,Mycobacterium tuberculosis,SAMEA7541805,101,4339095,0.25
1773.33923,1773,Mycobacterium tuberculosis,SAMEA7541806,80,4361978,2.00
1773.33922,1773,Mycobacterium tuberculosis,SAMEA7541807,110,4315327,1.00
1773.33917,1773,Mycobacterium tuberculosis,SAMEA7541809,72,4359033,0.50
1773.33925,1773,Mycobacterium tuberculosis,SAMEA7541810,86,4305249,0.50
1773.33924,1773,Mycobacterium tuberculosis,SAMEA7541812,100,4368804,0.25
1773.33929,1773,Mycobacterium tuberculosis,SAMEA7541813,98,4344858,0.25
1773.33933,1773,Mycobacterium tuberculosis,SAMEA7541818,84,4309218,0.50
1773.33934,1773,Mycobacterium tuberculosis,SAMEA7541819,92,4343190,0.50
1773.33928,1773,Mycobacterium tuberculosis,SAMEA7541821,81,4352927,0.50
1773.33927,1773,Mycobacterium tuberculosis,SAMEA7541822,70,4355318,1.00
1773.33935,1773,Mycobacterium tuberculosis,SAMEA7541823,91,4349513,0.50
1773.33936,1773,Mycobacterium tuberculosis,SAMEA7541824,95,4341093,0.50
1773.33937,1773,Mycobacterium tuberculosis,SAMEA7541825,99,4358347,0.50
1773.33938,1773,Mycobacterium tuberculosis,SAMEA7541826,77,4380094,0.50
1773.33940,1773,Mycobacterium tuberculosis,SAMEA7541830,74,4351160,0.50
1773.33943,1773,Mycobacterium tuberculosis,SAMEA7541831,100,4347816,0.50
1773.33944,1773,Mycobacterium tuberculosis,SAMEA7541832,93,4309810,0.50
1773.33946,1773,Mycobacterium tuberculosis,SAMEA7541835,111,4327210,0.50
1773.33947,1773,Mycobacterium tuberculosis,SAMEA7541836,85,4338888,0.50
1773.33948,1773,Mycobacterium tuberculosis,SAMEA7541837,91,4334934,0.50
1773.33954,1773,Mycobacterium tuberculosis,SAMEA7541842,103,4348286,0.06
1773.33955,1773,Mycobacterium tuberculosis,SAMEA7541844,84,4295435,1.00
1773.33956,1773,Mycobacterium tuberculosis,SAMEA7541845,90,4337272,0.50
1773.33957,1773,Mycobacterium tuberculosis,SAMEA7541846,112,4310879,0.50
1773.33959,1773,Mycobacterium tuberculosis,SAMEA7541847,163,4312779,0.50
1773.33958,1773,Mycobacterium tuberculosis,SAMEA7541849,96,4340007,0.50
1773.33961,1773,Mycobacterium tuberculosis,SAMEA7541850,93,4349387,1.00
1773.33962,1773,Mycobacterium tuberculosis,SAMEA7541851,91,4296265,0.50
1773.33964,1773,Mycobacterium tuberculosis,SAMEA7541852,93,4336123,0.25
1773.33965,1773,Mycobacterium tuberculosis,SAMEA7541853,119,4329985,0.50
1773.33963,1773,Mycobacterium tuberculosis,SAMEA7541856,106,4334670,0.50
1773.33966,1773,Mycobacterium tuberculosis,SAMEA7541857,105,4330349,0.50
1773.33968,1773,Mycobacterium tuberculosis,SAMEA7541858,103,4334685,4.00
1773.33967,1773,Mycobacterium tuberculosis,SAMEA7541859,100,4339481,0.50
1773.33974,1773,Mycobacterium tuberculosis,SAMEA7541860,103,4336666,0.50
1773.33976,1773,Mycobacterium tuberculosis,SAMEA7541862,97,4340238,0.50
1773.33973,1773,Mycobacterium tuberculosis,SAMEA7541863,100,4334178,0.50
1773.33978,1773,Mycobacterium tuberculosis,SAMEA7541864,98,4334134,1.00
1773.34047,1773,Mycobacterium tuberculosis,SAMEA7541868,96,4343871,0.50
1773.33970,1773,Mycobacterium tuberculosis,SAMEA7541874,117,4336549,0.50
1773.33969,1773,Mycobacterium tuberculosis,SAMEA7541875,97,4345543,1.00
1773.33972,1773,Mycobacterium tuberculosis,SAMEA7541876,82,4373768,0.50
1773.33982,1773,Mycobacterium tuberculosis,SAMEA7541878,90,4348290,0.50
1773.33983,1773,Mycobacterium tuberculosis,SAMEA7541879,77,4359512,1.00
1773.34049,1773,Mycobacterium tuberculosis,SAMEA7541880,84,4359113,0.25
1773.33981,1773,Mycobacterium tuberculosis,SAMEA7541882,81,4354507,0.50
1773.33984,1773,Mycobacterium tuberculosis,SAMEA7541883,88,4360437,1.00
1773.33985,1773,Mycobacterium tuberculosis,SAMEA7541884,78,4354375,0.50
1773.33986,1773,Mycobacterium tuberculosis,SAMEA7541885,88,4345252,0.50
1773.33987,1773,Mycobacterium tuberculosis,SAMEA7541886,87,4363897,0.25
1773.33989,1773,Mycobacterium tuberculosis,SAMEA7541888,92,4375100,0.25
1773.33991,1773,Mycobacterium tuberculosis,SAMEA7541889,96,4361206,0.50
1773.33990,1773,Mycobacterium tuberculosis,SAMEA7541890,92,4344241,1.00
1773.33993,1773,Mycobacterium tuberculosis,SAMEA7541891,73,4361028,0.50
1773.33992,1773,Mycobacterium tuberculosis,SAMEA7541892,102,4348549,0.50
1773.33995,1773,Mycobacterium tuberculosis,SAMEA7541893,86,4367862,0.50
1773.33994,1773,Mycobacterium tuberculosis,SAMEA7541894,101,4344040,0.50
1773.33996,1773,Mycobacterium tuberculosis,SAMEA7541895,92,4346805,1.00
1773.33998,1773,Mycobacterium tuberculosis,SAMEA7541896,117,4340411,0.50
1773.34001,1773,Mycobacterium tuberculosis,SAMEA7542037,124,4308061,0.50
1773.34000,1773,Mycobacterium tuberculosis,SAMEA7542038,107,4309555,0.50
1773.33999,1773,Mycobacterium tuberculosis,SAMEA7542042,126,4333779,0.50
1773.34006,1773,Mycobacterium tuberculosis,SAMEA7542050,106,4335363,0.50
1773.34005,1773,Mycobacterium tuberculosis,SAMEA7542051,111,4341997,2.00
1773.34075,1773,Mycobacterium tuberculosis,SAMEA7542052,96,4335628,0.50
1773.34008,1773,Mycobacterium tuberculosis,SAMEA7542053,87,4351059,0.50
1773.34004,1773,Mycobacterium tuberculosis,SAMEA7542055,84,4347330,0.50
1773.34002,1773,Mycobacterium tuberculosis,SAMEA7542056,91,4345385,1.00
1773.34003,1773,Mycobacterium tuberculosis,SAMEA7542057,96,4331502,0.50
1773.34010,1773,Mycobacterium tuberculosis,SAMEA7542058,101,4334482,0.50
1773.34009,1773,Mycobacterium tuberculosis,SAMEA7542059,111,4331103,0.50
1773.34011,1773,Mycobacterium tuberculosis,SAMEA7542060,86,4345139,1.00
1773.34014,1773,Mycobacterium tuberculosis,SAMEA7542061,93,4340850,0.50
1773.34012,1773,Mycobacterium tuberculosis,SAMEA7542064,79,4362296,0.25
1773.34013,1773,Mycobacterium tuberculosis,SAMEA7542065,87,4365807,0.50
1773.34015,1773,Mycobacterium tuberculosis,SAMEA7542066,83,4374498,0.50
1773.34016,1773,Mycobacterium tuberculosis,SAMEA7542067,92,4372079,0.50
1773.34018,1773,Mycobacterium tuberculosis,SAMEA7542068,82,4376106,0.50
1773.34017,1773,Mycobacterium tuberculosis,SAMEA7542069,81,4375906,0.50
1773.34020,1773,Mycobacterium tuberculosis,SAMEA7542070,101,4344707,0.50
1773.34021,1773,Mycobacterium tuberculosis,SAMEA7542072,94,4372622,0.50
1773.34023,1773,Mycobacterium tuberculosis,SAMEA7542074,279,4258297,1.00
1773.34024,1773,Mycobacterium tuberculosis,SAMEA7542077,67,4365116,0.50
1773.34025,1773,Mycobacterium tuberculosis,SAMEA7542078,119,4333040,1.00
1773.34029,1773,Mycobacterium tuberculosis,SAMEA7542079,92,4373576,1.00
1773.34028,1773,Mycobacterium tuberculosis,SAMEA7542081,263,4247573,1.00
1773.34035,1773,Mycobacterium tuberculosis,SAMEA7542082,78,4369034,0.50
1773.34031,1773,Mycobacterium tuberculosis,SAMEA7542084,92,4345089,0.25
1773.34036,1773,Mycobacterium tuberculosis,SAMEA7542086,285,4257098,0.50
1773.34034,1773,Mycobacterium tuberculosis,SAMEA7542087,103,4350155,0.50
1773.34033,1773,Mycobacterium tuberculosis,SAMEA7542088,88,4362280,1.00
1773.34037,1773,Mycobacterium tuberculosis,SAMEA7542090,98,4337007,0.50
1773.34038,1773,Mycobacterium tuberculosis,SAMEA7542091,92,4345301,0.50
1773.34039,1773,Mycobacterium tuberculosis,SAMEA7542093,84,4362508,0.50
1773.34040,1773,Mycobacterium tuberculosis,SAMEA7542094,88,4673834,4.00
1773.34042,1773,Mycobacterium tuberculosis,SAMEA7542095,86,4373636,0.25
1773.34041,1773,Mycobacterium tuberculosis,SAMEA7542096,307,4260863,0.50
1773.34043,1773,Mycobacterium tuberculosis,SAMEA7542097,101,4342989,0.50
1773.34045,1773,Mycobacterium tuberculosis,SAMEA7542099,73,4367115,0.50
1773.34046,1773,Mycobacterium tuberculosis,SAMEA7542100,113,4273798,0.50
1773.34048,1773,Mycobacterium tuberculosis,SAMEA7542101,100,4368127,0.25
1773.34050,1773,Mycobacterium tuberculosis,SAMEA7542102,82,4359118,0.50
1773.34051,1773,Mycobacterium tuberculosis,SAMEA7542103,90,4343870,1.00
1773.34052,1773,Mycobacterium tuberculosis,SAMEA7542104,89,4353633,0.25
1773.34053,1773,Mycobacterium tuberculosis,SAMEA7542106,106,4325083,0.25
1773.34055,1773,Mycobacterium tuberculosis,SAMEA7542107,92,4339770,1.00
1773.34056,1773,Mycobacterium tuberculosis,SAMEA7542108,156,4332709,0.25
1773.34054,1773,Mycobacterium tuberculosis,SAMEA7542109,94,4343795,0.50
1773.34057,1773,Mycobacterium tuberculosis,SAMEA7542110,96,4344913,0.50
1773.34060,1773,Mycobacterium tuberculosis,SAMEA7542111,92,4338932,0.50
1773.34061,1773,Mycobacterium tuberculosis,SAMEA7542112,103,4329346,0.50
1773.34062,1773,Mycobacterium tuberculosis,SAMEA7542113,94,4348959,0.50
1773.34058,1773,Mycobacterium tuberculosis,SAMEA7542114,123,4331513,0.50
1773.34065,1773,Mycobacterium tuberculosis,SAMEA7542116,85,4364841,0.50
1773.34066,1773,Mycobacterium tuberculosis,SAMEA7542117,91,4330624,0.50
1773.34064,1773,Mycobacterium tuberculosis,SAMEA7542118,82,4352206,0.50
1773.34067,1773,Mycobacterium tuberculosis,SAMEA7542121,93,4348045,0.50
1773.34069,1773,Mycobacterium tuberculosis,SAMEA7542122,98,4335902,0.50
1773.34070,1773,Mycobacterium tuberculosis,SAMEA7542123,93,4343599,0.50
1773.34068,1773,Mycobacterium tuberculosis,SAMEA7542124,79,4375220,0.50
1773.34071,1773,Mycobacterium tuberculosis,SAMEA7542125,81,4369248,0.25
1773.34074,1773,Mycobacterium tuberculosis,SAMEA7542126,98,4317060,0.50
1773.34072,1773,Mycobacterium tuberculosis,SAMEA7542128,100,4332736,0.50
1773.34076,1773,Mycobacterium tuberculosis,SAMEA7542129,318,4253116,0.50
1773.34078,1773,Mycobacterium tuberculosis,SAMEA7542133,93,4340260,0.50
1773.34081,1773,Mycobacterium tuberculosis,SAMEA7542134,65,4370565,0.25
1773.34082,1773,Mycobacterium tuberculosis,SAMEA7542135,110,4323781,0.12
1773.34080,1773,Mycobacterium tuberculosis,SAMEA7542136,91,4339893,1.00
1773.34084,1773,Mycobacterium tuberculosis,SAMEA7542139,86,4354266,1.00
1773.34086,1773,Mycobacterium tuberculosis,SAMEA7542141,106,4329205,0.50
1773.34087,1773,Mycobacterium tuberculosis,SAMEA7542142,164,4320224,1.00
1773.34088,1773,Mycobacterium tuberculosis,SAMEA7542143,83,4367158,0.50
1773.34089,1773,Mycobacterium tuberculosis,SAMEA7542144,84,4360779,0.50
1773.34091,1773,Mycobacterium tuberculosis,SAMEA7542146,109,4340795,0.50
1773.34090,1773,Mycobacterium tuberculosis,SAMEA7542147,108,4332137,1.00
1773.34092,1773,Mycobacterium tuberculosis,SAMEA7542148,96,4338159,0.50
1773.34095,1773,Mycobacterium tuberculosis,SAMEA7542149,93,4355208,0.50
1773.34096,1773,Mycobacterium tuberculosis,SAMEA7542151,95,4340862,0.50
1773.34094,1773,Mycobacterium tuberculosis,SAMEA7542152,97,4340352,0.50
1773.34093,1773,Mycobacterium tuberculosis,SAMEA7542153,95,4342836,0.50
1773.34098,1773,Mycobacterium tuberculosis,SAMEA7542154,127,4329853,0.50
1773.34097,1773,Mycobacterium tuberculosis,SAMEA7542155,115,4306033,0.50
1773.34099,1773,Mycobacterium tuberculosis,SAMEA7542156,120,4340468,0.50
1773.34100,1773,Mycobacterium tuberculosis,SAMEA7542157,102,4343054,0.50
1773.34103,1773,Mycobacterium tuberculosis,SAMEA7542159,92,4337825,0.50
1773.34102,1773,Mycobacterium tuberculosis,SAMEA7542160,91,4376810,0.50
1773.34104,1773,Mycobacterium tuberculosis,SAMEA7542161,109,4299121,0.50
1773.34107,1773,Mycobacterium tuberculosis,SAMEA7542164,98,4341197,0.25
1773.34109,1773,Mycobacterium tuberculosis,SAMEA7542165,88,4375580,0.50
1773.34112,1773,Mycobacterium tuberculosis,SAMEA7542167,94,4334663,0.50
1773.34113,1773,Mycobacterium tuberculosis,SAMEA7542170,93,4348556,0.50
1773.34115,1773,Mycobacterium tuberculosis,SAMEA7542173,92,4341908,0.50
1773.34118,1773,Mycobacterium tuberculosis,SAMEA7542174,81,4340030,0.25
1773.34116,1773,Mycobacterium tuberculosis,SAMEA7542175,285,4260336,0.50
1773.34125,1773,Mycobacterium tuberculosis,SAMEA7542176,121,4299759,0.25
1773.34122,1773,Mycobacterium tuberculosis,SAMEA7542178,94,4356076,0.50
1773.34123,1773,Mycobacterium tuberculosis,SAMEA7542179,75,4368973,0.50
1773.34124,1773,Mycobacterium tuberculosis,SAMEA7542181,90,4345735,0.50
1773.34119,1773,Mycobacterium tuberculosis,SAMEA7542182,79,4376199,0.50
1773.34120,1773,Mycobacterium tuberculosis,SAMEA7542183,88,4343632,0.50
1773.34128,1773,Mycobacterium tuberculosis,SAMEA7542185,94,4348499,0.50
1773.34126,1773,Mycobacterium tuberculosis,SAMEA7542186,64,4371542,0.50
1773.34133,1773,Mycobacterium tuberculosis,SAMEA7542187,88,4370188,0.50
1773.34132,1773,Mycobacterium tuberculosis,SAMEA7542189,80,4373740,1.00
1773.34129,1773,Mycobacterium tuberculosis,SAMEA7542190,65,4353510,0.50
1773.34131,1773,Mycobacterium tuberculosis,SAMEA7542191,88,4337429,0.25
1773.34134,1773,Mycobacterium tuberculosis,SAMEA7542192,68,4366908,0.50
1773.34135,1773,Mycobacterium tuberculosis,SAMEA7542193,100,4291193,0.50
1773.34136,1773,Mycobacterium tuberculosis,SAMEA7542194,97,4338634,0.50
1773.34137,1773,Mycobacterium tuberculosis,SAMEA7542196,91,4339067,1.00
1773.34139,1773,Mycobacterium tuberculosis,SAMEA7542198,112,4320819,1.00
1773.34144,1773,Mycobacterium tuberculosis,SAMEA7542200,99,4332837,0.50
1773.34141,1773,Mycobacterium tuberculosis,SAMEA7542201,88,4359290,0.50
1773.34143,1773,Mycobacterium tuberculosis,SAMEA7542203,75,4374226,0.50
1773.34142,1773,Mycobacterium tuberculosis,SAMEA7542204,72,4367599,0.50
1773.34151,1773,Mycobacterium tuberculosis,SAMEA7542205,104,4333317,0.50
1773.34148,1773,Mycobacterium tuberculosis,SAMEA7542207,94,4334800,0.50
1773.34154,1773,Mycobacterium tuberculosis,SAMEA7542208,102,4344061,0.50
1773.34145,1773,Mycobacterium tuberculosis,SAMEA7542209,74,4371326,1.00
1773.34149,1773,Mycobacterium tuberculosis,SAMEA7542213,79,4368466,1.00
1773.34156,1773,Mycobacterium tuberculosis,SAMEA7542215,92,4345895,1.00
1773.34158,1773,Mycobacterium tuberculosis,SAMEA7542217,99,4330622,0.50
1773.34159,1773,Mycobacterium tuberculosis,SAMEA7542218,118,4301501,0.50
1773.34155,1773,Mycobacterium tuberculosis,SAMEA7542219,86,4355579,0.50
1773.34160,1773,Mycobacterium tuberculosis,SAMEA7542220,95,4336991,0.50
1773.34164,1773,Mycobacterium tuberculosis,SAMEA7542222,68,4361348,0.50
1773.34162,1773,Mycobacterium tuberculosis,SAMEA7542224,91,4344240,0.50
1773.34167,1773,Mycobacterium tuberculosis,SAMEA7542226,93,4379391,1.00
1773.34166,1773,Mycobacterium tuberculosis,SAMEA7542227,90,4379414,0.50
1773.34168,1773,Mycobacterium tuberculosis,SAMEA7542228,101,4349887,0.50
1773.34169,1773,Mycobacterium tuberculosis,SAMEA7542229,95,4346461,0.50
1773.34170,1773,Mycobacterium tuberculosis,SAMEA7542230,105,4340754,0.25
1773.34171,1773,Mycobacterium tuberculosis,SAMEA7542231,91,4355752,1.00
1773.34173,1773,Mycobacterium tuberculosis,SAMEA7542232,105,4336912,4.00
1773.34175,1773,Mycobacterium tuberculosis,SAMEA7542234,81,4352590,0.50
1773.34174,1773,Mycobacterium tuberculosis,SAMEA7542235,89,4350139,4.00
1773.34181,1773,Mycobacterium tuberculosis,SAMEA7542237,99,4350350,0.50
1773.34180,1773,Mycobacterium tuberculosis,SAMEA7542238,96,4363537,1.00
1773.34179,1773,Mycobacterium tuberculosis,SAMEA7542239,101,4332484,0.50
1773.34182,1773,Mycobacterium tuberculosis,SAMEA7542240,82,4351157,0.50
1773.34177,1773,Mycobacterium tuberculosis,SAMEA7542242,96,4348409,0.50
1773.34178,1773,Mycobacterium tuberculosis,SAMEA7542244,87,4350781,0.25
1773.34184,1773,Mycobacterium tuberculosis,SAMEA7542245,92,4344809,0.50
1773.34183,1773,Mycobacterium tuberculosis,SAMEA7542246,90,4339849,0.50
1773.34185,1773,Mycobacterium tuberculosis,SAMEA7542247,93,4339960,0.25
1773.34187,1773,Mycobacterium tuberculosis,SAMEA7542248,95,4337280,0.50
1773.34188,1773,Mycobacterium tuberculosis,SAMEA7542249,115,4343963,0.50
1773.34186,1773,Mycobacterium tuberculosis,SAMEA7542250,94,4348611,0.50
1773.34189,1773,Mycobacterium tuberculosis,SAMEA7542251,89,4353940,0.50
1773.34190,1773,Mycobacterium tuberculosis,SAMEA7542252,77,4372655,0.25
1773.34191,1773,Mycobacterium tuberculosis,SAMEA7542253,97,4352270,0.50
1773.34193,1773,Mycobacterium tuberculosis,SAMEA7542254,100,4350528,1.00
1773.34192,1773,Mycobacterium tuberculosis,SAMEA7542255,86,4350441,0.50
1773.34194,1773,Mycobacterium tuberculosis,SAMEA7542256,100,4350326,0.50
1773.34195,1773,Mycobacterium tuberculosis,SAMEA7542257,94,4344021,0.50
1773.34196,1773,Mycobacterium tuberculosis,SAMEA7542258,94,4363174,0.50
1773.34198,1773,Mycobacterium tuberculosis,SAMEA7542259,77,4370906,0.50
1773.34197,1773,Mycobacterium tuberculosis,SAMEA7542260,79,4371829,0.50
1773.34204,1773,Mycobacterium tuberculosis,SAMEA7542263,95,4348517,0.50
1773.34203,1773,Mycobacterium tuberculosis,SAMEA7542265,98,4346718,0.50
1773.34202,1773,Mycobacterium tuberculosis,SAMEA7542266,99,4349218,0.50
1773.34201,1773,Mycobacterium tuberculosis,SAMEA7542268,99,4347439,1.00
1773.34216,1773,Mycobacterium tuberculosis,SAMEA7542273,98,4332657,0.50
1773.34208,1773,Mycobacterium tuberculosis,SAMEA7542275,94,4331918,0.50
1773.34209,1773,Mycobacterium tuberculosis,SAMEA7542276,111,4336273,0.50
1773.34211,1773,Mycobacterium tuberculosis,SAMEA7542280,96,4345202,0.50
1773.34207,1773,Mycobacterium tuberculosis,SAMEA7542281,96,4352161,0.50
1773.34206,1773,Mycobacterium tuberculosis,SAMEA7542282,94,4348109,0.50
1773.34214,1773,Mycobacterium tuberculosis,SAMEA7542283,107,4338119,0.50
1773.34218,1773,Mycobacterium tuberculosis,SAMEA7542284,108,4335258,0.25
1773.34217,1773,Mycobacterium tuberculosis,SAMEA7542287,92,4339316,0.50
1773.34220,1773,Mycobacterium tuberculosis,SAMEA7542291,81,4362004,0.50
1773.34219,1773,Mycobacterium tuberculosis,SAMEA7542292,81,4362110,0.50
1773.34222,1773,Mycobacterium tuberculosis,SAMEA7542294,93,4327770,0.50
1773.34223,1773,Mycobacterium tuberculosis,SAMEA7542295,93,4344692,0.50
1773.34224,1773,Mycobacterium tuberculosis,SAMEA7542297,138,4285113,1.00
1773.34225,1773,Mycobacterium tuberculosis,SAMEA7542298,115,4301979,1.00
1773.34227,1773,Mycobacterium tuberculosis,SAMEA7542300,95,4366755,1.00
1773.34228,1773,Mycobacterium tuberculosis,SAMEA7542301,86,4348531,4.00
1773.34231,1773,Mycobacterium tuberculosis,SAMEA7542308,91,4375919,0.25
1773.34233,1773,Mycobacterium tuberculosis,SAMEA7542309,106,4331241,0.12
1773.34235,1773,Mycobacterium tuberculosis,SAMEA7542310,104,4318625,0.50
1773.34232,1773,Mycobacterium tuberculosis,SAMEA7542311,101,4356252,0.12
1773.34230,1773,Mycobacterium tuberculosis,SAMEA7542314,95,4306288,0.25
1773.34237,1773,Mycobacterium tuberculosis,SAMEA7542319,94,4345835,1.00
1773.34238,1773,Mycobacterium tuberculosis,SAMEA7542321,86,4348442,0.50
1773.34239,1773,Mycobacterium tuberculosis,SAMEA7542323,84,4347807,0.50
1773.34242,1773,Mycobacterium tuberculosis,SAMEA7542325,89,4350792,0.50
1773.34243,1773,Mycobacterium tuberculosis,SAMEA7542326,96,4344322,0.25
1773.34244,1773,Mycobacterium tuberculosis,SAMEA7542328,85,4348554,0.25
1773.34245,1773,Mycobacterium tuberculosis,SAMEA7542329,76,4368814,0.12
1773.34248,1773,Mycobacterium tuberculosis,SAMEA7542330,83,4347471,0.25
1773.34251,1773,Mycobacterium tuberculosis,SAMEA7542334,113,4337653,0.50
1773.34250,1773,Mycobacterium tuberculosis,SAMEA7542335,71,4368329,0.50
1773.34249,1773,Mycobacterium tuberculosis,SAMEA7542336,123,4306474,0.50
1773.34253,1773,Mycobacterium tuberculosis,SAMEA7542337,91,4322475,0.25
1773.34255,1773,Mycobacterium tuberculosis,SAMEA7542338,78,4374994,4.00
1773.34256,1773,Mycobacterium tuberculosis,SAMEA7542339,111,4323187,1.00
1773.34254,1773,Mycobacterium tuberculosis,SAMEA7542340,115,4327929,0.50
1773.34257,1773,Mycobacterium tuberculosis,SAMEA7542342,96,4366893,0.25
1773.34260,1773,Mycobacterium tuberculosis,SAMEA7542343,96,4335329,0.50
1773.34259,1773,Mycobacterium tuberculosis,SAMEA7542345,104,4344681,0.25
1773.34262,1773,Mycobacterium tuberculosis,SAMEA7542346,128,4336704,0.25
1773.34264,1773,Mycobacterium tuberculosis,SAMEA7542347,72,4362205,0.50
1773.34263,1773,Mycobacterium tuberculosis,SAMEA7542348,85,4344599,1.00
1773.34265,1773,Mycobacterium tuberculosis,SAMEA7542349,89,4340337,0.50
1773.34266,1773,Mycobacterium tuberculosis,SAMEA7542350,78,4364238,0.50
1773.34267,1773,Mycobacterium tuberculosis,SAMEA7542351,84,4372671,0.12
1773.34269,1773,Mycobacterium tuberculosis,SAMEA7542352,90,4338422,0.50
1773.34268,1773,Mycobacterium tuberculosis,SAMEA7542353,93,4335288,0.50
1773.34274,1773,Mycobacterium tuberculosis,SAMEA7542354,75,4360762,0.25
1773.34273,1773,Mycobacterium tuberculosis,SAMEA7542356,91,4335667,0.50
1773.34276,1773,Mycobacterium tuberculosis,SAMEA7542357,93,4346902,1.00
1773.34275,1773,Mycobacterium tuberculosis,SAMEA7542359,90,4349312,0.50
1773.34270,1773,Mycobacterium tuberculosis,SAMEA7542360,95,4351652,0.50
1773.34271,1773,Mycobacterium tuberculosis,SAMEA7542361,111,4321337,0.50
1773.34280,1773,Mycobacterium tuberculosis,SAMEA7542365,99,4334538,0.50
1773.34281,1773,Mycobacterium tuberculosis,SAMEA7542367,101,4338005,0.50
1773.34282,1773,Mycobacterium tuberculosis,SAMEA7542368,106,4326570,0.50
1773.34278,1773,Mycobacterium tuberculosis,SAMEA7542370,90,4344283,0.25
1773.34284,1773,Mycobacterium tuberculosis,SAMEA7542371,85,4330943,0.50
1773.34285,1773,Mycobacterium tuberculosis,SAMEA7542372,74,4365741,0.50
1773.34289,1773,Mycobacterium tuberculosis,SAMEA7542373,82,4352598,0.50
1773.34287,1773,Mycobacterium tuberculosis,SAMEA7542374,310,4267929,0.50
1773.34286,1773,Mycobacterium tuberculosis,SAMEA7542375,115,4343539,0.50
1773.34288,1773,Mycobacterium tuberculosis,SAMEA7542376,107,4322272,0.50
1773.34290,1773,Mycobacterium tuberculosis,SAMEA7542377,107,4338281,0.50
1773.34293,1773,Mycobacterium tuberculosis,SAMEA7542378,97,4344628,0.50
1773.34292,1773,Mycobacterium tuberculosis,SAMEA7542379,82,4366194,0.50
1773.34291,1773,Mycobacterium tuberculosis,SAMEA7542380,90,4330433,1.00
1773.34298,1773,Mycobacterium tuberculosis,SAMEA7542381,133,4332877,0.50
1773.34297,1773,Mycobacterium tuberculosis,SAMEA7543866,107,4322522,0.50
1773.34299,1773,Mycobacterium tuberculosis,SAMEA7543867,93,4342316,0.50
1773.34300,1773,Mycobacterium tuberculosis,SAMEA7543869,100,4369414,0.50
1773.34295,1773,Mycobacterium tuberculosis,SAMEA7543870,78,4360768,0.50
1773.34294,1773,Mycobacterium tuberculosis,SAMEA7543871,96,4351079,0.50
1773.34296,1773,Mycobacterium tuberculosis,SAMEA7543873,75,4366804,0.50
1773.34301,1773,Mycobacterium tuberculosis,SAMEA7543874,87,4348052,1.00
1773.34302,1773,Mycobacterium tuberculosis,SAMEA7543875,98,4338842,1.00
1773.34303,1773,Mycobacterium tuberculosis,SAMEA7543876,95,4343966,0.50
1773.34304,1773,Mycobacterium tuberculosis,SAMEA7543877,105,4331454,0.50
1773.34306,1773,Mycobacterium tuberculosis,SAMEA7543878,92,4349539,0.50
1773.34305,1773,Mycobacterium tuberculosis,SAMEA7543879,69,4354615,0.50
1773.34307,1773,Mycobacterium tuberculosis,SAMEA7543880,87,4372754,0.50
1773.34308,1773,Mycobacterium tuberculosis,SAMEA7543881,103,4332094,0.50
1773.34309,1773,Mycobacterium tuberculosis,SAMEA7543882,85,4345988,0.50
1773.34310,1773,Mycobacterium tuberculosis,SAMEA7543883,108,4331480,0.50
1773.34317,1773,Mycobacterium tuberculosis,SAMEA7543884,110,4326764,0.50
1773.34316,1773,Mycobacterium tuberculosis,SAMEA7543885,99,4302417,1.00
1773.34315,1773,Mycobacterium tuberculosis,SAMEA7543886,82,4348693,0.50
1773.34314,1773,Mycobacterium tuberculosis,SAMEA7543887,75,4357226,0.50
1773.34312,1773,Mycobacterium tuberculosis,SAMEA7543888,93,4347088,1.00
1773.34311,1773,Mycobacterium tuberculosis,SAMEA7543889,94,4349900,0.25
1773.34313,1773,Mycobacterium tuberculosis,SAMEA7543890,87,4344171,0.50
1773.34323,1773,Mycobacterium tuberculosis,SAMEA7543891,77,4366405,0.50
1773.34322,1773,Mycobacterium tuberculosis,SAMEA7543892,77,4371629,1.00
1773.34320,1773,Mycobacterium tuberculosis,SAMEA7543893,106,4326980,0.25
1773.34321,1773,Mycobacterium tuberculosis,SAMEA7543894,94,4345684,1.00
1773.34319,1773,Mycobacterium tuberculosis,SAMEA7543895,84,4350266,0.50
1773.34318,1773,Mycobacterium tuberculosis,SAMEA7543896,87,4350726,0.50
1773.34324,1773,Mycobacterium tuberculosis,SAMEA7543897,82,4368301,0.25
1773.34327,1773,Mycobacterium tuberculosis,SAMEA7543898,87,4348192,0.50
1773.34328,1773,Mycobacterium tuberculosis,SAMEA7543899,83,4347086,0.50
1773.34329,1773,Mycobacterium tuberculosis,SAMEA7543900,97,4349142,0.50
1773.34326,1773,Mycobacterium tuberculosis,SAMEA7543901,87,4345458,0.50
1773.34325,1773,Mycobacterium tuberculosis,SAMEA7543902,111,4337935,1.00
1773.34333,1773,Mycobacterium tuberculosis,SAMEA7543906,74,4367665,0.25
1773.34334,1773,Mycobacterium tuberculosis,SAMEA7543908,86,4347565,1.00
1773.34339,1773,Mycobacterium tuberculosis,SAMEA7543909,91,4338349,0.50
1773.34336,1773,Mycobacterium tuberculosis,SAMEA7543910,79,4345042,0.25
1773.34337,1773,Mycobacterium tuberculosis,SAMEA7543911,88,4335632,0.50
1773.34341,1773,Mycobacterium tuberculosis,SAMEA7543914,85,4344238,0.50
1773.34344,1773,Mycobacterium tuberculosis,SAMEA7543917,89,4347469,0.50
1773.34343,1773,Mycobacterium tuberculosis,SAMEA7543919,78,4374777,0.50
1773.34347,1773,Mycobacterium tuberculosis,SAMEA7543921,103,4325861,0.50
1773.34357,1773,Mycobacterium tuberculosis,SAMEA7543924,63,4366461,0.50
1773.34358,1773,Mycobacterium tuberculosis,SAMEA7543925,91,4340380,0.50
1773.34355,1773,Mycobacterium tuberculosis,SAMEA7543926,98,4347075,0.50
1773.34359,1773,Mycobacterium tuberculosis,SAMEA7543927,86,4347720,1.00
1773.34360,1773,Mycobacterium tuberculosis,SAMEA7543928,79,4354158,0.50
1773.34365,1773,Mycobacterium tuberculosis,SAMEA7543929,94,4332708,1.00
1773.34366,1773,Mycobacterium tuberculosis,SAMEA7543930,89,4345605,0.50
1773.34364,1773,Mycobacterium tuberculosis,SAMEA7543931,83,4338903,0.50
1773.34351,1773,Mycobacterium tuberculosis,SAMEA7543932,100,4329459,0.50
1773.34352,1773,Mycobacterium tuberculosis,SAMEA7543933,98,4360945,0.50
1773.34353,1773,Mycobacterium tuberculosis,SAMEA7543934,97,4319558,0.50
1773.34354,1773,Mycobacterium tuberculosis,SAMEA7543935,89,4349413,0.50
1773.34350,1773,Mycobacterium tuberculosis,SAMEA7543936,79,4350871,0.50
1773.34363,1773,Mycobacterium tuberculosis,SAMEA7543937,71,4365756,0.50
1773.34362,1773,Mycobacterium tuberculosis,SAMEA7543938,83,4376391,0.50
1773.34361,1773,Mycobacterium tuberculosis,SAMEA7543939,75,4366487,0.50
1773.34367,1773,Mycobacterium tuberculosis,SAMEA7543940,84,4374827,0.50
1773.34368,1773,Mycobacterium tuberculosis,SAMEA7543941,94,4359984,0.50
1773.34369,1773,Mycobacterium tuberculosis,SAMEA7543942,94,4366672,0.25
1773.34371,1773,Mycobacterium tuberculosis,SAMEA7543944,81,4374772,0.50
1773.34372,1773,Mycobacterium tuberculosis,SAMEA7543946,99,4326584,1.00
1773.34374,1773,Mycobacterium tuberculosis,SAMEA7543947,87,4373592,0.50
1773.34377,1773,Mycobacterium tuberculosis,SAMEA7543948,79,4367324,0.25
1773.34376,1773,Mycobacterium tuberculosis,SAMEA7543949,86,4364725,0.25
1773.34375,1773,Mycobacterium tuberculosis,SAMEA7543950,79,4349344,0.25
1773.34379,1773,Mycobacterium tuberculosis,SAMEA7543951,129,4314832,0.50
1773.34381,1773,Mycobacterium tuberculosis,SAMEA7543953,92,4333578,0.50
1773.34380,1773,Mycobacterium tuberculosis,SAMEA7543954,93,4342798,0.50
1773.34383,1773,Mycobacterium tuberculosis,SAMEA7543955,106,4337124,0.50
1773.34382,1773,Mycobacterium tuberculosis,SAMEA7543956,92,4369451,0.50
1773.34386,1773,Mycobacterium tuberculosis,SAMEA7543957,92,4351287,0.50
1773.34384,1773,Mycobacterium tuberculosis,SAMEA7543959,95,4334326,0.50
1773.34385,1773,Mycobacterium tuberculosis,SAMEA7543961,91,4359731,0.50
1773.34389,1773,Mycobacterium tuberculosis,SAMEA7543964,87,4330840,0.50
1773.34395,1773,Mycobacterium tuberculosis,SAMEA7543965,109,4323468,0.50
1773.34394,1773,Mycobacterium tuberculosis,SAMEA7543966,78,4355029,0.50
1773.34393,1773,Mycobacterium tuberculosis,SAMEA7543967,110,4335534,0.50
1773.34390,1773,Mycobacterium tuberculosis,SAMEA7543968,104,4324493,0.50
1773.34391,1773,Mycobacterium tuberculosis,SAMEA7543969,91,4355887,0.50
1773.34392,1773,Mycobacterium tuberculosis,SAMEA7543970,89,4353630,0.50
1773.34402,1773,Mycobacterium tuberculosis,SAMEA7543971,89,4344057,0.50
1773.34406,1773,Mycobacterium tuberculosis,SAMEA7543972,99,4339597,0.50
1773.34405,1773,Mycobacterium tuberculosis,SAMEA7543973,80,4346048,0.50
1773.34404,1773,Mycobacterium tuberculosis,SAMEA7543974,99,4327848,0.50
1773.34407,1773,Mycobacterium tuberculosis,SAMEA7543975,106,4340283,0.50
1773.34398,1773,Mycobacterium tuberculosis,SAMEA7543976,90,4326544,0.50
1773.34397,1773,Mycobacterium tuberculosis,SAMEA7543978,106,4335646,0.50
1773.34399,1773,Mycobacterium tuberculosis,SAMEA7543979,136,4311462,0.25
1773.34400,1773,Mycobacterium tuberculosis,SAMEA7543980,91,4343901,0.25
1773.34401,1773,Mycobacterium tuberculosis,SAMEA7543981,96,4337845,0.50
1773.34403,1773,Mycobacterium tuberculosis,SAMEA7543982,124,4335058,0.50
1773.42956,1773,Mycobacterium tuberculosis,SAMEA7543983,102,4313491,0.25
1773.34409,1773,Mycobacterium tuberculosis,SAMEA7543984,100,4339385,0.50
1773.34413,1773,Mycobacterium tuberculosis,SAMEA7543985,91,4331679,1.00
1773.34410,1773,Mycobacterium tuberculosis,SAMEA7543986,92,4349467,0.50
1773.34408,1773,Mycobacterium tuberculosis,SAMEA7543987,74,4350131,0.25
1773.34412,1773,Mycobacterium tuberculosis,SAMEA7543988,87,4348148,0.25
1773.34411,1773,Mycobacterium tuberculosis,SAMEA7543989,102,4327011,0.50
1773.34415,1773,Mycobacterium tuberculosis,SAMEA7543990,89,4350456,0.50
1773.34414,1773,Mycobacterium tuberculosis,SAMEA7543991,97,4340697,0.50
1773.34417,1773,Mycobacterium tuberculosis,SAMEA7543992,92,4308203,0.50
1773.34416,1773,Mycobacterium tuberculosis,SAMEA7543993,81,4338042,0.50
1773.34418,1773,Mycobacterium tuberculosis,SAMEA7543994,91,4343629,1.00
1773.34420,1773,Mycobacterium tuberculosis,SAMEA7543995,84,4362597,0.50
1773.34422,1773,Mycobacterium tuberculosis,SAMEA7543997,87,4343979,0.50
1773.34421,1773,Mycobacterium tuberculosis,SAMEA7543998,87,4349850,0.50
1773.34423,1773,Mycobacterium tuberculosis,SAMEA7543999,113,4323294,1.00
1773.42936,1773,Mycobacterium tuberculosis,SAMEA7544000,90,4341625,1.00
1773.42935,1773,Mycobacterium tuberculosis,SAMEA7544001,196,9930475,0.50
1773.42940,1773,Mycobacterium tuberculosis,SAMEA7544005,82,4353228,0.50
1773.42943,1773,Mycobacterium tuberculosis,SAMEA7544007,89,4344326,0.25
1773.42942,1773,Mycobacterium tuberculosis,SAMEA7544008,86,4347314,0.50
1773.42945,1773,Mycobacterium tuberculosis,SAMEA7544011,84,4347642,0.50
1773.42946,1773,Mycobacterium tuberculosis,SAMEA7544012,76,4375218,0.50
1773.42947,1773,Mycobacterium tuberculosis,SAMEA7544013,87,4346405,0.25
1773.42948,1773,Mycobacterium tuberculosis,SAMEA7544014,88,4340917,0.50
1773.42949,1773,Mycobacterium tuberculosis,SAMEA7544015,77,4356722,1.00
1773.42950,1773,Mycobacterium tuberculosis,SAMEA7544016,99,4338700,0.50
1773.34427,1773,Mycobacterium tuberculosis,SAMEA7544019,89,4347138,0.50
1773.34426,1773,Mycobacterium tuberculosis,SAMEA7544020,86,4343120,0.50
1773.34431,1773,Mycobacterium tuberculosis,SAMEA7544022,101,4330619,0.50
1773.34432,1773,Mycobacterium tuberculosis,SAMEA7544023,107,4329411,0.50
1773.34430,1773,Mycobacterium tuberculosis,SAMEA7544024,84,4374094,0.50
1773.34434,1773,Mycobacterium tuberculosis,SAMEA7544028,92,4336024,0.50
1773.34436,1773,Mycobacterium tuberculosis,SAMEA7544030,98,4337660,0.50
1773.34438,1773,Mycobacterium tuberculosis,SAMEA7544031,90,4345120,0.50
1773.34437,1773,Mycobacterium tuberculosis,SAMEA7544032,162,4322091,0.50
1773.34442,1773,Mycobacterium tuberculosis,SAMEA7544033,83,4347743,0.50
1773.34439,1773,Mycobacterium tuberculosis,SAMEA7544037,87,4363280,0.50
1773.34445,1773,Mycobacterium tuberculosis,SAMEA7544039,66,4362244,0.50
1773.34446,1773,Mycobacterium tuberculosis,SAMEA7544040,91,4351797,0.50
1773.34448,1773,Mycobacterium tuberculosis,SAMEA7544042,73,4349794,0.50
1773.34447,1773,Mycobacterium tuberculosis,SAMEA7544043,94,4339440,0.50
1773.34449,1773,Mycobacterium tuberculosis,SAMEA7544045,89,4331945,1.00
1773.34453,1773,Mycobacterium tuberculosis,SAMEA7544048,96,4329781,0.50
1773.34452,1773,Mycobacterium tuberculosis,SAMEA7544049,101,4338263,0.50
1773.34454,1773,Mycobacterium tuberculosis,SAMEA7544050,110,4330661,0.50
1773.34458,1773,Mycobacterium tuberculosis,SAMEA7544051,96,4323791,0.50
1773.34457,1773,Mycobacterium tuberculosis,SAMEA7544052,126,4320583,0.50
1773.34455,1773,Mycobacterium tuberculosis,SAMEA7544054,86,4345191,0.50
1773.34459,1773,Mycobacterium tuberculosis,SAMEA7544055,105,4337982,0.50
1773.34462,1773,Mycobacterium tuberculosis,SAMEA7544056,80,4361974,0.50
1773.34460,1773,Mycobacterium tuberculosis,SAMEA7544058,130,4330507,0.50
1773.34463,1773,Mycobacterium tuberculosis,SAMEA7544060,92,4330429,0.50
1773.34467,1773,Mycobacterium tuberculosis,SAMEA7544061,83,4372926,1.00
1773.34476,1773,Mycobacterium tuberculosis,SAMEA7544062,83,4380582,0.25
1773.34473,1773,Mycobacterium tuberculosis,SAMEA7544063,84,4358489,0.50
1773.34477,1773,Mycobacterium tuberculosis,SAMEA7544064,103,4320559,0.50
1773.34472,1773,Mycobacterium tuberculosis,SAMEA7544065,74,4368427,0.50
1773.34470,1773,Mycobacterium tuberculosis,SAMEA7544066,113,4372987,1.00
1773.34471,1773,Mycobacterium tuberculosis,SAMEA7544067,77,4369294,1.00
1773.34469,1773,Mycobacterium tuberculosis,SAMEA7544068,89,4347784,0.50
1773.34468,1773,Mycobacterium tuberculosis,SAMEA7544069,74,4375052,0.50
1773.34465,1773,Mycobacterium tuberculosis,SAMEA7544072,98,4341807,1.00
1773.34464,1773,Mycobacterium tuberculosis,SAMEA7544073,91,4338098,0.50
1773.34478,1773,Mycobacterium tuberculosis,SAMEA7544074,89,4343660,4.00
1773.34475,1773,Mycobacterium tuberculosis,SAMEA7544078,91,4342545,0.50
1773.34474,1773,Mycobacterium tuberculosis,SAMEA7544079,90,4341917,0.50
1773.34479,1773,Mycobacterium tuberculosis,SAMEA7544080,103,4336726,0.12
1773.34483,1773,Mycobacterium tuberculosis,SAMEA7544081,86,4351195,0.25
1773.34484,1773,Mycobacterium tuberculosis,SAMEA7544083,100,4342975,0.50
1773.34482,1773,Mycobacterium tuberculosis,SAMEA7544084,94,4346931,0.50
1773.34481,1773,Mycobacterium tuberculosis,SAMEA7544085,112,4340022,0.50
1773.34480,1773,Mycobacterium tuberculosis,SAMEA7544086,85,4336234,0.50
1773.34486,1773,Mycobacterium tuberculosis,SAMEA7544087,90,4337431,0.50
1773.34485,1773,Mycobacterium tuberculosis,SAMEA7544089,119,4311394,0.50
1773.34487,1773,Mycobacterium tuberculosis,SAMEA7544092,84,4369934,4.00
1773.34490,1773,Mycobacterium tuberculosis,SAMEA7544096,91,4347102,0.25
1773.34492,1773,Mycobacterium tuberculosis,SAMEA7544097,81,4364675,0.50
1773.34488,1773,Mycobacterium tuberculosis,SAMEA7544098,92,4336028,0.50
1773.34493,1773,Mycobacterium tuberculosis,SAMEA7544101,87,4350443,0.50
1773.34496,1773,Mycobacterium tuberculosis,SAMEA7544103,88,4318022,0.50
1773.34502,1773,Mycobacterium tuberculosis,SAMEA7544105,93,4347229,1.00
1773.34497,1773,Mycobacterium tuberculosis,SAMEA7544107,94,4370421,0.25
1773.34499,1773,Mycobacterium tuberculosis,SAMEA7544108,84,4337722,0.50
1773.34498,1773,Mycobacterium tuberculosis,SAMEA7544109,83,4336355,0.25
1773.34504,1773,Mycobacterium tuberculosis,SAMEA7544112,94,4331805,1.00
1773.34505,1773,Mycobacterium tuberculosis,SAMEA7544113,86,4348187,0.25
1773.34508,1773,Mycobacterium tuberculosis,SAMEA7544114,72,4371675,0.25
1773.34509,1773,Mycobacterium tuberculosis,SAMEA7544116,93,4343513,0.50
1773.34506,1773,Mycobacterium tuberculosis,SAMEA7544117,105,4330449,0.25
1773.34510,1773,Mycobacterium tuberculosis,SAMEA7544118,91,4352266,0.50
1773.34511,1773,Mycobacterium tuberculosis,SAMEA7544119,97,4335888,0.50
1773.34512,1773,Mycobacterium tuberculosis,SAMEA7544120,107,4296316,0.50
1773.34515,1773,Mycobacterium tuberculosis,SAMEA7544122,110,4320871,4.00
1773.34513,1773,Mycobacterium tuberculosis,SAMEA7544123,89,4330982,0.50
1773.42955,1773,Mycobacterium tuberculosis,SAMEA7544124,90,4333991,1.00
1773.34517,1773,Mycobacterium tuberculosis,SAMEA7544125,86,4352277,0.50
1773.34516,1773,Mycobacterium tuberculosis,SAMEA7544126,119,4335724,0.50
1773.34518,1773,Mycobacterium tuberculosis,SAMEA7544127,97,4346989,1.00
1773.34520,1773,Mycobacterium tuberculosis,SAMEA7544128,70,4369165,0.50
1773.34519,1773,Mycobacterium tuberculosis,SAMEA7544129,91,4366999,0.50
1773.34521,1773,Mycobacterium tuberculosis,SAMEA7544132,85,4339571,0.25
1773.34522,1773,Mycobacterium tuberculosis,SAMEA7544133,94,4350783,0.25
1773.34523,1773,Mycobacterium tuberculosis,SAMEA7544134,91,4342418,1.00
1773.34524,1773,Mycobacterium tuberculosis,SAMEA7544137,93,4335550,0.50
1773.34528,1773,Mycobacterium tuberculosis,SAMEA7544138,97,4333448,0.50
1773.34527,1773,Mycobacterium tuberculosis,SAMEA7544139,99,4344177,0.50
1773.34525,1773,Mycobacterium tuberculosis,SAMEA7544140,102,4351308,0.50
1773.34526,1773,Mycobacterium tuberculosis,SAMEA7544141,102,4336607,0.50
1773.34529,1773,Mycobacterium tuberculosis,SAMEA7544142,99,4330211,0.50
1773.34532,1773,Mycobacterium tuberculosis,SAMEA7544143,80,4287503,0.50
1773.34533,1773,Mycobacterium tuberculosis,SAMEA7544144,98,4343177,1.00
1773.34530,1773,Mycobacterium tuberculosis,SAMEA7544145,110,4337281,0.50
1773.34531,1773,Mycobacterium tuberculosis,SAMEA7544147,80,4368951,0.50
1773.34537,1773,Mycobacterium tuberculosis,SAMEA7544148,73,4354403,0.50
1773.34534,1773,Mycobacterium tuberculosis,SAMEA7544149,89,4349734,0.25
1773.34536,1773,Mycobacterium tuberculosis,SAMEA7544150,75,4365825,0.25
1773.34539,1773,Mycobacterium tuberculosis,SAMEA7544153,110,4330193,0.25
1773.34540,1773,Mycobacterium tuberculosis,SAMEA7544154,83,4310602,0.25
1773.42954,1773,Mycobacterium tuberculosis,SAMEA7544155,92,4353286,0.12
1773.34541,1773,Mycobacterium tuberculosis,SAMEA7544157,97,4327747,0.50
1773.34546,1773,Mycobacterium tuberculosis,SAMEA7544158,103,4323770,0.50
1773.34543,1773,Mycobacterium tuberculosis,SAMEA7544159,81,4375135,0.50
1773.34544,1773,Mycobacterium tuberculosis,SAMEA7544160,115,4331963,0.50
1773.34542,1773,Mycobacterium tuberculosis,SAMEA7544162,76,4360926,1.00
1773.34548,1773,Mycobacterium tuberculosis,SAMEA7544164,104,4333366,1.00
1773.34547,1773,Mycobacterium tuberculosis,SAMEA7544166,73,4352136,1.00
1773.34549,1773,Mycobacterium tuberculosis,SAMEA7544168,89,4337797,0.50
1773.34552,1773,Mycobacterium tuberculosis,SAMEA7544169,75,4355923,0.50
1773.34551,1773,Mycobacterium tuberculosis,SAMEA7544170,158,4341804,1.00
1773.34555,1773,Mycobacterium tuberculosis,SAMEA7544171,97,4343640,0.25
1773.34561,1773,Mycobacterium tuberculosis,SAMEA7544174,87,4346835,1.00
1773.42959,1773,Mycobacterium tuberculosis,SAMEA7544175,95,4341133,1.00
1773.34559,1773,Mycobacterium tuberculosis,SAMEA7544176,312,4282817,1.00
1773.34558,1773,Mycobacterium tuberculosis,SAMEA7544179,83,4374578,0.50
1773.34556,1773,Mycobacterium tuberculosis,SAMEA7544180,107,4327573,0.25
1773.34557,1773,Mycobacterium tuberculosis,SAMEA7544181,86,4339902,0.25
1773.34563,1773,Mycobacterium tuberculosis,SAMEA7544182,83,4341933,1.00
1773.34562,1773,Mycobacterium tuberculosis,SAMEA7544183,133,4334295,1.00
1773.34569,1773,Mycobacterium tuberculosis,SAMEA7544185,82,4361543,0.50
1773.34570,1773,Mycobacterium tuberculosis,SAMEA7544186,87,4352299,0.50
1773.34568,1773,Mycobacterium tuberculosis,SAMEA7544187,102,4339499,1.00
1773.34566,1773,Mycobacterium tuberculosis,SAMEA7544189,115,4310335,0.50
1773.34565,1773,Mycobacterium tuberculosis,SAMEA7544190,88,4350090,0.25
1773.34571,1773,Mycobacterium tuberculosis,SAMEA7544191,94,4350897,0.25
1773.34572,1773,Mycobacterium tuberculosis,SAMEA7544192,94,4337086,0.50
1773.34578,1773,Mycobacterium tuberculosis,SAMEA7544193,98,4334421,0.50
1773.34573,1773,Mycobacterium tuberculosis,SAMEA7544194,102,4339964,0.50
1773.34575,1773,Mycobacterium tuberculosis,SAMEA7544195,73,4328992,1.00
1773.34577,1773,Mycobacterium tuberculosis,SAMEA7544197,79,4337079,0.50
1773.34574,1773,Mycobacterium tuberculosis,SAMEA7544198,87,4334386,0.25
1773.34576,1773,Mycobacterium tuberculosis,SAMEA7544200,97,4361648,0.50
1773.34579,1773,Mycobacterium tuberculosis,SAMEA7544201,94,4341460,0.25
1773.34580,1773,Mycobacterium tuberculosis,SAMEA7544204,109,4333354,1.00
1773.34583,1773,Mycobacterium tuberculosis,SAMEA7544205,111,4329644,1.00
1773.34582,1773,Mycobacterium tuberculosis,SAMEA7544206,83,4372367,0.50
1773.34584,1773,Mycobacterium tuberculosis,SAMEA7544207,103,4330467,0.50
1773.34587,1773,Mycobacterium tuberculosis,SAMEA7544208,119,4312321,0.50
1773.34586,1773,Mycobacterium tuberculosis,SAMEA7544209,159,4329223,0.50
1773.34585,1773,Mycobacterium tuberculosis,SAMEA7544210,92,4348302,1.00
1773.34588,1773,Mycobacterium tuberculosis,SAMEA7544211,76,4371504,0.25
1773.34596,1773,Mycobacterium tuberculosis,SAMEA7544213,86,4344564,0.50
1773.34597,1773,Mycobacterium tuberculosis,SAMEA7544214,84,4349953,0.25
1773.34593,1773,Mycobacterium tuberculosis,SAMEA7544219,76,4374070,0.50
1773.34589,1773,Mycobacterium tuberculosis,SAMEA7544220,106,4329556,0.50
1773.42960,1773,Mycobacterium tuberculosis,SAMEA7544222,103,4334937,0.50
1773.34591,1773,Mycobacterium tuberculosis,SAMEA7544223,87,4353236,0.50
1773.34601,1773,Mycobacterium tuberculosis,SAMEA7544228,92,4350384,0.50
1773.34599,1773,Mycobacterium tuberculosis,SAMEA7544243,115,4337030,0.50
1773.34600,1773,Mycobacterium tuberculosis,SAMEA7544259,79,4355164,0.50
1773.34603,1773,Mycobacterium tuberculosis,SAMEA7544260,76,4371220,0.50
1773.34602,1773,Mycobacterium tuberculosis,SAMEA7544262,90,4338801,0.50
1773.34604,1773,Mycobacterium tuberculosis,SAMEA7544263,98,4349915,0.50
1773.34610,1773,Mycobacterium tuberculosis,SAMEA7544267,90,4352270,0.25
1773.34605,1773,Mycobacterium tuberculosis,SAMEA7544268,85,4363287,0.50
1773.34609,1773,Mycobacterium tuberculosis,SAMEA7544276,71,4374691,1.00
1773.34611,1773,Mycobacterium tuberculosis,SAMEA7544277,66,4347214,0.50
1773.34608,1773,Mycobacterium tuberculosis,SAMEA7544279,72,4378596,0.50
1773.34614,1773,Mycobacterium tuberculosis,SAMEA7544288,90,4350655,1.00
1773.34612,1773,Mycobacterium tuberculosis,SAMEA7544289,92,4349773,0.50
1773.34613,1773,Mycobacterium tuberculosis,SAMEA7544293,87,4345687,0.50
1773.34615,1773,Mycobacterium tuberculosis,SAMEA7544294,103,4336901,0.50
1773.34617,1773,Mycobacterium tuberculosis,SAMEA7544308,98,4344233,1.00
1773.34616,1773,Mycobacterium tuberculosis,SAMEA7544310,87,4347408,1.00
1773.42962,1773,Mycobacterium tuberculosis,SAMEA7544313,65,4364887,0.50
1773.34618,1773,Mycobacterium tuberculosis,SAMEA7544318,63,4364372,1.00
1773.42952,1773,Mycobacterium tuberculosis,SAMEA7544321,80,4375426,1.00
1773.42958,1773,Mycobacterium tuberculosis,SAMEA7544331,111,4332625,1.00
1773.34623,1773,Mycobacterium tuberculosis,SAMEA7544338,96,4348682,0.50
1773.34620,1773,Mycobacterium tuberculosis,SAMEA7544339,87,4360783,0.50
1773.42961,1773,Mycobacterium tuberculosis,SAMEA7544340,106,4317350,0.50
1773.42964,1773,Mycobacterium tuberculosis,SAMEA7544341,103,4329548,0.50
1773.34622,1773,Mycobacterium tuberculosis,SAMEA7544342,101,4303563,1.00
1773.42963,1773,Mycobacterium tuberculosis,SAMEA7544343,107,4335069,1.00
1773.42966,1773,Mycobacterium tuberculosis,SAMEA7544346,116,4337263,0.50
1773.42965,1773,Mycobacterium tuberculosis,SAMEA7544347,118,4329884,1.00
1773.42971,1773,Mycobacterium tuberculosis,SAMEA7544348,97,4343010,0.50
1773.34621,1773,Mycobacterium tuberculosis,SAMEA7544350,89,4341728,0.50
1773.34624,1773,Mycobacterium tuberculosis,SAMEA7544351,103,4335283,0.50
1773.34625,1773,Mycobacterium tuberculosis,SAMEA7544352,88,4348667,0.50
1773.34626,1773,Mycobacterium tuberculosis,SAMEA7544353,102,4336876,0.50
1773.34630,1773,Mycobacterium tuberculosis,SAMEA7544355,95,4346908,0.50
1773.34629,1773,Mycobacterium tuberculosis,SAMEA7544356,96,4344008,1.00
1773.34628,1773,Mycobacterium tuberculosis,SAMEA7544357,114,4338247,0.50
1773.34633,1773,Mycobacterium tuberculosis,SAMEA7544358,125,4332579,1.00
1773.34632,1773,Mycobacterium tuberculosis,SAMEA7544359,97,4344825,1.00
1773.42969,1773,Mycobacterium tuberculosis,SAMEA7544361,113,4335498,0.50
1773.34634,1773,Mycobacterium tuberculosis,SAMEA7544362,103,4338617,0.50
1773.34635,1773,Mycobacterium tuberculosis,SAMEA7544363,117,4333884,1.00
1773.34637,1773,Mycobacterium tuberculosis,SAMEA7544364,104,4333358,0.25
1773.34636,1773,Mycobacterium tuberculosis,SAMEA7544365,66,4365368,0.12
1773.34639,1773,Mycobacterium tuberculosis,SAMEA7544367,100,4339771,0.50
1773.34640,1773,Mycobacterium tuberculosis,SAMEA7544368,92,4340063,1.00
1773.42968,1773,Mycobacterium tuberculosis,SAMEA7544369,113,4337327,0.50
1773.42974,1773,Mycobacterium tuberculosis,SAMEA7544370,99,4339812,0.50
1773.42973,1773,Mycobacterium tuberculosis,SAMEA7544372,136,4320394,0.50
1773.42972,1773,Mycobacterium tuberculosis,SAMEA7544375,99,4340672,1.00
1773.42976,1773,Mycobacterium tuberculosis,SAMEA7544376,96,4347803,1.00
1773.34642,1773,Mycobacterium tuberculosis,SAMEA7544378,304,4258661,0.50
1773.34644,1773,Mycobacterium tuberculosis,SAMEA7544379,84,4353630,0.50
1773.34645,1773,Mycobacterium tuberculosis,SAMEA7544381,113,4343303,0.50
1773.34647,1773,Mycobacterium tuberculosis,SAMEA7544383,100,4329637,0.50
1773.34648,1773,Mycobacterium tuberculosis,SAMEA7544384,113,4302130,1.00
1773.34649,1773,Mycobacterium tuberculosis,SAMEA7544385,81,4362797,0.50
1773.42981,1773,Mycobacterium tuberculosis,SAMEA7544386,96,4337581,2.00
1773.34652,1773,Mycobacterium tuberculosis,SAMEA7544391,108,4334647,0.50
1773.34653,1773,Mycobacterium tuberculosis,SAMEA7544393,97,4374899,0.50
1773.34654,1773,Mycobacterium tuberculosis,SAMEA7544394,103,4341267,0.25
1773.34655,1773,Mycobacterium tuberculosis,SAMEA7544396,85,4330964,0.50
1773.34656,1773,Mycobacterium tuberculosis,SAMEA7544397,93,4338498,0.50
1773.34658,1773,Mycobacterium tuberculosis,SAMEA7544398,72,4379397,0.25
1773.34657,1773,Mycobacterium tuberculosis,SAMEA7544399,87,4348021,0.25
1773.34659,1773,Mycobacterium tuberculosis,SAMEA7544402,90,4304407,0.50
1773.34661,1773,Mycobacterium tuberculosis,SAMEA7544403,92,4342373,1.00
1773.34712,1773,Mycobacterium tuberculosis,SAMEA7544405,95,4322383,0.50
1773.42982,1773,Mycobacterium tuberculosis,SAMEA7544408,96,4332480,0.50
1773.42980,1773,Mycobacterium tuberculosis,SAMEA7544410,93,4342186,0.25
1773.42979,1773,Mycobacterium tuberculosis,SAMEA7544411,105,4346470,0.50
1773.34663,1773,Mycobacterium tuberculosis,SAMEA7544412,99,4344114,0.50
1773.42978,1773,Mycobacterium tuberculosis,SAMEA7544413,81,4378557,0.25
1773.34665,1773,Mycobacterium tuberculosis,SAMEA7544414,93,4348095,0.50
1773.34666,1773,Mycobacterium tuberculosis,SAMEA7544415,101,4341168,0.50
1773.34667,1773,Mycobacterium tuberculosis,SAMEA7544416,99,4330699,0.50
1773.34669,1773,Mycobacterium tuberculosis,SAMEA7544419,100,4364409,0.50
1773.34668,1773,Mycobacterium tuberculosis,SAMEA7544420,88,4343867,0.50
1773.34671,1773,Mycobacterium tuberculosis,SAMEA7544421,100,4340903,0.50
1773.34672,1773,Mycobacterium tuberculosis,SAMEA7544425,93,4342434,0.50
1773.34673,1773,Mycobacterium tuberculosis,SAMEA7544427,103,4341757,0.25
1773.34677,1773,Mycobacterium tuberculosis,SAMEA7544430,97,4341729,0.50
1773.34679,1773,Mycobacterium tuberculosis,SAMEA7544521,83,4372436,0.03
1773.34678,1773,Mycobacterium tuberculosis,SAMEA7544522,81,4347826,0.25
1773.34681,1773,Mycobacterium tuberculosis,SAMEA7544523,83,4382979,0.25
1773.34684,1773,Mycobacterium tuberculosis,SAMEA7544526,68,4357551,0.25
1773.34683,1773,Mycobacterium tuberculosis,SAMEA7544527,90,4359229,0.25
1773.34686,1773,Mycobacterium tuberculosis,SAMEA7544530,97,4348090,0.25
1773.42984,1773,Mycobacterium tuberculosis,SAMEA7544531,88,4366630,0.25
1773.34687,1773,Mycobacterium tuberculosis,SAMEA7544532,100,4341848,0.25
1773.34688,1773,Mycobacterium tuberculosis,SAMEA7544533,77,4365150,0.12
1773.34690,1773,Mycobacterium tuberculosis,SAMEA7544535,75,4379789,0.12
1773.42987,1773,Mycobacterium tuberculosis,SAMEA7544537,82,4378186,0.25
1773.34691,1773,Mycobacterium tuberculosis,SAMEA7544539,126,4581734,0.50
1773.42986,1773,Mycobacterium tuberculosis,SAMEA7544540,99,4343706,0.25
1773.42990,1773,Mycobacterium tuberculosis,SAMEA7544541,97,4368700,0.25
1773.34692,1773,Mycobacterium tuberculosis,SAMEA7544542,94,4347133,0.50
1773.34695,1773,Mycobacterium tuberculosis,SAMEA7544543,75,4348638,0.25
1773.34693,1773,Mycobacterium tuberculosis,SAMEA7544545,114,4311319,0.12
1773.34696,1773,Mycobacterium tuberculosis,SAMEA7544547,104,4327403,0.25
1773.34697,1773,Mycobacterium tuberculosis,SAMEA7544549,99,4348718,0.25
1773.34699,1773,Mycobacterium tuberculosis,SAMEA7544552,78,4374080,0.25
1773.42988,1773,Mycobacterium tuberculosis,SAMEA7544553,86,4356503,0.25
1773.42991,1773,Mycobacterium tuberculosis,SAMEA7544554,76,4364635,0.12
1773.42994,1773,Mycobacterium tuberculosis,SAMEA7544555,73,4365772,0.25
1773.34701,1773,Mycobacterium tuberculosis,SAMEA7544556,76,4363743,0.25
1773.42993,1773,Mycobacterium tuberculosis,SAMEA7544560,72,4367608,0.25
1773.42992,1773,Mycobacterium tuberculosis,SAMEA7544561,83,4348561,0.25
1773.42999,1773,Mycobacterium tuberculosis,SAMEA7544562,132,4333380,0.25
1773.42998,1773,Mycobacterium tuberculosis,SAMEA7544563,74,4370476,0.25
1773.34700,1773,Mycobacterium tuberculosis,SAMEA7544565,80,4356525,0.25
1773.34704,1773,Mycobacterium tuberculosis,SAMEA7544568,97,4330504,0.12
1773.34707,1773,Mycobacterium tuberculosis,SAMEA7544571,94,4366323,0.12
1773.34709,1773,Mycobacterium tuberculosis,SAMEA7544575,88,4377498,0.12
1773.34714,1773,Mycobacterium tuberculosis,SAMEA7544576,75,4374323,0.50
1773.34715,1773,Mycobacterium tuberculosis,SAMEA7544578,101,4343379,0.25
1773.34717,1773,Mycobacterium tuberculosis,SAMEA7544581,97,4347895,0.50
1773.42995,1773,Mycobacterium tuberculosis,SAMEA7544583,92,4343580,0.25
1773.34725,1773,Mycobacterium tuberculosis,SAMEA7544584,91,4366556,0.25
1773.34726,1773,Mycobacterium tuberculosis,SAMEA7544585,83,4368498,0.25
1773.34720,1773,Mycobacterium tuberculosis,SAMEA7544587,121,4322342,0.25
1773.34722,1773,Mycobacterium tuberculosis,SAMEA7544588,87,4379335,0.25
1773.34723,1773,Mycobacterium tuberculosis,SAMEA7544591,88,4344444,0.25
1773.34721,1773,Mycobacterium tuberculosis,SAMEA7544593,90,4347613,0.25
1773.34729,1773,Mycobacterium tuberculosis,SAMEA7544594,101,4339381,0.25
1773.34728,1773,Mycobacterium tuberculosis,SAMEA7544595,103,4332828,0.25
1773.34727,1773,Mycobacterium tuberculosis,SAMEA7544596,96,4354253,0.12
1773.43003,1773,Mycobacterium tuberculosis,SAMEA7544597,78,4366249,0.12
1773.34732,1773,Mycobacterium tuberculosis,SAMEA7544600,86,4343501,0.25
1773.34731,1773,Mycobacterium tuberculosis,SAMEA7544603,93,4350229,0.25
1773.34733,1773,Mycobacterium tuberculosis,SAMEA7544604,92,4331365,0.25
1773.34734,1773,Mycobacterium tuberculosis,SAMEA7544605,95,4347842,0.25
1773.34738,1773,Mycobacterium tuberculosis,SAMEA7544606,99,4347002,0.50
1773.34739,1773,Mycobacterium tuberculosis,SAMEA7544607,103,4345959,0.25
1773.34735,1773,Mycobacterium tuberculosis,SAMEA7544608,88,4346937,0.25
1773.34737,1773,Mycobacterium tuberculosis,SAMEA7544610,96,4352225,0.25
1773.34740,1773,Mycobacterium tuberculosis,SAMEA7544612,95,4352742,0.12
1773.34742,1773,Mycobacterium tuberculosis,SAMEA7544613,74,4362463,0.25
1773.34747,1773,Mycobacterium tuberculosis,SAMEA7544617,96,4352056,0.25
1773.34746,1773,Mycobacterium tuberculosis,SAMEA7544619,88,4341315,0.06
1773.43001,1773,Mycobacterium tuberculosis,SAMEA7544620,89,4380572,0.25
1773.43000,1773,Mycobacterium tuberculosis,SAMEA7544621,101,4346067,0.25
1773.43004,1773,Mycobacterium tuberculosis,SAMEA7544622,104,4353481,0.25
1773.43006,1773,Mycobacterium tuberculosis,SAMEA7544623,74,4381199,0.25
1773.34749,1773,Mycobacterium tuberculosis,SAMEA7544624,96,4350197,0.25
1773.34745,1773,Mycobacterium tuberculosis,SAMEA7544626,89,4322974,0.25
1773.34748,1773,Mycobacterium tuberculosis,SAMEA7544627,86,4337321,0.25
1773.43007,1773,Mycobacterium tuberculosis,SAMEA7544630,97,4348485,0.25
1773.43011,1773,Mycobacterium tuberculosis,SAMEA7544631,77,4369808,0.25
1773.43008,1773,Mycobacterium tuberculosis,SAMEA7544632,91,4352170,0.25
1773.43010,1773,Mycobacterium tuberculosis,SAMEA7544634,95,4352577,0.25
1773.43009,1773,Mycobacterium tuberculosis,SAMEA7544635,78,4371722,0.25
1773.43012,1773,Mycobacterium tuberculosis,SAMEA7544636,80,4373972,0.25
1773.43013,1773,Mycobacterium tuberculosis,SAMEA7544638,76,4381139,0.25
1773.43016,1773,Mycobacterium tuberculosis,SAMEA7544641,137,4293084,0.25
1773.34750,1773,Mycobacterium tuberculosis,SAMEA7544644,109,4318369,0.25
1773.43019,1773,Mycobacterium tuberculosis,SAMEA7544646,73,4317776,0.12
1773.43020,1773,Mycobacterium tuberculosis,SAMEA7544647,94,4340686,0.12
1773.43021,1773,Mycobacterium tuberculosis,SAMEA7544648,97,4341707,0.25
1773.43024,1773,Mycobacterium tuberculosis,SAMEA7544649,103,4365860,0.25
1773.43023,1773,Mycobacterium tuberculosis,SAMEA7544650,87,4349862,0.25
1773.43022,1773,Mycobacterium tuberculosis,SAMEA7544652,98,4350986,0.25
1773.43027,1773,Mycobacterium tuberculosis,SAMEA7544653,78,4373103,0.25
1773.34752,1773,Mycobacterium tuberculosis,SAMEA7544654,85,4374731,0.25
1773.43026,1773,Mycobacterium tuberculosis,SAMEA7544655,103,4344356,0.25
1773.43025,1773,Mycobacterium tuberculosis,SAMEA7544656,87,4348876,0.25
1773.34755,1773,Mycobacterium tuberculosis,SAMEA7544659,82,4378239,0.25
1773.43029,1773,Mycobacterium tuberculosis,SAMEA7544660,94,4350174,0.25
1773.34754,1773,Mycobacterium tuberculosis,SAMEA7544661,86,4340775,0.25
1773.43030,1773,Mycobacterium tuberculosis,SAMEA7544662,136,4333103,0.12
1773.34753,1773,Mycobacterium tuberculosis,SAMEA7544664,95,4345011,0.25
1773.34757,1773,Mycobacterium tuberculosis,SAMEA7544665,90,4344545,0.25
1773.43031,1773,Mycobacterium tuberculosis,SAMEA7544670,101,4345824,0.25
1773.43032,1773,Mycobacterium tuberculosis,SAMEA7544672,74,4365175,0.25
1773.43034,1773,Mycobacterium tuberculosis,SAMEA7544677,88,4375269,4.00
1773.43036,1773,Mycobacterium tuberculosis,SAMEA7544679,81,4367383,0.12
1773.43037,1773,Mycobacterium tuberculosis,SAMEA7544682,89,4359921,0.03
1773.43038,1773,Mycobacterium tuberculosis,SAMEA7544684,91,4341834,0.25
1773.43039,1773,Mycobacterium tuberculosis,SAMEA7544685,78,4358636,0.25
1773.34767,1773,Mycobacterium tuberculosis,SAMEA7544687,88,4365449,0.25
1773.34766,1773,Mycobacterium tuberculosis,SAMEA7544689,93,4356709,0.25
1773.43042,1773,Mycobacterium tuberculosis,SAMEA7544690,97,4354041,0.25
1773.34769,1773,Mycobacterium tuberculosis,SAMEA7544691,103,4348991,0.50
1773.34768,1773,Mycobacterium tuberculosis,SAMEA7544693,97,4349549,0.25
1773.43043,1773,Mycobacterium tuberculosis,SAMEA7544694,78,4366118,0.25
1773.43044,1773,Mycobacterium tuberculosis,SAMEA7544696,99,4348050,0.12
1773.43045,1773,Mycobacterium tuberculosis,SAMEA7544697,81,4340123,0.25
1773.43046,1773,Mycobacterium tuberculosis,SAMEA7544699,100,4350504,0.25
1773.43047,1773,Mycobacterium tuberculosis,SAMEA7544700,82,4343905,0.25
1773.34771,1773,Mycobacterium tuberculosis,SAMEA7544701,90,4342224,0.25
1773.43048,1773,Mycobacterium tuberculosis,SAMEA7544702,91,4343239,0.12
1773.43049,1773,Mycobacterium tuberculosis,SAMEA7544703,86,4348026,0.25
1773.34770,1773,Mycobacterium tuberculosis,SAMEA7544705,98,4348213,0.12
1773.34772,1773,Mycobacterium tuberculosis,SAMEA7544706,81,4340292,0.25
1773.34773,1773,Mycobacterium tuberculosis,SAMEA7544708,87,4382520,0.25
1773.34774,1773,Mycobacterium tuberculosis,SAMEA7544709,92,4349404,0.25
1773.34775,1773,Mycobacterium tuberculosis,SAMEA7544710,103,4347295,0.25
1773.34776,1773,Mycobacterium tuberculosis,SAMEA7544711,102,4352468,0.25
1773.43052,1773,Mycobacterium tuberculosis,SAMEA7544712,97,4352519,0.25
1773.34778,1773,Mycobacterium tuberculosis,SAMEA7545158,111,4318657,0.12
1773.43134,1773,Mycobacterium tuberculosis,SAMEA7545159,141,4302160,0.50
1773.43105,1773,Mycobacterium tuberculosis,SAMEA7545160,97,4305749,0.50
1773.43106,1773,Mycobacterium tuberculosis,SAMEA7545161,132,4318961,0.25
1773.43107,1773,Mycobacterium tuberculosis,SAMEA7545162,92,4329343,0.25
1773.34777,1773,Mycobacterium tuberculosis,SAMEA7545163,93,4335667,0.50
1773.34779,1773,Mycobacterium tuberculosis,SAMEA7545164,106,4346656,0.12
1773.34780,1773,Mycobacterium tuberculosis,SAMEA7545166,97,4320501,0.50
1773.34782,1773,Mycobacterium tuberculosis,SAMEA7545167,111,4315877,0.25
1773.34783,1773,Mycobacterium tuberculosis,SAMEA7545169,95,4294123,0.25
1773.34785,1773,Mycobacterium tuberculosis,SAMEA7545170,88,4256902,0.50
1773.34786,1773,Mycobacterium tuberculosis,SAMEA7545172,102,4347791,0.25
1773.34788,1773,Mycobacterium tuberculosis,SAMEA7545173,113,4319653,0.12
1773.34787,1773,Mycobacterium tuberculosis,SAMEA7545174,127,4311952,0.25
1773.34789,1773,Mycobacterium tuberculosis,SAMEA7545175,124,4307958,0.50
1773.43108,1773,Mycobacterium tuberculosis,SAMEA7545177,84,4341632,0.50
1773.43109,1773,Mycobacterium tuberculosis,SAMEA7545178,107,4339585,0.25
1773.34791,1773,Mycobacterium tuberculosis,SAMEA7545180,96,4254383,0.50
1773.43110,1773,Mycobacterium tuberculosis,SAMEA7545181,100,4332445,0.50
1773.43135,1773,Mycobacterium tuberculosis,SAMEA7545182,116,4339929,0.50
1773.43111,1773,Mycobacterium tuberculosis,SAMEA7545183,104,4333880,0.25
1773.43112,1773,Mycobacterium tuberculosis,SAMEA7545184,120,4331715,0.25
1773.34790,1773,Mycobacterium tuberculosis,SAMEA7545186,95,4345424,0.50
1773.43114,1773,Mycobacterium tuberculosis,SAMEA7545187,104,4357036,0.50
1773.43115,1773,Mycobacterium tuberculosis,SAMEA7545188,101,4345014,0.25
1773.34794,1773,Mycobacterium tuberculosis,SAMEA7545191,101,4332572,0.25
1773.43117,1773,Mycobacterium tuberculosis,SAMEA7545192,79,4336081,0.50
1773.34795,1773,Mycobacterium tuberculosis,SAMEA7545193,118,4333489,0.25
1773.43118,1773,Mycobacterium tuberculosis,SAMEA7545194,88,4366393,0.12
1773.43123,1773,Mycobacterium tuberculosis,SAMEA7545199,115,4342138,0.25
1773.34799,1773,Mycobacterium tuberculosis,SAMEA7545200,80,4346739,0.50
1773.34802,1773,Mycobacterium tuberculosis,SAMEA7545201,80,4353584,0.25
1773.34800,1773,Mycobacterium tuberculosis,SAMEA7545202,88,4345461,0.25
1773.34798,1773,Mycobacterium tuberculosis,SAMEA7545204,123,4330845,0.50
1773.34801,1773,Mycobacterium tuberculosis,SAMEA7545205,79,4352440,1.00
1773.34804,1773,Mycobacterium tuberculosis,SAMEA7545207,99,4359080,0.25
1773.34806,1773,Mycobacterium tuberculosis,SAMEA7545209,75,4352371,0.50
1773.43120,1773,Mycobacterium tuberculosis,SAMEA7545212,93,4354297,0.50
1773.43121,1773,Mycobacterium tuberculosis,SAMEA7545213,92,4346110,0.25
1773.34808,1773,Mycobacterium tuberculosis,SAMEA7545214,94,4346925,0.25
1773.34809,1773,Mycobacterium tuberculosis,SAMEA7545216,89,4346046,0.50
1773.34814,1773,Mycobacterium tuberculosis,SAMEA7545217,106,4340181,0.25
1773.34811,1773,Mycobacterium tuberculosis,SAMEA7545218,76,4367425,0.50
1773.34813,1773,Mycobacterium tuberculosis,SAMEA7545219,74,4376291,0.50
1773.34819,1773,Mycobacterium tuberculosis,SAMEA7545222,97,4349100,1.00
1773.34815,1773,Mycobacterium tuberculosis,SAMEA7545223,92,4361775,0.50
1773.43124,1773,Mycobacterium tuberculosis,SAMEA7545225,93,4346422,0.25
1773.34817,1773,Mycobacterium tuberculosis,SAMEA7545226,83,4334254,0.25
1773.34821,1773,Mycobacterium tuberculosis,SAMEA7545228,83,4335466,0.12
1773.34822,1773,Mycobacterium tuberculosis,SAMEA7545229,94,4346574,0.25
1773.34823,1773,Mycobacterium tuberculosis,SAMEA7545230,84,4361256,0.50
1773.34834,1773,Mycobacterium tuberculosis,SAMEA7545232,113,4296751,0.12
1773.34830,1773,Mycobacterium tuberculosis,SAMEA7545233,70,4356734,0.50
1773.34835,1773,Mycobacterium tuberculosis,SAMEA7545234,94,4338786,0.25
1773.34833,1773,Mycobacterium tuberculosis,SAMEA7545235,72,4355022,0.25
1773.34832,1773,Mycobacterium tuberculosis,SAMEA7545236,121,4336346,0.25
1773.34827,1773,Mycobacterium tuberculosis,SAMEA7545238,86,4369372,0.12
1773.34828,1773,Mycobacterium tuberculosis,SAMEA7545239,76,4344808,0.50
1773.34826,1773,Mycobacterium tuberculosis,SAMEA7545242,81,4349358,0.06
1773.43151,1773,Mycobacterium tuberculosis,SAMEA7545244,88,4365112,0.12
1773.43125,1773,Mycobacterium tuberculosis,SAMEA7545245,74,4353728,0.50
1773.34837,1773,Mycobacterium tuberculosis,SAMEA7545246,80,4349978,0.25
1773.34838,1773,Mycobacterium tuberculosis,SAMEA7545247,81,4343483,0.25
1773.34836,1773,Mycobacterium tuberculosis,SAMEA7545248,79,4357308,0.50
1773.34839,1773,Mycobacterium tuberculosis,SAMEA7545250,81,4350324,1.00
1773.34840,1773,Mycobacterium tuberculosis,SAMEA7545251,113,4336415,0.12
1773.34842,1773,Mycobacterium tuberculosis,SAMEA7545252,110,4335643,0.25
1773.34843,1773,Mycobacterium tuberculosis,SAMEA7545256,112,4331072,0.25
1773.34844,1773,Mycobacterium tuberculosis,SAMEA7545260,91,4350443,0.12
1773.34847,1773,Mycobacterium tuberculosis,SAMEA7545261,99,4344146,0.50
1773.34848,1773,Mycobacterium tuberculosis,SAMEA7545262,82,4345149,0.50
1773.34846,1773,Mycobacterium tuberculosis,SAMEA7545264,86,4349484,0.50
1773.34850,1773,Mycobacterium tuberculosis,SAMEA7545266,98,4347584,0.12
1773.34852,1773,Mycobacterium tuberculosis,SAMEA7545267,83,4338029,0.50
1773.34854,1773,Mycobacterium tuberculosis,SAMEA7545269,95,4344000,0.50
1773.34853,1773,Mycobacterium tuberculosis,SAMEA7545271,94,4300346,0.12
1773.43130,1773,Mycobacterium tuberculosis,SAMEA7545273,90,4335438,0.50
1773.34856,1773,Mycobacterium tuberculosis,SAMEA7545274,99,4337379,0.50
1773.34855,1773,Mycobacterium tuberculosis,SAMEA7545276,207,4237254,0.12
1773.34860,1773,Mycobacterium tuberculosis,SAMEA7545278,159,4249654,0.25
1773.34859,1773,Mycobacterium tuberculosis,SAMEA7545279,177,4248370,0.25
1773.34867,1773,Mycobacterium tuberculosis,SAMEA7545285,148,4265447,0.50
1773.34864,1773,Mycobacterium tuberculosis,SAMEA7545286,172,4269005,0.12
1773.34866,1773,Mycobacterium tuberculosis,SAMEA7545287,243,4211934,0.50
1773.34865,1773,Mycobacterium tuberculosis,SAMEA7545288,298,4186000,0.25
1773.34872,1773,Mycobacterium tuberculosis,SAMEA7545289,358,4153035,0.50
1773.34868,1773,Mycobacterium tuberculosis,SAMEA7545290,304,4185593,0.50
1773.34869,1773,Mycobacterium tuberculosis,SAMEA7545291,144,4264065,0.12
1773.34871,1773,Mycobacterium tuberculosis,SAMEA7545292,191,4230125,0.25
1773.34870,1773,Mycobacterium tuberculosis,SAMEA7545293,157,4246134,0.50
1773.34875,1773,Mycobacterium tuberculosis,SAMEA7545295,360,4129166,0.50
1773.34879,1773,Mycobacterium tuberculosis,SAMEA7545297,530,4046048,0.50
1773.34877,1773,Mycobacterium tuberculosis,SAMEA7545298,530,4034343,0.50
1773.34878,1773,Mycobacterium tuberculosis,SAMEA7545299,150,4276477,0.50
1773.34874,1773,Mycobacterium tuberculosis,SAMEA7545300,313,4140230,0.50
1773.34876,1773,Mycobacterium tuberculosis,SAMEA7545301,260,4205160,0.25
1773.34882,1773,Mycobacterium tuberculosis,SAMEA7545302,243,4225214,0.50
1773.34881,1773,Mycobacterium tuberculosis,SAMEA7545303,523,4002858,0.50
1773.34884,1773,Mycobacterium tuberculosis,SAMEA7545305,752,3800080,0.25
1773.34883,1773,Mycobacterium tuberculosis,SAMEA7545306,848,3667006,0.50
1773.34885,1773,Mycobacterium tuberculosis,SAMEA7545307,226,4170299,0.50
1773.34887,1773,Mycobacterium tuberculosis,SAMEA7545310,377,4149919,0.50
1773.34890,1773,Mycobacterium tuberculosis,SAMEA7545311,537,4052884,0.50
1773.43131,1773,Mycobacterium tuberculosis,SAMEA7545312,690,3918638,0.50
1773.34889,1773,Mycobacterium tuberculosis,SAMEA7545313,848,3631781,0.12
1773.43140,1773,Mycobacterium tuberculosis,SAMEA7545314,940,3564251,0.50
1773.34893,1773,Mycobacterium tuberculosis,SAMEA7545315,227,4215787,0.50
1773.34894,1773,Mycobacterium tuberculosis,SAMEA7545316,614,3994095,0.50
1773.34895,1773,Mycobacterium tuberculosis,SAMEA7545317,512,4077620,0.25
1773.43132,1773,Mycobacterium tuberculosis,SAMEA7545318,482,4096594,0.25
1773.43133,1773,Mycobacterium tuberculosis,SAMEA7545319,564,4039074,0.25
1773.43137,1773,Mycobacterium tuberculosis,SAMEA7545320,896,3659119,0.50
1773.34891,1773,Mycobacterium tuberculosis,SAMEA7545321,885,3637783,0.25
1773.34892,1773,Mycobacterium tuberculosis,SAMEA7545322,993,3293926,0.12
1773.43136,1773,Mycobacterium tuberculosis,SAMEA7545326,582,4008864,0.50
1773.34900,1773,Mycobacterium tuberculosis,SAMEA7545339,143,4260158,0.50
1773.34899,1773,Mycobacterium tuberculosis,SAMEA7545340,288,4189396,0.25
1773.34904,1773,Mycobacterium tuberculosis,SAMEA7545341,313,4187301,0.50
1773.34906,1773,Mycobacterium tuberculosis,SAMEA7545342,589,4014328,0.50
1773.34905,1773,Mycobacterium tuberculosis,SAMEA7545343,719,3887787,1.00
1773.43149,1773,Mycobacterium tuberculosis,SAMEA7545344,756,3763620,1.00
1773.43141,1773,Mycobacterium tuberculosis,SAMEA7545347,139,4256970,0.50
1773.43146,1773,Mycobacterium tuberculosis,SAMEA7545348,240,4215692,1.00
1773.34909,1773,Mycobacterium tuberculosis,SAMEA7545350,429,4126809,0.50
1773.34908,1773,Mycobacterium tuberculosis,SAMEA7545351,666,3922783,0.50
1773.34910,1773,Mycobacterium tuberculosis,SAMEA7545352,526,4065372,0.50
1773.34907,1773,Mycobacterium tuberculosis,SAMEA7545353,780,3764615,0.12
1773.34903,1773,Mycobacterium tuberculosis,SAMEA7545354,799,3634366,1.00
1773.43142,1773,Mycobacterium tuberculosis,SAMEA7545356,159,4251066,0.50
1773.43145,1773,Mycobacterium tuberculosis,SAMEA7545357,161,4248180,1.00
1773.43139,1773,Mycobacterium tuberculosis,SAMEA7545358,358,4158091,0.50
1773.34915,1773,Mycobacterium tuberculosis,SAMEA7545359,420,4119727,0.50
1773.34914,1773,Mycobacterium tuberculosis,SAMEA7545362,352,4152210,0.25
1773.34911,1773,Mycobacterium tuberculosis,SAMEA7545363,135,4287249,0.50
1773.43143,1773,Mycobacterium tuberculosis,SAMEA7545365,151,4259536,0.50
1773.34912,1773,Mycobacterium tuberculosis,SAMEA7545366,232,4212842,0.50
1773.43147,1773,Mycobacterium tuberculosis,SAMEA7545367,282,4204967,0.50
1773.34916,1773,Mycobacterium tuberculosis,SAMEA7545369,334,4152597,0.50
1773.34917,1773,Mycobacterium tuberculosis,SAMEA7545374,154,4252463,0.25
1773.34920,1773,Mycobacterium tuberculosis,SAMEA7545375,157,4257537,0.25
1773.34922,1773,Mycobacterium tuberculosis,SAMEA7545376,140,4263050,0.25
1773.34923,1773,Mycobacterium tuberculosis,SAMEA7545377,211,4222340,0.25
1773.34921,1773,Mycobacterium tuberculosis,SAMEA7545378,184,4233896,0.25
1773.34924,1773,Mycobacterium tuberculosis,SAMEA7545381,116,4282536,0.50
1773.34931,1773,Mycobacterium tuberculosis,SAMEA7545384,151,4256877,1.00
1773.34929,1773,Mycobacterium tuberculosis,SAMEA7545385,140,4251636,0.50
1773.34932,1773,Mycobacterium tuberculosis,SAMEA7545388,114,4284132,0.50
1773.34935,1773,Mycobacterium tuberculosis,SAMEA7545389,96,4312984,0.50
1773.34936,1773,Mycobacterium tuberculosis,SAMEA7545390,130,4284297,0.25
1773.34937,1773,Mycobacterium tuberculosis,SAMEA7545391,129,4276966,0.25
1773.43199,1773,Mycobacterium tuberculosis,SAMEA7545392,132,4284347,0.50
1773.34933,1773,Mycobacterium tuberculosis,SAMEA7545393,156,4250503,0.50
1773.34939,1773,Mycobacterium tuberculosis,SAMEA7545396,119,4289678,0.50
1773.43200,1773,Mycobacterium tuberculosis,SAMEA7545398,100,4301197,1.00
1773.34943,1773,Mycobacterium tuberculosis,SAMEA7545400,106,4316657,0.25
1773.43209,1773,Mycobacterium tuberculosis,SAMEA7545401,122,4281174,0.25
1773.34942,1773,Mycobacterium tuberculosis,SAMEA7545402,162,4252553,0.50
1773.34945,1773,Mycobacterium tuberculosis,SAMEA7545403,129,4269495,0.12
1773.43195,1773,Mycobacterium tuberculosis,SAMEA7545404,117,4212785,0.50
1773.43196,1773,Mycobacterium tuberculosis,SAMEA7545407,97,4298197,0.50
1773.34944,1773,Mycobacterium tuberculosis,SAMEA7545408,130,4283158,0.25
1773.34946,1773,Mycobacterium tuberculosis,SAMEA7545409,102,4299455,1.00
1773.34947,1773,Mycobacterium tuberculosis,SAMEA7545410,116,4282536,0.50
1773.34948,1773,Mycobacterium tuberculosis,SAMEA7545411,92,4248702,0.25
1773.43197,1773,Mycobacterium tuberculosis,SAMEA7545414,128,4287734,0.50
1773.43201,1773,Mycobacterium tuberculosis,SAMEA7545415,102,4307653,0.50
1773.43204,1773,Mycobacterium tuberculosis,SAMEA7545416,132,4268735,0.25
1773.34951,1773,Mycobacterium tuberculosis,SAMEA7545417,94,4303063,0.50
1773.34953,1773,Mycobacterium tuberculosis,SAMEA7545419,124,4282776,0.25
1773.34952,1773,Mycobacterium tuberculosis,SAMEA7545420,103,4316563,0.25
1773.34954,1773,Mycobacterium tuberculosis,SAMEA7545421,106,4330830,0.12
1773.34955,1773,Mycobacterium tuberculosis,SAMEA7545422,124,4295832,0.25
1773.34956,1773,Mycobacterium tuberculosis,SAMEA7545424,117,4297570,0.50
1773.34958,1773,Mycobacterium tuberculosis,SAMEA7545427,112,4295580,0.50
1773.34959,1773,Mycobacterium tuberculosis,SAMEA7545428,97,4309809,0.50
1773.34963,1773,Mycobacterium tuberculosis,SAMEA7545431,108,4306921,0.50
1773.34962,1773,Mycobacterium tuberculosis,SAMEA7545433,112,4314336,0.12
1773.34960,1773,Mycobacterium tuberculosis,SAMEA7545434,112,4301497,0.50
1773.34967,1773,Mycobacterium tuberculosis,SAMEA7545435,94,4308732,0.50
1773.34968,1773,Mycobacterium tuberculosis,SAMEA7545438,117,4314890,0.50
1773.34969,1773,Mycobacterium tuberculosis,SAMEA7545439,102,4325132,0.25
1773.34972,1773,Mycobacterium tuberculosis,SAMEA7545441,125,4307332,0.50
1773.34973,1773,Mycobacterium tuberculosis,SAMEA7545443,128,4274379,0.25
1773.34974,1773,Mycobacterium tuberculosis,SAMEA7545444,103,4288462,0.50
1773.34975,1773,Mycobacterium tuberculosis,SAMEA7545445,122,4287780,0.50
1773.34976,1773,Mycobacterium tuberculosis,SAMEA7545446,108,4292784,0.50
1773.34977,1773,Mycobacterium tuberculosis,SAMEA7545449,105,4289669,0.50
1773.34984,1773,Mycobacterium tuberculosis,SAMEA7545452,106,4260470,0.25
1773.34986,1773,Mycobacterium tuberculosis,SAMEA7545455,105,4320436,0.50
1773.34985,1773,Mycobacterium tuberculosis,SAMEA7545456,99,4322446,0.50
1773.34982,1773,Mycobacterium tuberculosis,SAMEA7545458,112,4317234,0.50
1773.34987,1773,Mycobacterium tuberculosis,SAMEA7545460,90,4321678,1.00
1773.34991,1773,Mycobacterium tuberculosis,SAMEA7545469,99,4286336,0.50
1773.34988,1773,Mycobacterium tuberculosis,SAMEA7545470,91,4360303,0.50
1773.34996,1773,Mycobacterium tuberculosis,SAMEA7545472,111,4329752,0.25
1773.34995,1773,Mycobacterium tuberculosis,SAMEA7545473,104,4319049,0.12
1773.34998,1773,Mycobacterium tuberculosis,SAMEA7545476,94,4329342,0.25
1773.43155,1773,Mycobacterium tuberculosis,SAMEA7545478,104,4330094,0.25
1773.35007,1773,Mycobacterium tuberculosis,SAMEA7545481,94,4344761,0.50
1773.43156,1773,Mycobacterium tuberculosis,SAMEA7545483,87,4331019,0.50
1773.35004,1773,Mycobacterium tuberculosis,SAMEA7545484,94,4321403,0.50
1773.35067,1773,Mycobacterium tuberculosis,SAMEA7545489,108,4333331,0.50
1773.35008,1773,Mycobacterium tuberculosis,SAMEA7545491,96,4337261,0.25
1773.43154,1773,Mycobacterium tuberculosis,SAMEA7545492,101,4327922,0.50
1773.35001,1773,Mycobacterium tuberculosis,SAMEA7545496,95,4335858,1.00
1773.35002,1773,Mycobacterium tuberculosis,SAMEA7545498,104,4341776,0.50
1773.35010,1773,Mycobacterium tuberculosis,SAMEA7545499,91,4334153,0.50
1773.43157,1773,Mycobacterium tuberculosis,SAMEA7545501,96,4319737,0.25
1773.35011,1773,Mycobacterium tuberculosis,SAMEA7545502,89,4317440,1.00
1773.35012,1773,Mycobacterium tuberculosis,SAMEA7545503,100,4353415,0.50
1773.35009,1773,Mycobacterium tuberculosis,SAMEA7545504,97,4332088,1.00
1773.35073,1773,Mycobacterium tuberculosis,SAMEA7545505,94,4349610,0.50
1773.35014,1773,Mycobacterium tuberculosis,SAMEA7545507,103,4341957,1.00
1773.43160,1773,Mycobacterium tuberculosis,SAMEA7545508,98,4361532,0.25
1773.35015,1773,Mycobacterium tuberculosis,SAMEA7545511,102,4315540,0.50
1773.35016,1773,Mycobacterium tuberculosis,SAMEA7545512,96,4348437,0.50
1773.35017,1773,Mycobacterium tuberculosis,SAMEA7545513,90,4360422,0.25
1773.35018,1773,Mycobacterium tuberculosis,SAMEA7545514,91,4352536,0.50
1773.43163,1773,Mycobacterium tuberculosis,SAMEA7545515,109,4327683,0.50
1773.35024,1773,Mycobacterium tuberculosis,SAMEA7545516,102,4346108,0.50
1773.35025,1773,Mycobacterium tuberculosis,SAMEA7545518,93,4340308,0.50
1773.43339,1773,Mycobacterium tuberculosis,SAMEA7545520,95,4290766,0.50
1773.35027,1773,Mycobacterium tuberculosis,SAMEA7545521,88,4339749,0.50
1773.35020,1773,Mycobacterium tuberculosis,SAMEA7545522,96,4340030,0.50
1773.35021,1773,Mycobacterium tuberculosis,SAMEA7545523,103,4331341,0.25
1773.43164,1773,Mycobacterium tuberculosis,SAMEA7545524,91,4323159,1.00
1773.35019,1773,Mycobacterium tuberculosis,SAMEA7545525,106,4338015,0.50
1773.43162,1773,Mycobacterium tuberculosis,SAMEA7545526,115,4323452,0.50
1773.43166,1773,Mycobacterium tuberculosis,SAMEA7545527,108,4316732,0.50
1773.35022,1773,Mycobacterium tuberculosis,SAMEA7545528,97,4320372,0.50
1773.35029,1773,Mycobacterium tuberculosis,SAMEA7545533,100,4342070,0.50
1773.35028,1773,Mycobacterium tuberculosis,SAMEA7545534,108,4315897,0.50
1773.35031,1773,Mycobacterium tuberculosis,SAMEA7545535,119,4317169,0.50
1773.35032,1773,Mycobacterium tuberculosis,SAMEA7545536,109,4311631,0.50
1773.35033,1773,Mycobacterium tuberculosis,SAMEA7545537,119,4248103,0.50
1773.35037,1773,Mycobacterium tuberculosis,SAMEA7545541,90,4328085,0.50
1773.35040,1773,Mycobacterium tuberculosis,SAMEA7545544,114,4296624,0.50
1773.35038,1773,Mycobacterium tuberculosis,SAMEA7545545,128,4218960,0.25
1773.35042,1773,Mycobacterium tuberculosis,SAMEA7545547,109,4310428,0.50
1773.35045,1773,Mycobacterium tuberculosis,SAMEA7545550,145,4262440,0.50
1773.35044,1773,Mycobacterium tuberculosis,SAMEA7545551,197,4239053,0.50
1773.35046,1773,Mycobacterium tuberculosis,SAMEA7545554,238,4209362,0.50
1773.35049,1773,Mycobacterium tuberculosis,SAMEA7545555,267,4198486,0.50
1773.35052,1773,Mycobacterium tuberculosis,SAMEA7545558,227,4229033,0.25
1773.35051,1773,Mycobacterium tuberculosis,SAMEA7545559,243,4220988,0.50
1773.43212,1773,Mycobacterium tuberculosis,SAMEA7545565,284,4187291,0.25
1773.43213,1773,Mycobacterium tuberculosis,SAMEA7545566,215,4252330,0.25
1773.43207,1773,Mycobacterium tuberculosis,SAMEA7545567,244,4218847,0.25
1773.35058,1773,Mycobacterium tuberculosis,SAMEA7545569,658,3967468,0.25
1773.43210,1773,Mycobacterium tuberculosis,SAMEA7545570,544,4059902,0.50
1773.43211,1773,Mycobacterium tuberculosis,SAMEA7545571,548,4013667,0.12
1773.43222,1773,Mycobacterium tuberculosis,SAMEA7545572,514,4067954,0.25
1773.43221,1773,Mycobacterium tuberculosis,SAMEA7545573,201,4235806,0.25
1773.43218,1773,Mycobacterium tuberculosis,SAMEA7545574,490,4094091,0.25
1773.43223,1773,Mycobacterium tuberculosis,SAMEA7545575,468,4108572,0.50
1773.43219,1773,Mycobacterium tuberculosis,SAMEA7545576,439,4119461,0.25
1773.35059,1773,Mycobacterium tuberculosis,SAMEA7545577,678,3932522,0.50
1773.35062,1773,Mycobacterium tuberculosis,SAMEA7545578,700,3916956,0.50
1773.35063,1773,Mycobacterium tuberculosis,SAMEA7545579,785,3747636,0.50
1773.35060,1773,Mycobacterium tuberculosis,SAMEA7545581,289,4161912,0.50
1773.35061,1773,Mycobacterium tuberculosis,SAMEA7545584,683,3893838,0.50
1773.35064,1773,Mycobacterium tuberculosis,SAMEA7545585,694,3837544,0.25
1773.35065,1773,Mycobacterium tuberculosis,SAMEA7545586,806,3728618,0.25
1773.35066,1773,Mycobacterium tuberculosis,SAMEA7545588,881,3622346,0.50
1773.35070,1773,Mycobacterium tuberculosis,SAMEA7545589,273,4179942,0.50
1773.35074,1773,Mycobacterium tuberculosis,SAMEA7545591,841,3715338,1.00
1773.35071,1773,Mycobacterium tuberculosis,SAMEA7545593,668,3931737,0.50
1773.35072,1773,Mycobacterium tuberculosis,SAMEA7545594,840,3614046,0.25
1773.35068,1773,Mycobacterium tuberculosis,SAMEA7545595,850,3684308,0.50
1773.35078,1773,Mycobacterium tuberculosis,SAMEA7545597,333,4159589,0.50
1773.35084,1773,Mycobacterium tuberculosis,SAMEA7545602,878,3583708,0.50
1773.35082,1773,Mycobacterium tuberculosis,SAMEA7545603,901,3483425,0.50
1773.35081,1773,Mycobacterium tuberculosis,SAMEA7545604,982,3395182,0.50
1773.35083,1773,Mycobacterium tuberculosis,SAMEA7545605,390,4132855,1.00
1773.35087,1773,Mycobacterium tuberculosis,SAMEA7545608,922,3898411,0.25
1773.35089,1773,Mycobacterium tuberculosis,SAMEA7545610,838,3634487,1.00
1773.35088,1773,Mycobacterium tuberculosis,SAMEA7545611,740,3818055,0.50
1773.35096,1773,Mycobacterium tuberculosis,SAMEA7545613,215,4228414,0.50
1773.43230,1773,Mycobacterium tuberculosis,SAMEA7545614,496,4060098,0.50
1773.43227,1773,Mycobacterium tuberculosis,SAMEA7545615,466,4087486,0.50
1773.35095,1773,Mycobacterium tuberculosis,SAMEA7545616,871,3900374,0.50
1773.35092,1773,Mycobacterium tuberculosis,SAMEA7545617,746,3832481,0.50
1773.35097,1773,Mycobacterium tuberculosis,SAMEA7545620,879,3896684,0.50
1773.35094,1773,Mycobacterium tuberculosis,SAMEA7545621,228,4236254,0.50
1773.35091,1773,Mycobacterium tuberculosis,SAMEA7545622,409,4134280,0.50
1773.35098,1773,Mycobacterium tuberculosis,SAMEA7545623,383,4157813,0.50
1773.35102,1773,Mycobacterium tuberculosis,SAMEA7545626,640,3987758,0.50
1773.35106,1773,Mycobacterium tuberculosis,SAMEA7545630,528,4022025,0.50
1773.35107,1773,Mycobacterium tuberculosis,SAMEA7545631,368,4131637,0.50
1773.35160,1773,Mycobacterium tuberculosis,SAMEA7545632,508,4045593,0.50
1773.35109,1773,Mycobacterium tuberculosis,SAMEA7545633,512,4057095,0.50
1773.35110,1773,Mycobacterium tuberculosis,SAMEA7545634,527,4052235,0.50
1773.35112,1773,Mycobacterium tuberculosis,SAMEA7545637,170,4240181,0.50
1773.35114,1773,Mycobacterium tuberculosis,SAMEA7545640,354,4172562,0.50
1773.35117,1773,Mycobacterium tuberculosis,SAMEA7545641,372,4146615,0.50
1773.35118,1773,Mycobacterium tuberculosis,SAMEA7545643,248,4226146,0.25
1773.35120,1773,Mycobacterium tuberculosis,SAMEA7545646,99,4315970,1.00
1773.43165,1773,Mycobacterium tuberculosis,SAMEA7545647,102,4315248,0.25
1773.35122,1773,Mycobacterium tuberculosis,SAMEA7545648,107,4305659,0.50
1773.35121,1773,Mycobacterium tuberculosis,SAMEA7545649,97,4306524,0.50
1773.35123,1773,Mycobacterium tuberculosis,SAMEA7545652,109,4332989,0.50
1773.35125,1773,Mycobacterium tuberculosis,SAMEA7545653,101,4321083,0.50
1773.35132,1773,Mycobacterium tuberculosis,SAMEA7545654,108,4314453,0.50
1773.35133,1773,Mycobacterium tuberculosis,SAMEA7545655,110,4325544,0.50
1773.35131,1773,Mycobacterium tuberculosis,SAMEA7545658,100,4322582,0.50
1773.35128,1773,Mycobacterium tuberculosis,SAMEA7545661,101,4326451,1.00
1773.35127,1773,Mycobacterium tuberculosis,SAMEA7545663,85,4341469,0.50
1773.35129,1773,Mycobacterium tuberculosis,SAMEA7545664,86,4329950,0.25
1773.35136,1773,Mycobacterium tuberculosis,SAMEA7545666,103,4345138,0.50
1773.35138,1773,Mycobacterium tuberculosis,SAMEA7545669,94,4333275,0.50
1773.43167,1773,Mycobacterium tuberculosis,SAMEA7545672,78,4347705,0.50
1773.35142,1773,Mycobacterium tuberculosis,SAMEA7545673,115,4325454,0.50
1773.35143,1773,Mycobacterium tuberculosis,SAMEA7545675,105,4336796,0.25
1773.35146,1773,Mycobacterium tuberculosis,SAMEA7545676,96,4285543,0.50
1773.35144,1773,Mycobacterium tuberculosis,SAMEA7545678,92,4337959,0.25
1773.35150,1773,Mycobacterium tuberculosis,SAMEA7545680,77,4353446,0.50
1773.35149,1773,Mycobacterium tuberculosis,SAMEA7545681,89,4341344,0.50
1773.35148,1773,Mycobacterium tuberculosis,SAMEA7545683,92,4339205,0.50
1773.35155,1773,Mycobacterium tuberculosis,SAMEA7545684,93,4294159,0.50
1773.35158,1773,Mycobacterium tuberculosis,SAMEA7545688,93,4335544,0.50
1773.35157,1773,Mycobacterium tuberculosis,SAMEA7545692,81,4342162,1.00
1773.35159,1773,Mycobacterium tuberculosis,SAMEA7545693,93,4339301,1.00
1773.35161,1773,Mycobacterium tuberculosis,SAMEA7545694,83,4339388,0.50
1773.35163,1773,Mycobacterium tuberculosis,SAMEA7545696,87,4370184,0.25
1773.35166,1773,Mycobacterium tuberculosis,SAMEA7545698,81,4342816,0.50
1773.35165,1773,Mycobacterium tuberculosis,SAMEA7545700,102,4330741,0.50
1773.35168,1773,Mycobacterium tuberculosis,SAMEA7545701,106,4335402,0.50
1773.35171,1773,Mycobacterium tuberculosis,SAMEA7545703,87,4294315,0.50
1773.35173,1773,Mycobacterium tuberculosis,SAMEA7545705,103,4329264,0.50
1773.35170,1773,Mycobacterium tuberculosis,SAMEA7545706,79,4343743,0.50
1773.35172,1773,Mycobacterium tuberculosis,SAMEA7545709,102,4316564,0.50
1773.35176,1773,Mycobacterium tuberculosis,SAMEA7545710,108,4334510,0.50
1773.35178,1773,Mycobacterium tuberculosis,SAMEA7545711,109,4329285,0.50
1773.35179,1773,Mycobacterium tuberculosis,SAMEA7545715,100,4315447,0.50
1773.35183,1773,Mycobacterium tuberculosis,SAMEA7545718,94,4354016,0.25
1773.35181,1773,Mycobacterium tuberculosis,SAMEA7545719,108,4324692,0.50
1773.35184,1773,Mycobacterium tuberculosis,SAMEA7545720,110,4325201,0.50
1773.35186,1773,Mycobacterium tuberculosis,SAMEA7545722,115,4303945,0.50
1773.35190,1773,Mycobacterium tuberculosis,SAMEA7545723,97,4325815,0.25
1773.35189,1773,Mycobacterium tuberculosis,SAMEA7545725,100,4343957,0.25
1773.35188,1773,Mycobacterium tuberculosis,SAMEA7545726,113,4305253,0.50
1773.43172,1773,Mycobacterium tuberculosis,SAMEA7545727,114,4333725,0.50
1773.35193,1773,Mycobacterium tuberculosis,SAMEA7545730,101,4309020,0.50
1773.35196,1773,Mycobacterium tuberculosis,SAMEA7545731,87,4326284,0.50
1773.35194,1773,Mycobacterium tuberculosis,SAMEA7545732,92,4337618,0.12
1773.35195,1773,Mycobacterium tuberculosis,SAMEA7545733,91,4319169,0.50
1773.35201,1773,Mycobacterium tuberculosis,SAMEA7545738,96,4288715,0.50
1773.35204,1773,Mycobacterium tuberculosis,SAMEA7545739,91,4323335,0.50
1773.35205,1773,Mycobacterium tuberculosis,SAMEA7545742,320,4175283,0.50
1773.35208,1773,Mycobacterium tuberculosis,SAMEA7545743,322,4171178,0.50
1773.35207,1773,Mycobacterium tuberculosis,SAMEA7545745,521,4048118,0.50
1773.35202,1773,Mycobacterium tuberculosis,SAMEA7545747,570,4008987,0.50
1773.35203,1773,Mycobacterium tuberculosis,SAMEA7545748,432,4109463,0.50
1773.35213,1773,Mycobacterium tuberculosis,SAMEA7545752,725,3857909,0.50
1773.35215,1773,Mycobacterium tuberculosis,SAMEA7545755,619,3975567,0.50
1773.35217,1773,Mycobacterium tuberculosis,SAMEA7545756,729,3775376,0.50
1773.35218,1773,Mycobacterium tuberculosis,SAMEA7545758,270,4196465,0.50
1773.35220,1773,Mycobacterium tuberculosis,SAMEA7545760,500,4060649,0.50
1773.35225,1773,Mycobacterium tuberculosis,SAMEA7545763,814,3703196,0.50
1773.43153,1773,Mycobacterium tuberculosis,SAMEA7545765,225,4215145,0.50
1773.35222,1773,Mycobacterium tuberculosis,SAMEA7545769,772,3719494,0.50
1773.35223,1773,Mycobacterium tuberculosis,SAMEA7545773,660,3958426,0.12
1773.35227,1773,Mycobacterium tuberculosis,SAMEA7545774,717,3817755,0.12
1773.35228,1773,Mycobacterium tuberculosis,SAMEA7545775,614,3979759,0.50
1773.35229,1773,Mycobacterium tuberculosis,SAMEA7545777,794,3743960,0.50
1773.35230,1773,Mycobacterium tuberculosis,SAMEA7545778,733,3879977,0.25
1773.35235,1773,Mycobacterium tuberculosis,SAMEA7545781,330,4157638,0.25
1773.35236,1773,Mycobacterium tuberculosis,SAMEA7545784,1255,3966817,0.25
1773.35238,1773,Mycobacterium tuberculosis,SAMEA7545786,1015,3398142,0.50
1773.35239,1773,Mycobacterium tuberculosis,SAMEA7545787,968,3505464,0.50
1773.35240,1773,Mycobacterium tuberculosis,SAMEA7545792,624,3943349,0.50
1773.35245,1773,Mycobacterium tuberculosis,SAMEA7545796,894,3519585,0.50
1773.35243,1773,Mycobacterium tuberculosis,SAMEA7545797,423,4121156,0.50
1773.43150,1773,Mycobacterium tuberculosis,SAMEA7545798,704,3847612,0.25
1773.35247,1773,Mycobacterium tuberculosis,SAMEA7545799,818,4096426,0.50
1773.35252,1773,Mycobacterium tuberculosis,SAMEA7545805,238,4229521,0.50
1773.35250,1773,Mycobacterium tuberculosis,SAMEA7545806,393,4136748,0.12
1773.35249,1773,Mycobacterium tuberculosis,SAMEA7545807,511,4010527,0.25
1773.35254,1773,Mycobacterium tuberculosis,SAMEA7545811,800,3686971,0.25
1773.35256,1773,Mycobacterium tuberculosis,SAMEA7545816,447,4111400,0.25
1773.35255,1773,Mycobacterium tuberculosis,SAMEA7545817,651,3934238,0.12
1773.35260,1773,Mycobacterium tuberculosis,SAMEA7545822,230,4230115,0.12
1773.35263,1773,Mycobacterium tuberculosis,SAMEA7545825,717,3888229,0.50
1773.35261,1773,Mycobacterium tuberculosis,SAMEA7545827,486,4065988,0.25
1773.35267,1773,Mycobacterium tuberculosis,SAMEA7545828,421,4113250,0.25
1773.35265,1773,Mycobacterium tuberculosis,SAMEA7545829,151,4257935,0.50
1773.35266,1773,Mycobacterium tuberculosis,SAMEA7545830,175,4245458,0.25
1773.35272,1773,Mycobacterium tuberculosis,SAMEA7545832,218,4208444,0.50
1773.35269,1773,Mycobacterium tuberculosis,SAMEA7545834,235,4228883,0.25
1773.35276,1773,Mycobacterium tuberculosis,SAMEA7545839,98,4307302,0.50
1773.35275,1773,Mycobacterium tuberculosis,SAMEA7545840,109,4312602,0.50
1773.35278,1773,Mycobacterium tuberculosis,SAMEA7545842,98,4323127,0.50
1773.35277,1773,Mycobacterium tuberculosis,SAMEA7545844,96,4336705,0.25
1773.35281,1773,Mycobacterium tuberculosis,SAMEA7545846,104,4328649,0.50
1773.35282,1773,Mycobacterium tuberculosis,SAMEA7545847,99,4316315,0.25
1773.35286,1773,Mycobacterium tuberculosis,SAMEA7545849,105,4320370,0.50
1773.35285,1773,Mycobacterium tuberculosis,SAMEA7545850,101,4319980,0.50
1773.35287,1773,Mycobacterium tuberculosis,SAMEA7545853,111,4317691,0.50
1773.35290,1773,Mycobacterium tuberculosis,SAMEA7545855,98,4302262,0.50
1773.35292,1773,Mycobacterium tuberculosis,SAMEA7545857,109,4322587,0.50
1773.35289,1773,Mycobacterium tuberculosis,SAMEA7545859,99,4335177,0.50
1773.35288,1773,Mycobacterium tuberculosis,SAMEA7545861,105,4327204,0.50
1773.35297,1773,Mycobacterium tuberculosis,SAMEA7545862,106,4328491,0.12
1773.35295,1773,Mycobacterium tuberculosis,SAMEA7545864,81,4352247,0.25
1773.35294,1773,Mycobacterium tuberculosis,SAMEA7545866,101,4344976,0.12
1773.35298,1773,Mycobacterium tuberculosis,SAMEA7545867,84,4339734,0.25
1773.35300,1773,Mycobacterium tuberculosis,SAMEA7545868,114,4320002,0.25
1773.35299,1773,Mycobacterium tuberculosis,SAMEA7545869,108,4345011,0.12
1773.35303,1773,Mycobacterium tuberculosis,SAMEA7545872,78,4354456,0.50
1773.35305,1773,Mycobacterium tuberculosis,SAMEA7545879,88,4356478,0.12
1773.35308,1773,Mycobacterium tuberculosis,SAMEA7545880,94,4350178,0.12
1773.35310,1773,Mycobacterium tuberculosis,SAMEA7545881,99,4322684,0.12
1773.35309,1773,Mycobacterium tuberculosis,SAMEA7545882,99,4331377,1.00
1773.35311,1773,Mycobacterium tuberculosis,SAMEA7545884,80,4343834,0.25
1773.35314,1773,Mycobacterium tuberculosis,SAMEA7545888,96,4347424,0.25
1773.35316,1773,Mycobacterium tuberculosis,SAMEA7545890,90,4341860,0.50
1773.35318,1773,Mycobacterium tuberculosis,SAMEA7545892,104,4280712,0.50
1773.35319,1773,Mycobacterium tuberculosis,SAMEA7545893,83,4344416,0.25
1773.35321,1773,Mycobacterium tuberculosis,SAMEA7545894,92,4348122,0.12
1773.35322,1773,Mycobacterium tuberculosis,SAMEA7545897,90,4335888,0.50
1773.35325,1773,Mycobacterium tuberculosis,SAMEA7545898,99,4323290,0.25
1773.35323,1773,Mycobacterium tuberculosis,SAMEA7545899,96,4336616,0.25
1773.35324,1773,Mycobacterium tuberculosis,SAMEA7545900,109,4321095,0.25
1773.35326,1773,Mycobacterium tuberculosis,SAMEA7545902,96,4354880,0.50
1773.35329,1773,Mycobacterium tuberculosis,SAMEA7545904,92,4344225,0.50
1773.35328,1773,Mycobacterium tuberculosis,SAMEA7545905,99,4309078,0.12
1773.35330,1773,Mycobacterium tuberculosis,SAMEA7545906,117,4306602,0.25
1773.35332,1773,Mycobacterium tuberculosis,SAMEA7545907,98,4335715,0.25
1773.35331,1773,Mycobacterium tuberculosis,SAMEA7545908,103,4344419,0.25
1773.35333,1773,Mycobacterium tuberculosis,SAMEA7545909,112,4328804,0.25
1773.35335,1773,Mycobacterium tuberculosis,SAMEA7545910,103,4358822,0.25
1773.35334,1773,Mycobacterium tuberculosis,SAMEA7545911,108,4338053,0.50
1773.35338,1773,Mycobacterium tuberculosis,SAMEA7545912,95,4350689,0.25
1773.35336,1773,Mycobacterium tuberculosis,SAMEA7545915,99,4331049,0.50
1773.35340,1773,Mycobacterium tuberculosis,SAMEA7545917,111,4347014,0.50
1773.35342,1773,Mycobacterium tuberculosis,SAMEA7545918,114,4328129,0.50
1773.35341,1773,Mycobacterium tuberculosis,SAMEA7545919,92,4339465,0.25
1773.35344,1773,Mycobacterium tuberculosis,SAMEA7545921,122,4308700,0.50
1773.35350,1773,Mycobacterium tuberculosis,SAMEA7545924,116,4343432,0.25
1773.35346,1773,Mycobacterium tuberculosis,SAMEA7545926,103,4325394,1.00
1773.35349,1773,Mycobacterium tuberculosis,SAMEA7545927,113,4309338,0.50
1773.35352,1773,Mycobacterium tuberculosis,SAMEA7545928,120,4311063,0.50
1773.35351,1773,Mycobacterium tuberculosis,SAMEA7545929,97,4318777,0.50
1773.35355,1773,Mycobacterium tuberculosis,SAMEA7545932,97,4313985,0.12
1773.35356,1773,Mycobacterium tuberculosis,SAMEA7545934,99,4329087,0.25
1773.35359,1773,Mycobacterium tuberculosis,SAMEA7545935,126,4338267,0.25
1773.35360,1773,Mycobacterium tuberculosis,SAMEA7545938,80,4348928,0.50
1773.35362,1773,Mycobacterium tuberculosis,SAMEA7545940,108,4318035,0.50
1773.35363,1773,Mycobacterium tuberculosis,SAMEA7545941,90,4344472,0.50
1773.35364,1773,Mycobacterium tuberculosis,SAMEA7545942,106,4309473,0.50
1773.35366,1773,Mycobacterium tuberculosis,SAMEA7545943,121,4351001,0.25
1773.35365,1773,Mycobacterium tuberculosis,SAMEA7545944,95,4343077,0.50
1773.35367,1773,Mycobacterium tuberculosis,SAMEA7545945,86,4336798,0.50
1773.35371,1773,Mycobacterium tuberculosis,SAMEA7545951,105,4327707,0.50
1773.35372,1773,Mycobacterium tuberculosis,SAMEA7545952,96,4366342,0.25
1773.35376,1773,Mycobacterium tuberculosis,SAMEA7545955,98,4355449,0.12
1773.35377,1773,Mycobacterium tuberculosis,SAMEA7545956,114,4323934,0.12
1773.35378,1773,Mycobacterium tuberculosis,SAMEA7545958,117,4316132,0.25
1773.35379,1773,Mycobacterium tuberculosis,SAMEA7545961,102,4347360,0.25
1773.35381,1773,Mycobacterium tuberculosis,SAMEA7545962,103,4337409,0.12
1773.35382,1773,Mycobacterium tuberculosis,SAMEA7545963,119,4339032,0.50
1773.35383,1773,Mycobacterium tuberculosis,SAMEA7545965,112,4342266,0.25
1773.35384,1773,Mycobacterium tuberculosis,SAMEA7545966,130,4282545,0.12
1773.35385,1773,Mycobacterium tuberculosis,SAMEA7545968,73,4331928,0.50
1773.35388,1773,Mycobacterium tuberculosis,SAMEA7545970,109,4350389,0.50
1773.35387,1773,Mycobacterium tuberculosis,SAMEA7545971,88,4346194,1.00
1773.35390,1773,Mycobacterium tuberculosis,SAMEA7545972,95,4335052,0.50
1773.35389,1773,Mycobacterium tuberculosis,SAMEA7545974,99,4312171,0.50
1773.35392,1773,Mycobacterium tuberculosis,SAMEA7545975,81,4343268,0.50
1773.35393,1773,Mycobacterium tuberculosis,SAMEA7545976,119,4339687,0.25
1773.35394,1773,Mycobacterium tuberculosis,SAMEA7545977,98,4342695,0.50
1773.35396,1773,Mycobacterium tuberculosis,SAMEA7545980,92,4342868,0.50
1773.35400,1773,Mycobacterium tuberculosis,SAMEA7545983,94,4346373,0.50
1773.35404,1773,Mycobacterium tuberculosis,SAMEA7545984,79,4349031,0.50
1773.35402,1773,Mycobacterium tuberculosis,SAMEA7545985,100,4336165,0.50
1773.35403,1773,Mycobacterium tuberculosis,SAMEA7545986,92,4299411,0.50
1773.35405,1773,Mycobacterium tuberculosis,SAMEA7545988,117,4331068,0.50
1773.35407,1773,Mycobacterium tuberculosis,SAMEA7545990,91,4333067,0.50
1773.35408,1773,Mycobacterium tuberculosis,SAMEA7545991,116,4339049,0.50
1773.35411,1773,Mycobacterium tuberculosis,SAMEA7545993,96,4357747,0.25
1773.35412,1773,Mycobacterium tuberculosis,SAMEA7545999,79,4351702,0.50
1773.35492,1773,Mycobacterium tuberculosis,SAMEA7546000,112,4355021,0.50
1773.43220,1773,Mycobacterium tuberculosis,SAMEA7546003,89,4320822,0.50
1773.43215,1773,Mycobacterium tuberculosis,SAMEA7546004,102,4352988,0.50
1773.35419,1773,Mycobacterium tuberculosis,SAMEA7546006,120,4269514,0.50
1773.43216,1773,Mycobacterium tuberculosis,SAMEA7546007,83,4339717,0.50
1773.35420,1773,Mycobacterium tuberculosis,SAMEA7546010,114,4324163,0.25
1773.35415,1773,Mycobacterium tuberculosis,SAMEA7546011,109,4298525,0.50
1773.35416,1773,Mycobacterium tuberculosis,SAMEA7546012,100,4297805,0.50
1773.35423,1773,Mycobacterium tuberculosis,SAMEA7546016,106,4309213,0.50
1773.35425,1773,Mycobacterium tuberculosis,SAMEA7546017,118,4312778,0.50
1773.35428,1773,Mycobacterium tuberculosis,SAMEA7546019,93,4325244,0.50
1773.35427,1773,Mycobacterium tuberculosis,SAMEA7546020,100,4329779,0.12
1773.35429,1773,Mycobacterium tuberculosis,SAMEA7546021,98,4338544,0.50
1773.35433,1773,Mycobacterium tuberculosis,SAMEA7546023,116,4327675,0.50
1773.35432,1773,Mycobacterium tuberculosis,SAMEA7546024,127,4318422,0.50
1773.35431,1773,Mycobacterium tuberculosis,SAMEA7546025,100,4325759,0.25
1773.35430,1773,Mycobacterium tuberculosis,SAMEA7546026,107,4339861,0.12
1773.35435,1773,Mycobacterium tuberculosis,SAMEA7546027,113,4318666,0.25
1773.35434,1773,Mycobacterium tuberculosis,SAMEA7546028,98,4319341,1.00
1773.35439,1773,Mycobacterium tuberculosis,SAMEA7546030,109,4343171,0.50
1773.35446,1773,Mycobacterium tuberculosis,SAMEA7546038,105,4333518,0.25
1773.35455,1773,Mycobacterium tuberculosis,SAMEA7546040,127,4323056,0.50
1773.35454,1773,Mycobacterium tuberculosis,SAMEA7546041,84,4340060,0.50
1773.35450,1773,Mycobacterium tuberculosis,SAMEA7546053,94,4343949,0.50
1773.35457,1773,Mycobacterium tuberculosis,SAMEA7546055,106,4335734,0.50
1773.35461,1773,Mycobacterium tuberculosis,SAMEA7546060,118,4344400,0.50
1773.35464,1773,Mycobacterium tuberculosis,SAMEA7546063,76,4342059,1.00
1773.35463,1773,Mycobacterium tuberculosis,SAMEA7546064,92,4353630,1.00
1773.35465,1773,Mycobacterium tuberculosis,SAMEA7546065,102,4347803,0.50
1773.35466,1773,Mycobacterium tuberculosis,SAMEA7546066,85,4371610,0.50
1773.35467,1773,Mycobacterium tuberculosis,SAMEA7546067,125,4328962,0.50
1773.35468,1773,Mycobacterium tuberculosis,SAMEA7546068,110,4326132,0.50
1773.35469,1773,Mycobacterium tuberculosis,SAMEA7546069,145,4327481,0.50
1773.35470,1773,Mycobacterium tuberculosis,SAMEA7546070,115,4333406,0.50
1773.35471,1773,Mycobacterium tuberculosis,SAMEA7546071,88,4353924,0.25
1773.35473,1773,Mycobacterium tuberculosis,SAMEA7546072,80,4356488,1.00
1773.35472,1773,Mycobacterium tuberculosis,SAMEA7546073,103,4348313,0.50
1773.35476,1773,Mycobacterium tuberculosis,SAMEA7546074,101,4323801,0.50
1773.35477,1773,Mycobacterium tuberculosis,SAMEA7546076,97,4344761,0.50
1773.35483,1773,Mycobacterium tuberculosis,SAMEA7546079,84,4341105,0.50
1773.35482,1773,Mycobacterium tuberculosis,SAMEA7546081,108,4333734,0.50
1773.35480,1773,Mycobacterium tuberculosis,SAMEA7546082,89,4380954,0.50
1773.35484,1773,Mycobacterium tuberculosis,SAMEA7546086,108,4345482,0.50
1773.35486,1773,Mycobacterium tuberculosis,SAMEA7546087,106,4344845,0.25
1773.35487,1773,Mycobacterium tuberculosis,SAMEA7546089,95,4351171,0.50
1773.43228,1773,Mycobacterium tuberculosis,SAMEA7546090,118,4286184,0.50
1773.43231,1773,Mycobacterium tuberculosis,SAMEA7546094,99,4349184,0.50
1773.35491,1773,Mycobacterium tuberculosis,SAMEA7546095,93,4345492,0.50
1773.35493,1773,Mycobacterium tuberculosis,SAMEA7546096,69,4354579,1.00
1773.35495,1773,Mycobacterium tuberculosis,SAMEA7546097,121,4341487,1.00
1773.35498,1773,Mycobacterium tuberculosis,SAMEA7546101,74,4342733,0.50
1773.35499,1773,Mycobacterium tuberculosis,SAMEA7546102,108,4335322,0.50
1773.35500,1773,Mycobacterium tuberculosis,SAMEA7546103,81,4348920,0.50
1773.35502,1773,Mycobacterium tuberculosis,SAMEA7546106,108,4328271,0.50
1773.35504,1773,Mycobacterium tuberculosis,SAMEA7546107,94,4345045,0.50
1773.35505,1773,Mycobacterium tuberculosis,SAMEA7546108,114,4292527,0.50
1773.35506,1773,Mycobacterium tuberculosis,SAMEA7546109,78,4353901,1.00
1773.35509,1773,Mycobacterium tuberculosis,SAMEA7546112,79,4342143,0.50
1773.35508,1773,Mycobacterium tuberculosis,SAMEA7546113,85,4315545,0.50
1773.35513,1773,Mycobacterium tuberculosis,SAMEA7546114,88,4336667,0.50
1773.35516,1773,Mycobacterium tuberculosis,SAMEA7546118,194,4234179,1.00
1773.35515,1773,Mycobacterium tuberculosis,SAMEA7546119,284,4209690,1.00
1773.35512,1773,Mycobacterium tuberculosis,SAMEA7546121,410,4137704,0.50
1773.35511,1773,Mycobacterium tuberculosis,SAMEA7546123,301,4191639,0.25
1773.35522,1773,Mycobacterium tuberculosis,SAMEA7546128,289,4217548,0.50
1773.35521,1773,Mycobacterium tuberculosis,SAMEA7546132,533,4039956,0.50
1773.35524,1773,Mycobacterium tuberculosis,SAMEA7546133,460,4077390,0.50
1773.35536,1773,Mycobacterium tuberculosis,SAMEA7546140,472,4082830,0.50
1773.35531,1773,Mycobacterium tuberculosis,SAMEA7546144,414,4124979,0.50
1773.35534,1773,Mycobacterium tuberculosis,SAMEA7546145,651,3923042,0.25
1773.35538,1773,Mycobacterium tuberculosis,SAMEA7546147,631,3882480,1.00
1773.35543,1773,Mycobacterium tuberculosis,SAMEA7546152,717,3772319,0.50
1773.35546,1773,Mycobacterium tuberculosis,SAMEA7546155,623,3955888,0.50
1773.43177,1773,Mycobacterium tuberculosis,SAMEA7546156,710,3823324,1.00
1773.35548,1773,Mycobacterium tuberculosis,SAMEA7546157,354,4155462,0.25
1773.35551,1773,Mycobacterium tuberculosis,SAMEA7546160,782,3586423,0.50
1773.35550,1773,Mycobacterium tuberculosis,SAMEA7546162,831,3520421,1.00
1773.35558,1773,Mycobacterium tuberculosis,SAMEA7546172,855,3549626,0.50
1773.35561,1773,Mycobacterium tuberculosis,SAMEA7546177,711,3814212,0.25
1773.35563,1773,Mycobacterium tuberculosis,SAMEA7546181,1028,3718886,0.50
1773.35570,1773,Mycobacterium tuberculosis,SAMEA7546187,618,3965725,0.25
1773.35569,1773,Mycobacterium tuberculosis,SAMEA7546188,645,3947862,0.50
1773.35568,1773,Mycobacterium tuberculosis,SAMEA7546190,220,4199037,0.50
1773.35574,1773,Mycobacterium tuberculosis,SAMEA7546193,728,3932280,0.50
1773.35575,1773,Mycobacterium tuberculosis,SAMEA7546195,755,3870945,1.00
1773.35577,1773,Mycobacterium tuberculosis,SAMEA7546196,742,3972530,1.00
1773.35579,1773,Mycobacterium tuberculosis,SAMEA7546199,245,4191081,0.50
1773.35581,1773,Mycobacterium tuberculosis,SAMEA7546203,655,4025508,1.00
1773.35583,1773,Mycobacterium tuberculosis,SAMEA7546204,459,4072856,0.50
1773.35580,1773,Mycobacterium tuberculosis,SAMEA7546205,325,4189026,0.50
1773.35587,1773,Mycobacterium tuberculosis,SAMEA7546207,147,4256794,0.50
1773.35585,1773,Mycobacterium tuberculosis,SAMEA7546208,184,4266847,0.50
1773.35586,1773,Mycobacterium tuberculosis,SAMEA7546210,206,4239433,0.50
1773.35592,1773,Mycobacterium tuberculosis,SAMEA7546212,242,4163217,0.50
1773.35590,1773,Mycobacterium tuberculosis,SAMEA7546213,237,4202725,0.50
1773.35588,1773,Mycobacterium tuberculosis,SAMEA7546214,91,4349233,0.50
1773.35589,1773,Mycobacterium tuberculosis,SAMEA7546215,82,4344968,0.50
1773.35597,1773,Mycobacterium tuberculosis,SAMEA7546218,80,4352023,1.00
1773.35596,1773,Mycobacterium tuberculosis,SAMEA7546219,78,4371667,0.25
1773.35595,1773,Mycobacterium tuberculosis,SAMEA7546220,88,4350037,1.00
1773.35594,1773,Mycobacterium tuberculosis,SAMEA7546221,106,4335231,0.50
1773.35593,1773,Mycobacterium tuberculosis,SAMEA7546223,117,4335483,1.00
1773.35599,1773,Mycobacterium tuberculosis,SAMEA7546224,94,4350970,0.50
1773.35598,1773,Mycobacterium tuberculosis,SAMEA7546226,88,4349553,1.00
1773.35602,1773,Mycobacterium tuberculosis,SAMEA7546228,100,4340284,0.50
1773.35603,1773,Mycobacterium tuberculosis,SAMEA7546230,81,4356960,1.00
1773.35604,1773,Mycobacterium tuberculosis,SAMEA7546231,96,4358485,1.00
1773.35606,1773,Mycobacterium tuberculosis,SAMEA7546234,81,4348295,0.50
1773.43169,1773,Mycobacterium tuberculosis,SAMEA7546235,79,4355855,0.12
1773.35605,1773,Mycobacterium tuberculosis,SAMEA7546236,117,4328867,0.50
1773.35607,1773,Mycobacterium tuberculosis,SAMEA7546237,98,4303595,0.50
1773.35610,1773,Mycobacterium tuberculosis,SAMEA7546238,88,4350365,0.12
1773.35614,1773,Mycobacterium tuberculosis,SAMEA7546242,103,4349538,1.00
1773.35612,1773,Mycobacterium tuberculosis,SAMEA7546243,108,4345931,1.00
1773.35617,1773,Mycobacterium tuberculosis,SAMEA7546245,125,4320883,0.50
1773.35618,1773,Mycobacterium tuberculosis,SAMEA7546246,72,4350875,0.50
1773.35615,1773,Mycobacterium tuberculosis,SAMEA7546247,86,4357774,1.00
1773.35619,1773,Mycobacterium tuberculosis,SAMEA7546248,89,4370590,0.25
1773.35616,1773,Mycobacterium tuberculosis,SAMEA7546250,86,4355913,1.00
1773.35622,1773,Mycobacterium tuberculosis,SAMEA7546257,88,4308061,0.25
1773.35623,1773,Mycobacterium tuberculosis,SAMEA7546258,81,4352865,0.50
1773.35625,1773,Mycobacterium tuberculosis,SAMEA7546259,136,4347002,0.50
1773.35624,1773,Mycobacterium tuberculosis,SAMEA7546261,94,4343868,1.00
1773.35632,1773,Mycobacterium tuberculosis,SAMEA7546265,118,4341687,0.50
1773.35627,1773,Mycobacterium tuberculosis,SAMEA7546270,104,4346550,0.50
1773.35626,1773,Mycobacterium tuberculosis,SAMEA7546271,123,4336448,0.50
1773.35630,1773,Mycobacterium tuberculosis,SAMEA7546272,138,4330500,0.50
1773.35628,1773,Mycobacterium tuberculosis,SAMEA7546275,101,4346440,0.25
1773.35629,1773,Mycobacterium tuberculosis,SAMEA7546276,205,4262527,0.50
1773.35641,1773,Mycobacterium tuberculosis,SAMEA7546280,94,4348828,0.50
1773.35636,1773,Mycobacterium tuberculosis,SAMEA7546286,128,4304987,0.50
1773.35637,1773,Mycobacterium tuberculosis,SAMEA7546287,124,4339812,0.50
1773.35643,1773,Mycobacterium tuberculosis,SAMEA7546290,114,4325759,0.50
1773.35644,1773,Mycobacterium tuberculosis,SAMEA7546293,175,4227570,0.25
1773.35646,1773,Mycobacterium tuberculosis,SAMEA7546294,236,4226704,0.50
1773.35645,1773,Mycobacterium tuberculosis,SAMEA7546295,157,4198452,0.50
1773.35649,1773,Mycobacterium tuberculosis,SAMEA7546297,138,4269207,0.25
1773.35647,1773,Mycobacterium tuberculosis,SAMEA7546299,284,4196726,0.50
1773.35648,1773,Mycobacterium tuberculosis,SAMEA7546303,202,4235801,0.50
1773.35650,1773,Mycobacterium tuberculosis,SAMEA7546307,680,3880090,0.25
1773.35652,1773,Mycobacterium tuberculosis,SAMEA7546308,1079,3718802,0.50
1773.35651,1773,Mycobacterium tuberculosis,SAMEA7546310,617,3923416,0.12
1773.35653,1773,Mycobacterium tuberculosis,SAMEA7546311,486,4055887,0.06
1773.35656,1773,Mycobacterium tuberculosis,SAMEA7546313,875,3948718,0.25
1773.35655,1773,Mycobacterium tuberculosis,SAMEA7546315,951,3567029,0.25
1773.35654,1773,Mycobacterium tuberculosis,SAMEA7546316,966,3278702,0.12
1773.35657,1773,Mycobacterium tuberculosis,SAMEA7546317,1340,3777237,0.25
1773.35658,1773,Mycobacterium tuberculosis,SAMEA7546318,1010,3783891,0.25
1773.35659,1773,Mycobacterium tuberculosis,SAMEA7546320,848,3667197,0.12
1773.35662,1773,Mycobacterium tuberculosis,SAMEA7546330,920,3682826,0.50
1773.35663,1773,Mycobacterium tuberculosis,SAMEA7546337,1137,3431528,0.25
1773.35666,1773,Mycobacterium tuberculosis,SAMEA7546346,903,3925281,0.25
1773.35665,1773,Mycobacterium tuberculosis,SAMEA7546348,1284,3627405,0.12
1773.35668,1773,Mycobacterium tuberculosis,SAMEA7546349,779,3654892,0.50
1773.35667,1773,Mycobacterium tuberculosis,SAMEA7546350,830,3976408,0.25
1773.35671,1773,Mycobacterium tuberculosis,SAMEA7546351,1359,3849313,0.25
1773.35669,1773,Mycobacterium tuberculosis,SAMEA7546352,1032,3881704,0.25
1773.35670,1773,Mycobacterium tuberculosis,SAMEA7546353,884,3466217,0.25
1773.35672,1773,Mycobacterium tuberculosis,SAMEA7546354,833,4012614,0.25
1773.35673,1773,Mycobacterium tuberculosis,SAMEA7546355,668,4114351,0.50
1773.35677,1773,Mycobacterium tuberculosis,SAMEA7546358,655,3896162,0.50
1773.35676,1773,Mycobacterium tuberculosis,SAMEA7546359,786,4040143,0.50
1773.35679,1773,Mycobacterium tuberculosis,SAMEA7546361,873,3966087,0.50
1773.35681,1773,Mycobacterium tuberculosis,SAMEA7546368,385,4156811,0.50
1773.35682,1773,Mycobacterium tuberculosis,SAMEA7546369,740,3830582,0.50
1773.35689,1773,Mycobacterium tuberculosis,SAMEA7546370,600,4027856,0.25
1773.35690,1773,Mycobacterium tuberculosis,SAMEA7546377,748,3774425,0.25
1773.35686,1773,Mycobacterium tuberculosis,SAMEA7546381,1337,3618436,0.50
1773.35687,1773,Mycobacterium tuberculosis,SAMEA7546382,1345,3622351,0.12
1773.35683,1773,Mycobacterium tuberculosis,SAMEA7546385,479,4017805,0.12
1773.35685,1773,Mycobacterium tuberculosis,SAMEA7546386,598,4129026,0.25
1773.35684,1773,Mycobacterium tuberculosis,SAMEA7546388,99,4339610,0.50
1773.35691,1773,Mycobacterium tuberculosis,SAMEA7546390,102,4336271,0.25
1773.35697,1773,Mycobacterium tuberculosis,SAMEA7546391,90,4347267,1.00
1773.35696,1773,Mycobacterium tuberculosis,SAMEA7546392,94,4333369,0.25
1773.35693,1773,Mycobacterium tuberculosis,SAMEA7546393,97,4338292,0.12
1773.35695,1773,Mycobacterium tuberculosis,SAMEA7546394,86,4351130,0.25
1773.35698,1773,Mycobacterium tuberculosis,SAMEA7546396,157,4315268,0.25
1773.35699,1773,Mycobacterium tuberculosis,SAMEA7546397,98,4342139,0.25
1773.35700,1773,Mycobacterium tuberculosis,SAMEA7546398,103,4325094,0.25
1773.35701,1773,Mycobacterium tuberculosis,SAMEA7546399,94,4346267,0.12
1773.35702,1773,Mycobacterium tuberculosis,SAMEA7546400,104,4286358,0.25
1773.35703,1773,Mycobacterium tuberculosis,SAMEA7546401,87,4305695,0.25
1773.35707,1773,Mycobacterium tuberculosis,SAMEA7546402,96,4345658,0.50
1773.35705,1773,Mycobacterium tuberculosis,SAMEA7546403,87,4350302,0.50
1773.35704,1773,Mycobacterium tuberculosis,SAMEA7546404,90,4349829,0.50
1773.35706,1773,Mycobacterium tuberculosis,SAMEA7546405,80,4355345,0.25
1773.35709,1773,Mycobacterium tuberculosis,SAMEA7546406,93,4337249,0.50
1773.35708,1773,Mycobacterium tuberculosis,SAMEA7546407,104,4345770,0.25
1773.35712,1773,Mycobacterium tuberculosis,SAMEA7546410,97,4343796,0.25
1773.35711,1773,Mycobacterium tuberculosis,SAMEA7546416,104,4343088,0.25
1773.35713,1773,Mycobacterium tuberculosis,SAMEA7546418,133,4326328,0.50
1773.35714,1773,Mycobacterium tuberculosis,SAMEA7546419,75,4274085,0.25
1773.35716,1773,Mycobacterium tuberculosis,SAMEA7546420,90,4305288,0.25
1773.35715,1773,Mycobacterium tuberculosis,SAMEA7546425,96,4338299,0.50
1773.35717,1773,Mycobacterium tuberculosis,SAMEA7546426,98,4290387,0.25
1773.35720,1773,Mycobacterium tuberculosis,SAMEA7546429,89,4345762,0.25
1773.35718,1773,Mycobacterium tuberculosis,SAMEA7546431,73,4354132,0.50
1773.35721,1773,Mycobacterium tuberculosis,SAMEA7546432,86,4348375,0.50
1773.35723,1773,Mycobacterium tuberculosis,SAMEA7546433,72,4358785,0.50
1773.35722,1773,Mycobacterium tuberculosis,SAMEA7546434,91,4345943,0.25
1773.35724,1773,Mycobacterium tuberculosis,SAMEA7546435,97,4345801,0.50
1773.35725,1773,Mycobacterium tuberculosis,SAMEA7546436,118,4336068,0.50
1773.35727,1773,Mycobacterium tuberculosis,SAMEA7546440,90,4357177,0.50
1773.35730,1773,Mycobacterium tuberculosis,SAMEA7546441,91,4343400,0.50
1773.35738,1773,Mycobacterium tuberculosis,SAMEA7546443,96,4349708,0.50
1773.35729,1773,Mycobacterium tuberculosis,SAMEA7546446,84,4358430,0.50
1773.35741,1773,Mycobacterium tuberculosis,SAMEA7546450,127,4340095,0.50
1773.35734,1773,Mycobacterium tuberculosis,SAMEA7546451,88,4350862,0.50
1773.35735,1773,Mycobacterium tuberculosis,SAMEA7546452,100,4324707,0.12
1773.35733,1773,Mycobacterium tuberculosis,SAMEA7546455,98,4325521,0.12
1773.35739,1773,Mycobacterium tuberculosis,SAMEA7546456,119,4317687,0.50
1773.35743,1773,Mycobacterium tuberculosis,SAMEA7546457,91,4318851,0.12
1773.35744,1773,Mycobacterium tuberculosis,SAMEA7546459,86,4334329,0.25
1773.35745,1773,Mycobacterium tuberculosis,SAMEA7546460,124,4291395,0.12
1773.35764,1773,Mycobacterium tuberculosis,SAMEA7546461,79,4366058,0.06
1773.35747,1773,Mycobacterium tuberculosis,SAMEA7546463,84,4338598,0.12
1773.35748,1773,Mycobacterium tuberculosis,SAMEA7546464,98,4334686,0.50
1773.35749,1773,Mycobacterium tuberculosis,SAMEA7546465,101,4333345,0.12
1773.35753,1773,Mycobacterium tuberculosis,SAMEA7546466,90,4367656,0.50
1773.35750,1773,Mycobacterium tuberculosis,SAMEA7546469,87,4344513,0.12
1773.35751,1773,Mycobacterium tuberculosis,SAMEA7546470,97,4365635,0.25
1773.35755,1773,Mycobacterium tuberculosis,SAMEA7546471,103,4291754,0.06
1773.35807,1773,Mycobacterium tuberculosis,SAMEA7546472,118,4321970,0.50
1773.35754,1773,Mycobacterium tuberculosis,SAMEA7546476,197,4237275,0.50
1773.35758,1773,Mycobacterium tuberculosis,SAMEA7546477,172,4252844,0.50
1773.35763,1773,Mycobacterium tuberculosis,SAMEA7546478,122,4285570,0.50
1773.35761,1773,Mycobacterium tuberculosis,SAMEA7546480,134,4290257,0.50
1773.35762,1773,Mycobacterium tuberculosis,SAMEA7546481,112,4314839,0.25
1773.35760,1773,Mycobacterium tuberculosis,SAMEA7546482,237,4216389,0.25
1773.35759,1773,Mycobacterium tuberculosis,SAMEA7546483,326,4155964,0.12
1773.35757,1773,Mycobacterium tuberculosis,SAMEA7546485,180,4258032,0.25
1773.35765,1773,Mycobacterium tuberculosis,SAMEA7546487,169,4262895,0.25
1773.43192,1773,Mycobacterium tuberculosis,SAMEA7546488,140,4259461,0.12
1773.35766,1773,Mycobacterium tuberculosis,SAMEA7546490,416,4159148,0.25
1773.35767,1773,Mycobacterium tuberculosis,SAMEA7546491,374,4147612,0.25
1773.35768,1773,Mycobacterium tuberculosis,SAMEA7546492,224,4234650,0.12
1773.35769,1773,Mycobacterium tuberculosis,SAMEA7546493,275,4203941,0.25
1773.35770,1773,Mycobacterium tuberculosis,SAMEA7546494,402,4169923,0.25
1773.35771,1773,Mycobacterium tuberculosis,SAMEA7546496,278,4205740,0.25
1773.35772,1773,Mycobacterium tuberculosis,SAMEA7546497,151,4265013,0.50
1773.35776,1773,Mycobacterium tuberculosis,SAMEA7546498,937,3466852,0.25
1773.35784,1773,Mycobacterium tuberculosis,SAMEA7546508,872,3701271,0.25
1773.35783,1773,Mycobacterium tuberculosis,SAMEA7546509,1040,3507980,0.50
1773.35782,1773,Mycobacterium tuberculosis,SAMEA7546512,1209,3785386,0.12
1773.35780,1773,Mycobacterium tuberculosis,SAMEA7546519,681,3903582,0.25
1773.35786,1773,Mycobacterium tuberculosis,SAMEA7546525,1371,3870508,0.50
1773.35787,1773,Mycobacterium tuberculosis,SAMEA7546526,986,3350922,0.25
1773.35789,1773,Mycobacterium tuberculosis,SAMEA7546527,902,3676692,0.50
1773.35790,1773,Mycobacterium tuberculosis,SAMEA7546529,583,4109175,0.50
1773.35792,1773,Mycobacterium tuberculosis,SAMEA7546530,1093,3892492,0.50
1773.35793,1773,Mycobacterium tuberculosis,SAMEA7546531,746,3880574,0.25
1773.35791,1773,Mycobacterium tuberculosis,SAMEA7546532,707,4040767,0.50
1773.35795,1773,Mycobacterium tuberculosis,SAMEA7546533,577,4031451,0.50
1773.35794,1773,Mycobacterium tuberculosis,SAMEA7546534,800,3745905,1.00
1773.35797,1773,Mycobacterium tuberculosis,SAMEA7546535,843,4031822,0.12
1773.35799,1773,Mycobacterium tuberculosis,SAMEA7546536,714,4043819,0.25
1773.35798,1773,Mycobacterium tuberculosis,SAMEA7546538,230,4199225,0.50
1773.35801,1773,Mycobacterium tuberculosis,SAMEA7546541,953,3532631,0.25
1773.35802,1773,Mycobacterium tuberculosis,SAMEA7546542,237,4223048,0.50
1773.35803,1773,Mycobacterium tuberculosis,SAMEA7546543,259,4216775,0.25
1773.35805,1773,Mycobacterium tuberculosis,SAMEA7546544,399,4119756,0.50
1773.35804,1773,Mycobacterium tuberculosis,SAMEA7546545,361,4127255,0.25
1773.35806,1773,Mycobacterium tuberculosis,SAMEA7546547,599,4100679,0.12
1773.35808,1773,Mycobacterium tuberculosis,SAMEA7546549,277,4199928,0.50
1773.35809,1773,Mycobacterium tuberculosis,SAMEA7546550,174,4243720,0.50
1773.35810,1773,Mycobacterium tuberculosis,SAMEA7546551,196,4204941,0.25
1773.35811,1773,Mycobacterium tuberculosis,SAMEA7546552,538,4046476,0.25
1773.35812,1773,Mycobacterium tuberculosis,SAMEA7546553,241,4183722,0.50
1773.43187,1773,Mycobacterium tuberculosis,SAMEA7546557,1050,3825911,0.25
1773.35817,1773,Mycobacterium tuberculosis,SAMEA7546558,862,3696832,0.50
1773.43186,1773,Mycobacterium tuberculosis,SAMEA7546559,578,3995684,0.50
1773.35814,1773,Mycobacterium tuberculosis,SAMEA7546560,459,4095925,1.00
1773.35815,1773,Mycobacterium tuberculosis,SAMEA7546561,334,4115921,0.25
1773.35818,1773,Mycobacterium tuberculosis,SAMEA7546565,1328,3587824,0.12
1773.35821,1773,Mycobacterium tuberculosis,SAMEA7546566,795,3959371,0.25
1773.35822,1773,Mycobacterium tuberculosis,SAMEA7546571,119,4329087,0.25
1773.35825,1773,Mycobacterium tuberculosis,SAMEA7546572,94,4343317,0.25
1773.35826,1773,Mycobacterium tuberculosis,SAMEA7546574,102,4325319,0.12
1773.35827,1773,Mycobacterium tuberculosis,SAMEA7546575,101,4320214,0.50
1773.35829,1773,Mycobacterium tuberculosis,SAMEA7546577,121,4284983,0.50
1773.35831,1773,Mycobacterium tuberculosis,SAMEA7546578,88,4335685,0.25
1773.35830,1773,Mycobacterium tuberculosis,SAMEA7546579,95,4326878,0.25
1773.35832,1773,Mycobacterium tuberculosis,SAMEA7546580,86,4348304,0.25
1773.35834,1773,Mycobacterium tuberculosis,SAMEA7546581,109,4333495,0.50
1773.35835,1773,Mycobacterium tuberculosis,SAMEA7546583,117,4323933,0.25
1773.35837,1773,Mycobacterium tuberculosis,SAMEA7546584,93,4329219,0.25
1773.43188,1773,Mycobacterium tuberculosis,SAMEA7546585,115,4324765,0.25
1773.35839,1773,Mycobacterium tuberculosis,SAMEA7546587,83,4339758,0.12
1773.43189,1773,Mycobacterium tuberculosis,SAMEA7546589,98,4358952,0.25
1773.35840,1773,Mycobacterium tuberculosis,SAMEA7546590,109,4347518,0.25
1773.35842,1773,Mycobacterium tuberculosis,SAMEA7546591,95,4338736,0.25
1773.35843,1773,Mycobacterium tuberculosis,SAMEA7546592,107,4335390,0.25
1773.35844,1773,Mycobacterium tuberculosis,SAMEA7546593,88,4345441,0.25
1773.35846,1773,Mycobacterium tuberculosis,SAMEA7546594,87,4350127,0.25
1773.35848,1773,Mycobacterium tuberculosis,SAMEA7546595,81,4337977,0.50
1773.35847,1773,Mycobacterium tuberculosis,SAMEA7546597,103,4346430,0.50
1773.35855,1773,Mycobacterium tuberculosis,SAMEA7546598,110,4341062,0.50
1773.35853,1773,Mycobacterium tuberculosis,SAMEA7546605,118,4331999,0.12
1773.35850,1773,Mycobacterium tuberculosis,SAMEA7546606,98,4347702,0.12
1773.35849,1773,Mycobacterium tuberculosis,SAMEA7546607,101,4345283,0.12
1773.35854,1773,Mycobacterium tuberculosis,SAMEA7546609,88,4336075,0.50
1773.35859,1773,Mycobacterium tuberculosis,SAMEA7546614,86,4353471,0.25
1773.35864,1773,Mycobacterium tuberculosis,SAMEA7546615,100,4333658,0.25
1773.35863,1773,Mycobacterium tuberculosis,SAMEA7546616,97,4343167,0.12
1773.35860,1773,Mycobacterium tuberculosis,SAMEA7546617,92,4343566,0.12
1773.35861,1773,Mycobacterium tuberculosis,SAMEA7546618,97,4343496,0.25
1773.35857,1773,Mycobacterium tuberculosis,SAMEA7546619,91,4338100,0.12
1773.35862,1773,Mycobacterium tuberculosis,SAMEA7546660,139,4331659,0.25
1773.35868,1773,Mycobacterium tuberculosis,SAMEA7546664,94,4345133,0.12
1773.35867,1773,Mycobacterium tuberculosis,SAMEA7546665,91,4342788,0.12
1773.35866,1773,Mycobacterium tuberculosis,SAMEA7546667,97,4339553,0.25
1773.35865,1773,Mycobacterium tuberculosis,SAMEA7546668,95,4345232,1.00
1773.35869,1773,Mycobacterium tuberculosis,SAMEA7546671,102,4350377,0.50
1773.35871,1773,Mycobacterium tuberculosis,SAMEA7546674,88,4345755,0.25
1773.35877,1773,Mycobacterium tuberculosis,SAMEA7546678,109,4337364,0.12
1773.35875,1773,Mycobacterium tuberculosis,SAMEA7546679,94,4353120,0.12
1773.35873,1773,Mycobacterium tuberculosis,SAMEA7546680,107,4337625,0.12
1773.35876,1773,Mycobacterium tuberculosis,SAMEA7546683,98,4330052,0.12
1773.35878,1773,Mycobacterium tuberculosis,SAMEA7546687,105,4338243,0.25
1773.35880,1773,Mycobacterium tuberculosis,SAMEA7546690,86,4349584,0.12
1773.43190,1773,Mycobacterium tuberculosis,SAMEA7546691,99,4340540,0.06
1773.35882,1773,Mycobacterium tuberculosis,SAMEA7546694,88,4347349,0.06
1773.35883,1773,Mycobacterium tuberculosis,SAMEA7546696,93,4351403,0.12
1773.35887,1773,Mycobacterium tuberculosis,SAMEA7546700,75,4308331,0.25
1773.35888,1773,Mycobacterium tuberculosis,SAMEA7546702,88,4357112,0.12
1773.35892,1773,Mycobacterium tuberculosis,SAMEA7546706,87,4346936,0.25
1773.35893,1773,Mycobacterium tuberculosis,SAMEA7546710,84,4350379,0.50
1773.35886,1773,Mycobacterium tuberculosis,SAMEA7546711,82,4372458,0.12
1773.35884,1773,Mycobacterium tuberculosis,SAMEA7546712,121,4338091,0.12
1773.35885,1773,Mycobacterium tuberculosis,SAMEA7546713,86,4354423,0.50
1773.35894,1773,Mycobacterium tuberculosis,SAMEA7546714,96,4349439,0.12
1773.35895,1773,Mycobacterium tuberculosis,SAMEA7546716,88,4348727,0.06
1773.35896,1773,Mycobacterium tuberculosis,SAMEA7546717,87,4340835,0.50
1773.35897,1773,Mycobacterium tuberculosis,SAMEA7546718,80,4368115,0.12
1773.35902,1773,Mycobacterium tuberculosis,SAMEA7546719,108,4347351,0.12
1773.35901,1773,Mycobacterium tuberculosis,SAMEA7546721,84,4352423,0.25
1773.35903,1773,Mycobacterium tuberculosis,SAMEA7546729,107,4294754,0.50
1773.35900,1773,Mycobacterium tuberculosis,SAMEA7546730,132,4304528,0.25
1773.43206,1773,Mycobacterium tuberculosis,SAMEA7546733,128,4287763,0.25
1773.35910,1773,Mycobacterium tuberculosis,SAMEA7546737,102,4322604,0.25
1773.35908,1773,Mycobacterium tuberculosis,SAMEA7546738,112,4325229,0.12
1773.35904,1773,Mycobacterium tuberculosis,SAMEA7546739,182,4283989,0.25
1773.35912,1773,Mycobacterium tuberculosis,SAMEA7546743,118,4326972,0.50
1773.35913,1773,Mycobacterium tuberculosis,SAMEA7546744,101,4324872,0.50
1773.35911,1773,Mycobacterium tuberculosis,SAMEA7546745,125,4298958,0.25
1773.35915,1773,Mycobacterium tuberculosis,SAMEA7546747,120,4299381,0.25
1773.35918,1773,Mycobacterium tuberculosis,SAMEA7546748,107,4232067,0.50
1773.35917,1773,Mycobacterium tuberculosis,SAMEA7546749,156,4285903,1.00
1773.35919,1773,Mycobacterium tuberculosis,SAMEA7546751,121,4313070,0.50
1773.35920,1773,Mycobacterium tuberculosis,SAMEA7546752,125,4310582,0.50
1773.35927,1773,Mycobacterium tuberculosis,SAMEA7546753,133,4323139,0.50
1773.35925,1773,Mycobacterium tuberculosis,SAMEA7546755,105,4305223,0.50
1773.35926,1773,Mycobacterium tuberculosis,SAMEA7546757,110,4303098,0.50
1773.35924,1773,Mycobacterium tuberculosis,SAMEA7546758,123,4327747,0.50
1773.35921,1773,Mycobacterium tuberculosis,SAMEA7546759,95,4340162,0.50
1773.43226,1773,Mycobacterium tuberculosis,SAMEA7546765,118,4300585,0.50
1773.35930,1773,Mycobacterium tuberculosis,SAMEA7546766,106,4333805,0.50
1773.35932,1773,Mycobacterium tuberculosis,SAMEA7546767,121,4306128,0.50
1773.35935,1773,Mycobacterium tuberculosis,SAMEA7546771,97,4329316,0.50
1773.35934,1773,Mycobacterium tuberculosis,SAMEA7546773,119,4305148,0.50
1773.35939,1773,Mycobacterium tuberculosis,SAMEA7546776,104,4309469,0.50
1773.35938,1773,Mycobacterium tuberculosis,SAMEA7546777,93,4324093,0.50
1773.35941,1773,Mycobacterium tuberculosis,SAMEA7546780,103,4318966,0.50
1773.35944,1773,Mycobacterium tuberculosis,SAMEA7546784,101,4327894,1.00
1773.35948,1773,Mycobacterium tuberculosis,SAMEA7546786,96,4265255,0.50
1773.35950,1773,Mycobacterium tuberculosis,SAMEA7546789,108,4320112,0.50
1773.35951,1773,Mycobacterium tuberculosis,SAMEA7546791,111,4309487,0.25
1773.35956,1773,Mycobacterium tuberculosis,SAMEA7546793,250,4217662,0.25
1773.35955,1773,Mycobacterium tuberculosis,SAMEA7546795,390,4180233,0.25
1773.35957,1773,Mycobacterium tuberculosis,SAMEA7546796,272,4139445,0.25
1773.35953,1773,Mycobacterium tuberculosis,SAMEA7546797,235,4225341,0.12
1773.35954,1773,Mycobacterium tuberculosis,SAMEA7546800,844,3998340,0.12
1773.43185,1773,Mycobacterium tuberculosis,SAMEA7546802,192,4206028,0.06
1773.35958,1773,Mycobacterium tuberculosis,SAMEA7546804,207,4235265,0.12
1773.35960,1773,Mycobacterium tuberculosis,SAMEA7546805,306,4184031,0.25
1773.35959,1773,Mycobacterium tuberculosis,SAMEA7546806,209,4223533,0.25
1773.35961,1773,Mycobacterium tuberculosis,SAMEA7546807,282,4160749,0.12
1773.35963,1773,Mycobacterium tuberculosis,SAMEA7546809,912,3590029,0.12
1773.35966,1773,Mycobacterium tuberculosis,SAMEA7546815,181,4248164,0.50
1773.35964,1773,Mycobacterium tuberculosis,SAMEA7546816,940,3612022,0.50
1773.35971,1773,Mycobacterium tuberculosis,SAMEA7546821,767,3848888,0.06
1773.35970,1773,Mycobacterium tuberculosis,SAMEA7546822,603,4027001,0.25
1773.35972,1773,Mycobacterium tuberculosis,SAMEA7546828,1296,3815967,0.25
1773.35973,1773,Mycobacterium tuberculosis,SAMEA7546829,805,3816327,0.50
1773.35976,1773,Mycobacterium tuberculosis,SAMEA7546830,686,3880664,0.50
1773.35975,1773,Mycobacterium tuberculosis,SAMEA7546831,396,4151797,0.50
1773.35980,1773,Mycobacterium tuberculosis,SAMEA7546834,933,3514755,0.25
1773.35977,1773,Mycobacterium tuberculosis,SAMEA7546835,962,3514752,0.50
1773.35982,1773,Mycobacterium tuberculosis,SAMEA7546840,970,3311177,0.12
1773.35985,1773,Mycobacterium tuberculosis,SAMEA7546844,930,3544484,0.12
1773.35988,1773,Mycobacterium tuberculosis,SAMEA7546845,1204,3945246,0.25
1773.35983,1773,Mycobacterium tuberculosis,SAMEA7546847,208,4219160,0.50
1773.35984,1773,Mycobacterium tuberculosis,SAMEA7546848,882,3762875,0.50
1773.35989,1773,Mycobacterium tuberculosis,SAMEA7546849,795,3756113,0.12
1773.35991,1773,Mycobacterium tuberculosis,SAMEA7546850,1251,3815685,1.00
1773.35990,1773,Mycobacterium tuberculosis,SAMEA7546851,694,3908463,0.25
1773.35993,1773,Mycobacterium tuberculosis,SAMEA7546852,884,3560995,0.12
1773.35992,1773,Mycobacterium tuberculosis,SAMEA7546853,945,3915206,0.50
1773.35994,1773,Mycobacterium tuberculosis,SAMEA7546854,631,4097617,0.25
1773.35995,1773,Mycobacterium tuberculosis,SAMEA7546855,287,4227831,0.25
1773.35996,1773,Mycobacterium tuberculosis,SAMEA7546857,1185,3924646,0.50
1773.35997,1773,Mycobacterium tuberculosis,SAMEA7546858,867,4080459,0.25
1773.35999,1773,Mycobacterium tuberculosis,SAMEA7546860,973,4046066,0.50
1773.36002,1773,Mycobacterium tuberculosis,SAMEA7546863,351,4122097,0.50
1773.36003,1773,Mycobacterium tuberculosis,SAMEA7546864,1374,3684252,0.25
1773.36005,1773,Mycobacterium tuberculosis,SAMEA7546865,1222,3785012,0.25
1773.36004,1773,Mycobacterium tuberculosis,SAMEA7546866,954,3974114,0.25
1773.36011,1773,Mycobacterium tuberculosis,SAMEA7546867,468,4144427,0.50
1773.36009,1773,Mycobacterium tuberculosis,SAMEA7546868,939,3992238,0.50
1773.36010,1773,Mycobacterium tuberculosis,SAMEA7546869,572,4117941,0.25
1773.36006,1773,Mycobacterium tuberculosis,SAMEA7546870,333,4128722,0.25
1773.36007,1773,Mycobacterium tuberculosis,SAMEA7546872,996,3935016,0.50
1773.36026,1773,Mycobacterium tuberculosis,SAMEA7546875,758,4121381,0.50
1773.36025,1773,Mycobacterium tuberculosis,SAMEA7546877,310,4184741,0.25
1773.36024,1773,Mycobacterium tuberculosis,SAMEA7546878,176,4268080,0.25
1773.36015,1773,Mycobacterium tuberculosis,SAMEA7546879,212,4252395,0.25
1773.36018,1773,Mycobacterium tuberculosis,SAMEA7546880,671,3962637,0.50
1773.36022,1773,Mycobacterium tuberculosis,SAMEA7546881,655,3931545,0.25
1773.36021,1773,Mycobacterium tuberculosis,SAMEA7546883,382,4149477,0.50
1773.36013,1773,Mycobacterium tuberculosis,SAMEA7546885,275,4180787,0.50
1773.36020,1773,Mycobacterium tuberculosis,SAMEA7546886,230,4222621,0.25
1773.36029,1773,Mycobacterium tuberculosis,SAMEA7546893,95,4334990,0.50
1773.36028,1773,Mycobacterium tuberculosis,SAMEA7546894,104,4333329,0.50
1773.36030,1773,Mycobacterium tuberculosis,SAMEA7546895,111,4337866,0.50
1773.36031,1773,Mycobacterium tuberculosis,SAMEA7546896,86,4361152,0.50
1773.36032,1773,Mycobacterium tuberculosis,SAMEA7546897,94,4347260,0.50
1773.36033,1773,Mycobacterium tuberculosis,SAMEA7546898,99,4353463,0.50
1773.36036,1773,Mycobacterium tuberculosis,SAMEA7546899,89,4325733,0.50
1773.36034,1773,Mycobacterium tuberculosis,SAMEA7546900,95,4349104,1.00
1773.36035,1773,Mycobacterium tuberculosis,SAMEA7546901,107,4327517,0.50
1773.36037,1773,Mycobacterium tuberculosis,SAMEA7546902,94,4342371,0.25
1773.36038,1773,Mycobacterium tuberculosis,SAMEA7546903,112,4339478,0.50
1773.36040,1773,Mycobacterium tuberculosis,SAMEA7546905,107,4331537,0.50
1773.36039,1773,Mycobacterium tuberculosis,SAMEA7546906,85,4348598,0.50
1773.36042,1773,Mycobacterium tuberculosis,SAMEA7546907,106,4337233,0.25
1773.36045,1773,Mycobacterium tuberculosis,SAMEA7546908,91,4346479,0.50
1773.36043,1773,Mycobacterium tuberculosis,SAMEA7546909,92,4345766,0.50
1773.36044,1773,Mycobacterium tuberculosis,SAMEA7546910,89,4347645,0.25
1773.36056,1773,Mycobacterium tuberculosis,SAMEA7546911,92,4344738,0.25
1773.36051,1773,Mycobacterium tuberculosis,SAMEA7546912,110,4334169,0.12
1773.36050,1773,Mycobacterium tuberculosis,SAMEA7546913,93,4308590,0.12
1773.36058,1773,Mycobacterium tuberculosis,SAMEA7546914,99,4333348,0.25
1773.36057,1773,Mycobacterium tuberculosis,SAMEA7546917,116,4324759,0.25
1773.36046,1773,Mycobacterium tuberculosis,SAMEA7546919,88,4332331,0.25
1773.36047,1773,Mycobacterium tuberculosis,SAMEA7546920,92,4340702,0.50
1773.36048,1773,Mycobacterium tuberculosis,SAMEA7546922,90,4353131,0.50
1773.36049,1773,Mycobacterium tuberculosis,SAMEA7546923,84,4305212,0.50
1773.36052,1773,Mycobacterium tuberculosis,SAMEA7546924,73,4359218,0.50
1773.36054,1773,Mycobacterium tuberculosis,SAMEA7546925,86,4349117,0.50
1773.36060,1773,Mycobacterium tuberculosis,SAMEA7546927,92,4344350,0.50
1773.36064,1773,Mycobacterium tuberculosis,SAMEA7546931,84,4351469,0.50
1773.36066,1773,Mycobacterium tuberculosis,SAMEA7546932,91,4368936,0.25
1773.36065,1773,Mycobacterium tuberculosis,SAMEA7546933,81,4352172,0.50
1773.36067,1773,Mycobacterium tuberculosis,SAMEA7546934,102,4341148,0.50
1773.36068,1773,Mycobacterium tuberculosis,SAMEA7546935,103,4342526,0.25
1773.36070,1773,Mycobacterium tuberculosis,SAMEA7546937,96,4362089,0.50
1773.36078,1773,Mycobacterium tuberculosis,SAMEA7546942,88,4346270,0.50
1773.36079,1773,Mycobacterium tuberculosis,SAMEA7546943,98,4312634,0.25
1773.36077,1773,Mycobacterium tuberculosis,SAMEA7546945,87,4349656,0.50
1773.36076,1773,Mycobacterium tuberculosis,SAMEA7546946,109,4343272,0.50
1773.36075,1773,Mycobacterium tuberculosis,SAMEA7546947,83,4348579,1.00
1773.36081,1773,Mycobacterium tuberculosis,SAMEA7546948,91,4353097,1.00
1773.36087,1773,Mycobacterium tuberculosis,SAMEA7546950,93,4342200,0.12
1773.36086,1773,Mycobacterium tuberculosis,SAMEA7546951,82,4355483,0.25
1773.36083,1773,Mycobacterium tuberculosis,SAMEA7546952,86,4368098,0.25
1773.36085,1773,Mycobacterium tuberculosis,SAMEA7546954,85,4353562,0.25
1773.36082,1773,Mycobacterium tuberculosis,SAMEA7546955,78,4304673,0.25
1773.36088,1773,Mycobacterium tuberculosis,SAMEA7546957,89,4353282,0.25
1773.36090,1773,Mycobacterium tuberculosis,SAMEA7546960,88,4349039,0.50
1773.36094,1773,Mycobacterium tuberculosis,SAMEA7546963,102,4353210,0.50
1773.36093,1773,Mycobacterium tuberculosis,SAMEA7546964,91,4346217,0.50
1773.36096,1773,Mycobacterium tuberculosis,SAMEA7546966,108,4324767,0.50
1773.36097,1773,Mycobacterium tuberculosis,SAMEA7546967,103,4343623,0.50
1773.36099,1773,Mycobacterium tuberculosis,SAMEA7546969,85,4358355,1.00
1773.36098,1773,Mycobacterium tuberculosis,SAMEA7546971,108,4342221,0.25
1773.36100,1773,Mycobacterium tuberculosis,SAMEA7546972,85,4345614,0.50
1773.36101,1773,Mycobacterium tuberculosis,SAMEA7546973,107,4351215,0.50
1773.43183,1773,Mycobacterium tuberculosis,SAMEA7546974,101,4340736,0.50
1773.36106,1773,Mycobacterium tuberculosis,SAMEA7546975,96,4297991,0.25
1773.36108,1773,Mycobacterium tuberculosis,SAMEA7546981,91,4344330,0.50
1773.36109,1773,Mycobacterium tuberculosis,SAMEA7546982,96,4339929,1.00
1773.36111,1773,Mycobacterium tuberculosis,SAMEA7546984,1370,3622557,0.50
1773.36116,1773,Mycobacterium tuberculosis,SAMEA7546989,832,4067693,0.12
1773.36115,1773,Mycobacterium tuberculosis,SAMEA7546991,1406,3332489,0.50
1773.36118,1773,Mycobacterium tuberculosis,SAMEA7546997,943,3983695,0.25
1773.36120,1773,Mycobacterium tuberculosis,SAMEA7547004,1287,3779543,0.25
1773.36121,1773,Mycobacterium tuberculosis,SAMEA7547005,876,4077534,0.50
1773.36123,1773,Mycobacterium tuberculosis,SAMEA7547009,1246,3688040,0.50
1773.36122,1773,Mycobacterium tuberculosis,SAMEA7547012,1063,3991906,0.50
1773.36124,1773,Mycobacterium tuberculosis,SAMEA7547015,1180,3676255,0.50
1773.36126,1773,Mycobacterium tuberculosis,SAMEA7547019,1105,3968730,0.50
1773.43173,1773,Mycobacterium tuberculosis,SAMEA7547026,1096,3403520,1.00
1773.43175,1773,Mycobacterium tuberculosis,SAMEA7547029,873,3688511,0.50
1773.36131,1773,Mycobacterium tuberculosis,SAMEA7547032,1258,3668957,0.50
1773.36133,1773,Mycobacterium tuberculosis,SAMEA7547034,1211,3935705,0.50
1773.36144,1773,Mycobacterium tuberculosis,SAMEA7547046,777,4096287,0.50
1773.36143,1773,Mycobacterium tuberculosis,SAMEA7547047,689,4104715,0.50
1773.43178,1773,Mycobacterium tuberculosis,SAMEA7547048,832,4093203,0.50
1773.36146,1773,Mycobacterium tuberculosis,SAMEA7547051,523,4151195,0.50
1773.36148,1773,Mycobacterium tuberculosis,SAMEA7547053,187,4251178,0.50
1773.36154,1773,Mycobacterium tuberculosis,SAMEA7547249,100,4313222,0.25
1773.36157,1773,Mycobacterium tuberculosis,SAMEA7547253,100,4330600,0.50
1773.36160,1773,Mycobacterium tuberculosis,SAMEA7547260,98,4347300,1.00
1773.36167,1773,Mycobacterium tuberculosis,SAMEA7547267,75,4313459,0.50
1773.36169,1773,Mycobacterium tuberculosis,SAMEA7547268,84,4314894,2.00
1773.36174,1773,Mycobacterium tuberculosis,SAMEA7547276,80,4312534,0.50
1773.36172,1773,Mycobacterium tuberculosis,SAMEA7547277,90,4352046,0.25
1773.36176,1773,Mycobacterium tuberculosis,SAMEA7547282,86,4309454,0.50
1773.36182,1773,Mycobacterium tuberculosis,SAMEA7547283,96,4338604,0.50
1773.36179,1773,Mycobacterium tuberculosis,SAMEA7547285,104,4334222,0.50
1773.36185,1773,Mycobacterium tuberculosis,SAMEA7547289,88,4347642,0.12
1773.36192,1773,Mycobacterium tuberculosis,SAMEA7547299,95,4336128,0.25
1773.36188,1773,Mycobacterium tuberculosis,SAMEA7547305,105,4359053,0.25
1773.36202,1773,Mycobacterium tuberculosis,SAMEA7547308,98,4336238,0.50
1773.36204,1773,Mycobacterium tuberculosis,SAMEA7547310,99,4357648,0.50
1773.36197,1773,Mycobacterium tuberculosis,SAMEA7547315,88,4351674,4.00
1773.36209,1773,Mycobacterium tuberculosis,SAMEA7547316,86,4298777,0.50
1773.36208,1773,Mycobacterium tuberculosis,SAMEA7547317,112,4330838,0.50
1773.36206,1773,Mycobacterium tuberculosis,SAMEA7547320,76,4296826,0.50
1773.36211,1773,Mycobacterium tuberculosis,SAMEA7547321,96,4333138,1.00
1773.36212,1773,Mycobacterium tuberculosis,SAMEA7547323,90,4312775,1.00
1773.36214,1773,Mycobacterium tuberculosis,SAMEA7547357,797,3656022,1.00
1773.36218,1773,Mycobacterium tuberculosis,SAMEA7547360,209,4227144,0.50
1773.36219,1773,Mycobacterium tuberculosis,SAMEA7547361,209,4233779,0.25
1773.36221,1773,Mycobacterium tuberculosis,SAMEA7547365,270,4163261,0.25
1773.36222,1773,Mycobacterium tuberculosis,SAMEA7547366,184,4239891,0.25
1773.36224,1773,Mycobacterium tuberculosis,SAMEA7547370,380,4139511,0.25
1773.36225,1773,Mycobacterium tuberculosis,SAMEA7547371,401,4124492,0.50
1773.36223,1773,Mycobacterium tuberculosis,SAMEA7547372,412,4121412,0.25
1773.36233,1773,Mycobacterium tuberculosis,SAMEA7547379,484,4030044,0.25
1773.36229,1773,Mycobacterium tuberculosis,SAMEA7547380,552,4018689,0.25
1773.36230,1773,Mycobacterium tuberculosis,SAMEA7547381,658,3930793,0.25
1773.36236,1773,Mycobacterium tuberculosis,SAMEA7547385,577,3986031,0.25
1773.36239,1773,Mycobacterium tuberculosis,SAMEA7547386,663,3912760,0.50
1773.36244,1773,Mycobacterium tuberculosis,SAMEA7547390,236,4204786,0.25
1773.36247,1773,Mycobacterium tuberculosis,SAMEA7547394,577,3997911,0.25
1773.36249,1773,Mycobacterium tuberculosis,SAMEA7547397,719,3835921,0.12
1773.36252,1773,Mycobacterium tuberculosis,SAMEA7547399,588,4015734,0.25
1773.36257,1773,Mycobacterium tuberculosis,SAMEA7547405,775,3792219,0.12
1773.36265,1773,Mycobacterium tuberculosis,SAMEA7547415,341,4119214,0.25
1773.36268,1773,Mycobacterium tuberculosis,SAMEA7547420,574,3998421,0.50
1773.36271,1773,Mycobacterium tuberculosis,SAMEA7547422,222,4191892,0.50
1773.36269,1773,Mycobacterium tuberculosis,SAMEA7547424,273,4182848,0.50
1773.43660,1773,Mycobacterium tuberculosis,SAMEA7547425,542,4049765,0.25
1773.36274,1773,Mycobacterium tuberculosis,SAMEA7547427,656,3908725,1.00
1773.36276,1773,Mycobacterium tuberculosis,SAMEA7547429,541,4002333,0.50
1773.36277,1773,Mycobacterium tuberculosis,SAMEA7547430,169,4252662,0.25
1773.36279,1773,Mycobacterium tuberculosis,SAMEA7547431,204,4231938,0.25
1773.36280,1773,Mycobacterium tuberculosis,SAMEA7547433,434,4090006,0.25
1773.36282,1773,Mycobacterium tuberculosis,SAMEA7547435,520,4038067,0.25
1773.36285,1773,Mycobacterium tuberculosis,SAMEA7547437,463,4095142,0.50
1773.36283,1773,Mycobacterium tuberculosis,SAMEA7547438,139,4227912,0.25
1773.36284,1773,Mycobacterium tuberculosis,SAMEA7547439,248,4208727,0.25
1773.36293,1773,Mycobacterium tuberculosis,SAMEA7547444,361,4163704,0.25
1773.36294,1773,Mycobacterium tuberculosis,SAMEA7547445,511,4006007,0.50
1773.36298,1773,Mycobacterium tuberculosis,SAMEA7547450,109,4325163,1.00
1773.36295,1773,Mycobacterium tuberculosis,SAMEA7547453,88,4269144,0.25
1773.43659,1773,Mycobacterium tuberculosis,SAMEA7547454,84,4316272,0.12
1773.36300,1773,Mycobacterium tuberculosis,SAMEA7547455,88,4302447,0.25
1773.36303,1773,Mycobacterium tuberculosis,SAMEA7547458,95,4254784,0.25
1773.36301,1773,Mycobacterium tuberculosis,SAMEA7547460,107,4321251,0.25
1773.36307,1773,Mycobacterium tuberculosis,SAMEA7547463,83,4353270,0.50
1773.36308,1773,Mycobacterium tuberculosis,SAMEA7547464,92,4299640,0.25
1773.36309,1773,Mycobacterium tuberculosis,SAMEA7547465,92,4334176,1.00
1773.36310,1773,Mycobacterium tuberculosis,SAMEA7547467,97,4336168,0.50
1773.36311,1773,Mycobacterium tuberculosis,SAMEA7547468,90,4335376,0.25
1773.36312,1773,Mycobacterium tuberculosis,SAMEA7547469,95,4324201,0.50
1773.36317,1773,Mycobacterium tuberculosis,SAMEA7547474,92,4352275,0.50
1773.36319,1773,Mycobacterium tuberculosis,SAMEA7547476,91,4335040,0.25
1773.36320,1773,Mycobacterium tuberculosis,SAMEA7547478,97,4341183,0.50
1773.36327,1773,Mycobacterium tuberculosis,SAMEA7547485,90,4206581,1.00
1773.36322,1773,Mycobacterium tuberculosis,SAMEA7547486,83,4358513,0.50
1773.36323,1773,Mycobacterium tuberculosis,SAMEA7547487,103,4340196,0.25
1773.36336,1773,Mycobacterium tuberculosis,SAMEA7547497,78,4346499,0.25
1773.36342,1773,Mycobacterium tuberculosis,SAMEA7547504,89,4348309,0.50
1773.36344,1773,Mycobacterium tuberculosis,SAMEA7547505,89,4343164,0.25
1773.36341,1773,Mycobacterium tuberculosis,SAMEA7547507,91,4298422,0.25
1773.36345,1773,Mycobacterium tuberculosis,SAMEA7547509,96,4340650,0.25
1773.36348,1773,Mycobacterium tuberculosis,SAMEA7547514,100,4298825,0.50
1773.36350,1773,Mycobacterium tuberculosis,SAMEA7547518,99,4315850,0.50
1773.36360,1773,Mycobacterium tuberculosis,SAMEA7547520,88,4345160,0.50
1773.36361,1773,Mycobacterium tuberculosis,SAMEA7547522,102,4332310,0.25
1773.36358,1773,Mycobacterium tuberculosis,SAMEA7547523,102,4313001,0.25
1773.36357,1773,Mycobacterium tuberculosis,SAMEA7547525,114,4312631,0.25
1773.36365,1773,Mycobacterium tuberculosis,SAMEA7547529,102,4329798,0.50
1773.36364,1773,Mycobacterium tuberculosis,SAMEA7547530,93,4279713,0.25
1773.36366,1773,Mycobacterium tuberculosis,SAMEA7547531,94,4317786,0.50
1773.36367,1773,Mycobacterium tuberculosis,SAMEA7547532,96,4292910,0.50
1773.36368,1773,Mycobacterium tuberculosis,SAMEA7547534,91,4335719,0.50
1773.36373,1773,Mycobacterium tuberculosis,SAMEA7547538,104,4312967,0.25
1773.36377,1773,Mycobacterium tuberculosis,SAMEA7547548,316,4144893,0.25
1773.36383,1773,Mycobacterium tuberculosis,SAMEA7547552,193,4206080,0.12
1773.36386,1773,Mycobacterium tuberculosis,SAMEA7547556,251,4212768,0.50
1773.36387,1773,Mycobacterium tuberculosis,SAMEA7547557,363,4132549,0.25
1773.36390,1773,Mycobacterium tuberculosis,SAMEA7547558,167,4242633,0.50
1773.36389,1773,Mycobacterium tuberculosis,SAMEA7547559,306,4134144,0.25
1773.36392,1773,Mycobacterium tuberculosis,SAMEA7547561,605,3946884,0.25
1773.36394,1773,Mycobacterium tuberculosis,SAMEA7547563,612,3978167,0.50
1773.36393,1773,Mycobacterium tuberculosis,SAMEA7547564,615,3968895,0.50
1773.36396,1773,Mycobacterium tuberculosis,SAMEA7547565,556,3978635,0.25
1773.36399,1773,Mycobacterium tuberculosis,SAMEA7547569,399,4091716,0.25
1773.36401,1773,Mycobacterium tuberculosis,SAMEA7547573,766,3739993,0.25
1773.36404,1773,Mycobacterium tuberculosis,SAMEA7547576,560,3994777,0.25
1773.36409,1773,Mycobacterium tuberculosis,SAMEA7547578,675,3900868,0.50
1773.36406,1773,Mycobacterium tuberculosis,SAMEA7547580,738,3741042,0.25
1773.36415,1773,Mycobacterium tuberculosis,SAMEA7547587,763,3740627,0.25
1773.36416,1773,Mycobacterium tuberculosis,SAMEA7547588,1014,3180761,0.25
1773.36422,1773,Mycobacterium tuberculosis,SAMEA7547593,605,3936881,0.50
1773.36421,1773,Mycobacterium tuberculosis,SAMEA7547595,919,3471580,0.50
1773.36436,1773,Mycobacterium tuberculosis,SAMEA7547609,725,3860666,0.50
1773.36437,1773,Mycobacterium tuberculosis,SAMEA7547610,737,3781656,0.50
1773.36438,1773,Mycobacterium tuberculosis,SAMEA7547611,846,3605126,0.50
1773.36439,1773,Mycobacterium tuberculosis,SAMEA7547612,595,3928946,0.25
1773.36441,1773,Mycobacterium tuberculosis,SAMEA7547614,159,4243989,0.50
1773.36442,1773,Mycobacterium tuberculosis,SAMEA7547615,470,4090560,0.50
1773.36444,1773,Mycobacterium tuberculosis,SAMEA7547618,761,3795713,0.25
1773.36446,1773,Mycobacterium tuberculosis,SAMEA7547619,709,3848278,0.25
1773.36445,1773,Mycobacterium tuberculosis,SAMEA7547620,729,3806321,0.25
1773.36450,1773,Mycobacterium tuberculosis,SAMEA7547621,916,3304514,0.25
1773.36454,1773,Mycobacterium tuberculosis,SAMEA7547622,236,4235646,0.25
1773.36455,1773,Mycobacterium tuberculosis,SAMEA7547623,241,4219668,0.25
1773.36447,1773,Mycobacterium tuberculosis,SAMEA7547624,274,4196018,0.50
1773.36453,1773,Mycobacterium tuberculosis,SAMEA7547625,661,3931569,0.25
1773.36448,1773,Mycobacterium tuberculosis,SAMEA7547626,745,3752320,0.50
1773.36452,1773,Mycobacterium tuberculosis,SAMEA7547627,663,3835130,0.25
1773.36451,1773,Mycobacterium tuberculosis,SAMEA7547629,641,3847481,0.50
1773.36465,1773,Mycobacterium tuberculosis,SAMEA7547634,606,3936987,0.50
1773.36459,1773,Mycobacterium tuberculosis,SAMEA7547635,659,3888523,0.50
1773.36458,1773,Mycobacterium tuberculosis,SAMEA7555711,167,4319253,0.25
1773.36462,1773,Mycobacterium tuberculosis,SAMEA7555714,97,4312225,0.12
1773.36467,1773,Mycobacterium tuberculosis,SAMEA7555717,119,4317687,0.25
1773.36466,1773,Mycobacterium tuberculosis,SAMEA7555718,134,4312550,0.12
1773.36468,1773,Mycobacterium tuberculosis,SAMEA7555720,103,4339462,0.25
1773.36469,1773,Mycobacterium tuberculosis,SAMEA7555721,159,4359557,0.50
1773.36477,1773,Mycobacterium tuberculosis,SAMEA7555725,145,4336805,0.12
1773.36476,1773,Mycobacterium tuberculosis,SAMEA7555726,101,4345491,0.25
1773.36475,1773,Mycobacterium tuberculosis,SAMEA7555727,104,4298180,0.12
1773.36474,1773,Mycobacterium tuberculosis,SAMEA7555728,82,4312830,0.06
1773.36473,1773,Mycobacterium tuberculosis,SAMEA7555729,174,4326056,0.25
1773.36472,1773,Mycobacterium tuberculosis,SAMEA7555730,78,4361506,0.12
1773.36478,1773,Mycobacterium tuberculosis,SAMEA7555731,89,4367508,0.25
1773.36483,1773,Mycobacterium tuberculosis,SAMEA7555732,82,4332747,0.50
1773.36484,1773,Mycobacterium tuberculosis,SAMEA7555735,87,4347065,0.12
1773.36481,1773,Mycobacterium tuberculosis,SAMEA7555736,80,4371179,0.25
1773.36480,1773,Mycobacterium tuberculosis,SAMEA7555737,87,4313428,0.25
1773.36479,1773,Mycobacterium tuberculosis,SAMEA7555738,100,4318472,0.25
1773.36491,1773,Mycobacterium tuberculosis,SAMEA7555739,113,4339914,0.25
1773.36489,1773,Mycobacterium tuberculosis,SAMEA7555741,102,4333820,0.06
1773.43058,1773,Mycobacterium tuberculosis,SAMEA7555742,123,4312963,0.25
1773.36500,1773,Mycobacterium tuberculosis,SAMEA7555743,100,4343386,0.25
1773.36496,1773,Mycobacterium tuberculosis,SAMEA7555744,149,4290825,0.12
1773.36502,1773,Mycobacterium tuberculosis,SAMEA7555745,98,4330183,4.00
1773.36493,1773,Mycobacterium tuberculosis,SAMEA7555746,108,4273915,0.12
1773.36497,1773,Mycobacterium tuberculosis,SAMEA7555752,84,4335496,0.25
1773.36498,1773,Mycobacterium tuberculosis,SAMEA7555754,105,4331976,0.12
1773.36490,1773,Mycobacterium tuberculosis,SAMEA7555758,96,4341015,0.25
1773.36487,1773,Mycobacterium tuberculosis,SAMEA7555759,92,4337271,0.25
1773.36486,1773,Mycobacterium tuberculosis,SAMEA7555760,81,4349963,0.25
1773.36492,1773,Mycobacterium tuberculosis,SAMEA7555761,82,4351662,1.00
1773.36501,1773,Mycobacterium tuberculosis,SAMEA7555764,88,4335279,0.50
1773.43079,1773,Mycobacterium tuberculosis,SAMEA7555765,97,4333580,0.25
1773.36504,1773,Mycobacterium tuberculosis,SAMEA7555766,80,4357553,0.12
1773.36506,1773,Mycobacterium tuberculosis,SAMEA7555768,82,4275938,0.25
1773.36507,1773,Mycobacterium tuberculosis,SAMEA7555769,94,4340614,0.50
1773.36511,1773,Mycobacterium tuberculosis,SAMEA7555771,85,4311327,0.25
1773.36509,1773,Mycobacterium tuberculosis,SAMEA7555772,77,4327878,0.50
1773.36512,1773,Mycobacterium tuberculosis,SAMEA7555774,86,4340573,0.50
1773.36514,1773,Mycobacterium tuberculosis,SAMEA7555776,93,4329690,0.25
1773.36517,1773,Mycobacterium tuberculosis,SAMEA7555778,97,4325492,0.25
1773.43080,1773,Mycobacterium tuberculosis,SAMEA7555779,108,4319265,0.25
1773.36516,1773,Mycobacterium tuberculosis,SAMEA7555780,89,4345089,0.25
1773.36515,1773,Mycobacterium tuberculosis,SAMEA7555781,93,4326100,0.25
1773.36519,1773,Mycobacterium tuberculosis,SAMEA7555782,84,4372362,0.25
1773.36518,1773,Mycobacterium tuberculosis,SAMEA7555783,92,4365578,0.06
1773.36520,1773,Mycobacterium tuberculosis,SAMEA7555784,98,4332473,0.50
1773.36521,1773,Mycobacterium tuberculosis,SAMEA7555785,92,4344912,0.25
1773.36523,1773,Mycobacterium tuberculosis,SAMEA7555786,99,4327200,0.50
1773.36522,1773,Mycobacterium tuberculosis,SAMEA7555787,78,4345253,0.50
1773.36524,1773,Mycobacterium tuberculosis,SAMEA7555788,89,4371810,0.06
1773.36525,1773,Mycobacterium tuberculosis,SAMEA7555790,73,4367433,0.25
1773.36527,1773,Mycobacterium tuberculosis,SAMEA7555791,85,4332399,0.25
1773.36530,1773,Mycobacterium tuberculosis,SAMEA7555792,84,4332593,0.25
1773.36529,1773,Mycobacterium tuberculosis,SAMEA7555793,125,4331923,0.25
1773.36528,1773,Mycobacterium tuberculosis,SAMEA7555794,114,4342304,0.12
1773.36531,1773,Mycobacterium tuberculosis,SAMEA7555795,140,4347412,0.25
1773.36532,1773,Mycobacterium tuberculosis,SAMEA7555796,118,4340266,0.25
1773.36533,1773,Mycobacterium tuberculosis,SAMEA7555798,112,4339571,0.25
1773.36534,1773,Mycobacterium tuberculosis,SAMEA7555799,133,4327893,0.12
1773.36540,1773,Mycobacterium tuberculosis,SAMEA7555800,128,4333981,0.25
1773.36536,1773,Mycobacterium tuberculosis,SAMEA7555801,114,4315439,0.25
1773.36539,1773,Mycobacterium tuberculosis,SAMEA7555802,133,4339121,0.12
1773.36537,1773,Mycobacterium tuberculosis,SAMEA7555803,124,4340460,0.12
1773.36535,1773,Mycobacterium tuberculosis,SAMEA7555804,139,4313786,0.25
1773.36538,1773,Mycobacterium tuberculosis,SAMEA7555805,149,4314411,0.25
1773.36541,1773,Mycobacterium tuberculosis,SAMEA7555806,126,4338574,0.12
1773.36544,1773,Mycobacterium tuberculosis,SAMEA7555807,127,4337726,0.12
1773.36542,1773,Mycobacterium tuberculosis,SAMEA7555808,124,4322726,0.12
1773.36543,1773,Mycobacterium tuberculosis,SAMEA7555809,123,4336940,0.12
1773.36545,1773,Mycobacterium tuberculosis,SAMEA7555810,116,4339581,0.12
1773.36546,1773,Mycobacterium tuberculosis,SAMEA7555811,128,4332693,0.12
1773.36548,1773,Mycobacterium tuberculosis,SAMEA7555812,124,4327422,0.12
1773.36547,1773,Mycobacterium tuberculosis,SAMEA7555813,125,4329195,0.12
1773.36550,1773,Mycobacterium tuberculosis,SAMEA7555814,138,4324265,0.25
1773.36549,1773,Mycobacterium tuberculosis,SAMEA7555815,130,4316701,0.25
1773.36551,1773,Mycobacterium tuberculosis,SAMEA7555816,119,4336094,0.25
1773.36553,1773,Mycobacterium tuberculosis,SAMEA7555817,135,4299963,0.25
1773.36552,1773,Mycobacterium tuberculosis,SAMEA7555818,130,4333476,0.25
1773.36554,1773,Mycobacterium tuberculosis,SAMEA7555819,129,4291480,0.12
1773.36555,1773,Mycobacterium tuberculosis,SAMEA7555820,109,4302994,0.12
1773.36556,1773,Mycobacterium tuberculosis,SAMEA7555821,130,4341779,0.12
1773.36559,1773,Mycobacterium tuberculosis,SAMEA7555822,122,4346479,0.25
1773.36558,1773,Mycobacterium tuberculosis,SAMEA7555823,114,4342386,0.25
1773.36557,1773,Mycobacterium tuberculosis,SAMEA7555824,114,4339615,0.25
1773.36561,1773,Mycobacterium tuberculosis,SAMEA7555826,124,4339547,0.25
1773.36563,1773,Mycobacterium tuberculosis,SAMEA7555827,118,4337783,0.25
1773.36562,1773,Mycobacterium tuberculosis,SAMEA7555828,126,4338445,0.12
1773.36564,1773,Mycobacterium tuberculosis,SAMEA7555829,114,4342890,0.25
1773.36565,1773,Mycobacterium tuberculosis,SAMEA7555830,116,4369180,0.25
1773.36568,1773,Mycobacterium tuberculosis,SAMEA7555831,134,4336546,0.25
1773.43094,1773,Mycobacterium tuberculosis,SAMEA7555832,117,4343688,0.25
1773.36567,1773,Mycobacterium tuberculosis,SAMEA7555833,116,4345240,0.06
1773.36569,1773,Mycobacterium tuberculosis,SAMEA7555835,116,4326931,0.25
1773.36570,1773,Mycobacterium tuberculosis,SAMEA7555836,110,4349457,0.50
1773.36571,1773,Mycobacterium tuberculosis,SAMEA7555837,106,4340982,0.25
1773.36572,1773,Mycobacterium tuberculosis,SAMEA7555838,123,4330066,0.06
1773.36573,1773,Mycobacterium tuberculosis,SAMEA7555839,120,4283743,0.12
1773.36574,1773,Mycobacterium tuberculosis,SAMEA7555840,118,4295386,0.25
1773.36575,1773,Mycobacterium tuberculosis,SAMEA7555841,158,4322070,0.25
1773.36578,1773,Mycobacterium tuberculosis,SAMEA7555843,114,4297539,0.25
1773.36577,1773,Mycobacterium tuberculosis,SAMEA7555844,126,4367539,0.50
1773.36576,1773,Mycobacterium tuberculosis,SAMEA7555845,125,4340795,0.25
1773.36581,1773,Mycobacterium tuberculosis,SAMEA7555846,101,4327984,0.50
1773.36580,1773,Mycobacterium tuberculosis,SAMEA7555847,104,4363918,0.25
1773.36582,1773,Mycobacterium tuberculosis,SAMEA7555848,113,4304251,0.25
1773.36584,1773,Mycobacterium tuberculosis,SAMEA7555849,109,4338909,0.25
1773.36583,1773,Mycobacterium tuberculosis,SAMEA7555850,105,4330598,0.50
1773.36586,1773,Mycobacterium tuberculosis,SAMEA7555851,104,4331300,0.25
1773.36587,1773,Mycobacterium tuberculosis,SAMEA7555852,126,4327125,0.25
1773.36585,1773,Mycobacterium tuberculosis,SAMEA7555853,92,4340610,0.25
1773.36588,1773,Mycobacterium tuberculosis,SAMEA7555854,100,4337888,0.50
1773.36591,1773,Mycobacterium tuberculosis,SAMEA7555855,112,4341994,0.25
1773.36592,1773,Mycobacterium tuberculosis,SAMEA7555856,91,4356307,0.50
1773.36590,1773,Mycobacterium tuberculosis,SAMEA7555857,109,4365401,0.25
1773.36589,1773,Mycobacterium tuberculosis,SAMEA7555858,102,4372251,0.25
1773.36593,1773,Mycobacterium tuberculosis,SAMEA7555859,108,4359428,0.50
1773.36594,1773,Mycobacterium tuberculosis,SAMEA7555860,102,4338193,0.25
1773.36595,1773,Mycobacterium tuberculosis,SAMEA7555861,115,4312210,0.25
1773.36596,1773,Mycobacterium tuberculosis,SAMEA7555862,100,4319533,0.25
1773.36597,1773,Mycobacterium tuberculosis,SAMEA7555863,97,4346919,0.50
1773.36598,1773,Mycobacterium tuberculosis,SAMEA7555864,110,4358843,0.50
1773.36600,1773,Mycobacterium tuberculosis,SAMEA7555865,96,4356366,0.50
1773.36601,1773,Mycobacterium tuberculosis,SAMEA7555866,101,4348319,0.50
1773.36599,1773,Mycobacterium tuberculosis,SAMEA7555867,112,4339037,0.25
1773.36603,1773,Mycobacterium tuberculosis,SAMEA7555868,116,4338779,0.25
1773.36602,1773,Mycobacterium tuberculosis,SAMEA7555869,90,4349023,0.25
1773.36604,1773,Mycobacterium tuberculosis,SAMEA7555870,100,4338225,0.25
1773.36607,1773,Mycobacterium tuberculosis,SAMEA7555871,110,4369743,0.50
1773.36608,1773,Mycobacterium tuberculosis,SAMEA7555872,105,4340108,0.50
1773.36606,1773,Mycobacterium tuberculosis,SAMEA7555873,98,4341711,0.50
1773.36605,1773,Mycobacterium tuberculosis,SAMEA7555874,108,4343104,0.25
1773.36609,1773,Mycobacterium tuberculosis,SAMEA7555875,93,4348467,0.25
1773.36613,1773,Mycobacterium tuberculosis,SAMEA7555876,89,4347902,0.50
1773.36614,1773,Mycobacterium tuberculosis,SAMEA7555877,90,4326565,0.50
1773.36612,1773,Mycobacterium tuberculosis,SAMEA7555878,94,4362324,0.50
1773.36615,1773,Mycobacterium tuberculosis,SAMEA7555879,102,4343558,0.50
1773.36610,1773,Mycobacterium tuberculosis,SAMEA7555880,99,4363013,0.25
1773.36611,1773,Mycobacterium tuberculosis,SAMEA7555881,106,4327168,0.50
1773.36616,1773,Mycobacterium tuberculosis,SAMEA7555883,105,4322875,0.25
1773.36618,1773,Mycobacterium tuberculosis,SAMEA7555884,105,4340212,0.50
1773.36617,1773,Mycobacterium tuberculosis,SAMEA7555885,111,4347777,0.50
1773.36626,1773,Mycobacterium tuberculosis,SAMEA7555886,117,4344548,0.25
1773.36627,1773,Mycobacterium tuberculosis,SAMEA7555887,113,4342568,0.25
1773.36624,1773,Mycobacterium tuberculosis,SAMEA7555888,94,4329721,0.50
1773.36622,1773,Mycobacterium tuberculosis,SAMEA7555889,114,4351484,0.25
1773.36621,1773,Mycobacterium tuberculosis,SAMEA7555890,84,4308604,0.25
1773.36625,1773,Mycobacterium tuberculosis,SAMEA7555891,87,4340482,0.50
1773.36623,1773,Mycobacterium tuberculosis,SAMEA7555892,91,4366843,0.12
1773.36620,1773,Mycobacterium tuberculosis,SAMEA7555893,100,4362730,0.50
1773.36619,1773,Mycobacterium tuberculosis,SAMEA7555894,96,4358935,0.50
1773.36628,1773,Mycobacterium tuberculosis,SAMEA7555895,100,4306032,0.50
1773.36629,1773,Mycobacterium tuberculosis,SAMEA7555896,96,4305076,0.50
1773.36630,1773,Mycobacterium tuberculosis,SAMEA7555897,101,4350019,0.50
1773.36633,1773,Mycobacterium tuberculosis,SAMEA7555898,104,4286410,0.25
1773.36631,1773,Mycobacterium tuberculosis,SAMEA7555899,100,4376606,0.25
1773.36634,1773,Mycobacterium tuberculosis,SAMEA7555901,87,4365604,0.25
1773.36632,1773,Mycobacterium tuberculosis,SAMEA7555902,105,4351756,0.25
1773.36641,1773,Mycobacterium tuberculosis,SAMEA7555903,103,4346101,0.50
1773.36635,1773,Mycobacterium tuberculosis,SAMEA7555904,98,4358245,0.50
1773.36642,1773,Mycobacterium tuberculosis,SAMEA7555905,101,4351701,0.25
1773.36640,1773,Mycobacterium tuberculosis,SAMEA7555906,93,4350601,0.25
1773.36637,1773,Mycobacterium tuberculosis,SAMEA7555908,100,4342531,0.50
1773.36636,1773,Mycobacterium tuberculosis,SAMEA7555909,113,4344043,0.25
1773.36638,1773,Mycobacterium tuberculosis,SAMEA7555910,100,4342396,0.25
1773.36646,1773,Mycobacterium tuberculosis,SAMEA7555911,111,4333766,0.50
1773.36645,1773,Mycobacterium tuberculosis,SAMEA7555912,91,4300536,0.50
1773.36644,1773,Mycobacterium tuberculosis,SAMEA7555913,83,4244393,0.25
1773.36643,1773,Mycobacterium tuberculosis,SAMEA7555914,103,4355537,0.50
1773.36648,1773,Mycobacterium tuberculosis,SAMEA7555916,90,4342902,0.50
1773.36649,1773,Mycobacterium tuberculosis,SAMEA7555919,93,4359012,0.25
1773.36651,1773,Mycobacterium tuberculosis,SAMEA7555920,103,4308054,0.25
1773.36652,1773,Mycobacterium tuberculosis,SAMEA7555921,102,4331364,0.25
1773.36653,1773,Mycobacterium tuberculosis,SAMEA7555922,105,4348480,0.25
1773.36654,1773,Mycobacterium tuberculosis,SAMEA7555923,109,4339693,0.25
1773.36655,1773,Mycobacterium tuberculosis,SAMEA7555924,100,4349748,0.50
1773.36656,1773,Mycobacterium tuberculosis,SAMEA7555925,98,4358975,0.50
1773.36657,1773,Mycobacterium tuberculosis,SAMEA7555926,87,4349131,0.50
1773.36659,1773,Mycobacterium tuberculosis,SAMEA7555927,90,4353077,0.50
1773.36658,1773,Mycobacterium tuberculosis,SAMEA7555928,96,4351075,0.50
1773.36660,1773,Mycobacterium tuberculosis,SAMEA7555929,91,4352479,0.50
1773.36664,1773,Mycobacterium tuberculosis,SAMEA7555930,99,4357379,0.25
1773.36665,1773,Mycobacterium tuberculosis,SAMEA7555931,96,4343050,0.25
1773.36663,1773,Mycobacterium tuberculosis,SAMEA7555932,113,4355779,0.50
1773.36662,1773,Mycobacterium tuberculosis,SAMEA7555933,116,4330870,0.25
1773.36661,1773,Mycobacterium tuberculosis,SAMEA7555934,104,4327206,0.25
1773.36671,1773,Mycobacterium tuberculosis,SAMEA7555935,102,4370928,0.50
1773.36667,1773,Mycobacterium tuberculosis,SAMEA7555936,103,4319626,0.50
1773.36668,1773,Mycobacterium tuberculosis,SAMEA7555937,111,4344170,0.50
1773.36669,1773,Mycobacterium tuberculosis,SAMEA7555938,102,4350730,0.25
1773.36670,1773,Mycobacterium tuberculosis,SAMEA7555939,98,4361288,0.25
1773.36666,1773,Mycobacterium tuberculosis,SAMEA7555940,92,4374720,0.25
1773.36674,1773,Mycobacterium tuberculosis,SAMEA7555942,102,4347577,0.25
1773.36673,1773,Mycobacterium tuberculosis,SAMEA7555943,90,4359211,0.12
1773.36672,1773,Mycobacterium tuberculosis,SAMEA7555944,115,4358924,0.12
1773.36676,1773,Mycobacterium tuberculosis,SAMEA7555945,117,4335457,0.50
1773.36677,1773,Mycobacterium tuberculosis,SAMEA7555946,107,4327827,0.25
1773.36678,1773,Mycobacterium tuberculosis,SAMEA7555947,102,4353232,0.50
1773.36679,1773,Mycobacterium tuberculosis,SAMEA7555948,96,4340809,0.12
1773.36681,1773,Mycobacterium tuberculosis,SAMEA7555949,102,4363326,0.25
1773.36680,1773,Mycobacterium tuberculosis,SAMEA7555950,98,4330304,0.12
1773.36682,1773,Mycobacterium tuberculosis,SAMEA7555951,99,4359599,0.25
1773.36683,1773,Mycobacterium tuberculosis,SAMEA7555952,102,4358057,0.25
1773.36684,1773,Mycobacterium tuberculosis,SAMEA7555953,110,4351385,0.25
1773.36685,1773,Mycobacterium tuberculosis,SAMEA7555955,111,4345471,0.25
1773.36687,1773,Mycobacterium tuberculosis,SAMEA7555956,109,4360590,0.25
1773.36688,1773,Mycobacterium tuberculosis,SAMEA7555957,94,4337060,0.50
1773.36686,1773,Mycobacterium tuberculosis,SAMEA7555958,106,4347156,0.25
1773.36689,1773,Mycobacterium tuberculosis,SAMEA7555959,103,4345612,0.25
1773.36690,1773,Mycobacterium tuberculosis,SAMEA7555960,115,4366168,0.50
1773.36691,1773,Mycobacterium tuberculosis,SAMEA7555962,88,4357398,0.25
1773.36693,1773,Mycobacterium tuberculosis,SAMEA7555963,105,4360084,0.25
1773.36694,1773,Mycobacterium tuberculosis,SAMEA7555964,104,4340694,0.12
1773.36697,1773,Mycobacterium tuberculosis,SAMEA7555965,114,4337282,0.25
1773.36698,1773,Mycobacterium tuberculosis,SAMEA7555966,106,4349686,0.50
1773.36695,1773,Mycobacterium tuberculosis,SAMEA7555968,98,4337541,0.25
1773.36696,1773,Mycobacterium tuberculosis,SAMEA7555969,115,4324597,0.50
1773.36699,1773,Mycobacterium tuberculosis,SAMEA7555970,108,4359653,0.25
1773.36702,1773,Mycobacterium tuberculosis,SAMEA7555972,108,4346867,0.06
1773.36701,1773,Mycobacterium tuberculosis,SAMEA7555973,98,4342018,0.12
1773.36703,1773,Mycobacterium tuberculosis,SAMEA7555974,116,4366809,0.25
1773.36704,1773,Mycobacterium tuberculosis,SAMEA7555975,92,4349389,0.25
1773.36706,1773,Mycobacterium tuberculosis,SAMEA7555977,96,4348454,0.25
1773.36707,1773,Mycobacterium tuberculosis,SAMEA7555978,104,4347891,0.25
1773.36710,1773,Mycobacterium tuberculosis,SAMEA7555979,101,4344050,0.50
1773.36709,1773,Mycobacterium tuberculosis,SAMEA7555982,118,4342129,0.25
1773.36711,1773,Mycobacterium tuberculosis,SAMEA7555983,108,4339497,0.50
1773.36712,1773,Mycobacterium tuberculosis,SAMEA7555984,104,4328564,0.50
1773.36713,1773,Mycobacterium tuberculosis,SAMEA7555986,92,4346040,0.50
1773.36714,1773,Mycobacterium tuberculosis,SAMEA7555987,113,4340424,0.25
1773.36715,1773,Mycobacterium tuberculosis,SAMEA7555988,113,4293271,0.50
1773.36717,1773,Mycobacterium tuberculosis,SAMEA7555989,86,4344458,0.50
1773.36719,1773,Mycobacterium tuberculosis,SAMEA7555991,96,4341463,1.00
1773.36718,1773,Mycobacterium tuberculosis,SAMEA7555992,99,4338672,0.25
1773.43054,1773,Mycobacterium tuberculosis,SAMEA7555993,113,4342810,0.25
1773.36720,1773,Mycobacterium tuberculosis,SAMEA7555994,105,4340218,0.25
1773.36722,1773,Mycobacterium tuberculosis,SAMEA7555995,111,4328778,0.50
1773.36721,1773,Mycobacterium tuberculosis,SAMEA7555996,87,4357979,0.50
1773.36723,1773,Mycobacterium tuberculosis,SAMEA7555997,115,4338523,0.50
1773.36725,1773,Mycobacterium tuberculosis,SAMEA7555999,105,4338840,0.25
1773.36726,1773,Mycobacterium tuberculosis,SAMEA7556001,113,4352989,0.50
1773.36727,1773,Mycobacterium tuberculosis,SAMEA7556002,100,4337908,0.25
1773.36728,1773,Mycobacterium tuberculosis,SAMEA7556003,103,4364032,0.50
1773.36729,1773,Mycobacterium tuberculosis,SAMEA7556007,100,4335820,0.06
1773.36732,1773,Mycobacterium tuberculosis,SAMEA7556009,103,4332438,0.25
1773.36733,1773,Mycobacterium tuberculosis,SAMEA7556010,100,4336550,0.25
1773.36735,1773,Mycobacterium tuberculosis,SAMEA7556011,105,4335163,0.25
1773.36734,1773,Mycobacterium tuberculosis,SAMEA7556012,100,4335048,0.12
1773.36736,1773,Mycobacterium tuberculosis,SAMEA7556013,100,4331797,0.12
1773.36737,1773,Mycobacterium tuberculosis,SAMEA7556014,107,4325670,0.25
1773.36743,1773,Mycobacterium tuberculosis,SAMEA7556015,104,4336285,0.25
1773.36744,1773,Mycobacterium tuberculosis,SAMEA7556017,110,4337603,0.25
1773.36739,1773,Mycobacterium tuberculosis,SAMEA7556018,107,4337509,0.50
1773.36738,1773,Mycobacterium tuberculosis,SAMEA7556019,114,4331842,0.25
1773.36740,1773,Mycobacterium tuberculosis,SAMEA7556021,114,4329780,4.00
1773.36741,1773,Mycobacterium tuberculosis,SAMEA7556022,117,4333289,8.00
1773.36748,1773,Mycobacterium tuberculosis,SAMEA7556023,108,4346842,0.25
1773.36750,1773,Mycobacterium tuberculosis,SAMEA7556024,113,4333857,0.12
1773.36749,1773,Mycobacterium tuberculosis,SAMEA7556025,109,4334557,0.25
1773.36751,1773,Mycobacterium tuberculosis,SAMEA7556026,109,4335633,0.25
1773.43059,1773,Mycobacterium tuberculosis,SAMEA7556028,105,4372716,0.12
1773.36747,1773,Mycobacterium tuberculosis,SAMEA7556029,136,4333103,0.25
1773.43061,1773,Mycobacterium tuberculosis,SAMEA7556030,132,4338494,0.25
1773.36745,1773,Mycobacterium tuberculosis,SAMEA7556031,108,4362302,0.25
1773.36754,1773,Mycobacterium tuberculosis,SAMEA7556032,108,4360439,0.12
1773.36752,1773,Mycobacterium tuberculosis,SAMEA7556033,90,4323441,0.25
1773.36753,1773,Mycobacterium tuberculosis,SAMEA7556034,102,4303782,0.12
1773.36755,1773,Mycobacterium tuberculosis,SAMEA7556035,107,4338966,0.25
1773.36757,1773,Mycobacterium tuberculosis,SAMEA7556037,145,4372277,0.50
1773.36758,1773,Mycobacterium tuberculosis,SAMEA7556038,125,4346962,0.50
1773.36763,1773,Mycobacterium tuberculosis,SAMEA7556039,134,4341749,1.00
1773.36759,1773,Mycobacterium tuberculosis,SAMEA7556040,192,4288704,0.25
1773.36762,1773,Mycobacterium tuberculosis,SAMEA7556041,120,4355371,0.50
1773.43071,1773,Mycobacterium tuberculosis,SAMEA7556042,127,4347370,0.50
1773.36764,1773,Mycobacterium tuberculosis,SAMEA7556043,116,4330994,0.25
1773.36767,1773,Mycobacterium tuberculosis,SAMEA7556044,112,4350091,0.50
1773.36765,1773,Mycobacterium tuberculosis,SAMEA7556045,128,4358806,0.25
1773.36766,1773,Mycobacterium tuberculosis,SAMEA7556046,151,4333081,0.50
1773.43072,1773,Mycobacterium tuberculosis,SAMEA7556047,136,4359238,0.25
1773.36761,1773,Mycobacterium tuberculosis,SAMEA7556048,117,4324574,0.50
1773.36760,1773,Mycobacterium tuberculosis,SAMEA7556049,130,4344966,0.50
1773.36772,1773,Mycobacterium tuberculosis,SAMEA7556050,90,4356302,0.50
1773.36773,1773,Mycobacterium tuberculosis,SAMEA7556051,121,4362906,0.50
1773.36771,1773,Mycobacterium tuberculosis,SAMEA7556052,103,4355813,0.25
1773.36769,1773,Mycobacterium tuberculosis,SAMEA7556053,132,4341125,0.50
1773.36770,1773,Mycobacterium tuberculosis,SAMEA7556054,130,4316831,0.25
1773.36768,1773,Mycobacterium tuberculosis,SAMEA7556055,132,4359558,0.25
1773.36774,1773,Mycobacterium tuberculosis,SAMEA7556056,116,4348028,0.25
1773.36775,1773,Mycobacterium tuberculosis,SAMEA7556057,125,4342463,0.50
1773.36777,1773,Mycobacterium tuberculosis,SAMEA7556058,140,4324414,0.25
1773.36776,1773,Mycobacterium tuberculosis,SAMEA7556059,104,4374227,0.50
1773.36781,1773,Mycobacterium tuberculosis,SAMEA7556061,123,4328230,1.00
1773.36779,1773,Mycobacterium tuberculosis,SAMEA7556062,123,4344097,0.50
1773.36778,1773,Mycobacterium tuberculosis,SAMEA7556063,98,4361196,0.25
1773.36780,1773,Mycobacterium tuberculosis,SAMEA7560580,102,4344630,1.00
1773.36784,1773,Mycobacterium tuberculosis,SAMEA7560582,100,4341232,0.12
1773.36787,1773,Mycobacterium tuberculosis,SAMEA7560583,95,4360708,0.50
1773.36788,1773,Mycobacterium tuberculosis,SAMEA7560584,84,4369620,0.50
1773.36790,1773,Mycobacterium tuberculosis,SAMEA7560585,105,4344385,1.00
1773.36789,1773,Mycobacterium tuberculosis,SAMEA7560586,106,4337703,0.50
1773.36786,1773,Mycobacterium tuberculosis,SAMEA7560587,107,4335679,0.50
1773.36785,1773,Mycobacterium tuberculosis,SAMEA7560588,109,4336891,0.50
1773.36791,1773,Mycobacterium tuberculosis,SAMEA7560589,92,4348544,0.50
1773.36792,1773,Mycobacterium tuberculosis,SAMEA7560590,89,4360874,0.25
1773.36794,1773,Mycobacterium tuberculosis,SAMEA7560591,84,4367232,1.00
1773.36797,1773,Mycobacterium tuberculosis,SAMEA7560593,96,4337248,0.50
1773.36795,1773,Mycobacterium tuberculosis,SAMEA7560595,91,4357590,0.25
1773.36798,1773,Mycobacterium tuberculosis,SAMEA7560597,106,4364517,0.50
1773.36800,1773,Mycobacterium tuberculosis,SAMEA7560601,90,4344128,0.25
1773.36801,1773,Mycobacterium tuberculosis,SAMEA7560602,89,4353839,0.25
1773.36807,1773,Mycobacterium tuberculosis,SAMEA7560605,81,4364022,0.25
1773.36806,1773,Mycobacterium tuberculosis,SAMEA7560606,83,4364306,0.50
1773.36804,1773,Mycobacterium tuberculosis,SAMEA7560607,100,4341523,0.25
1773.36805,1773,Mycobacterium tuberculosis,SAMEA7560608,92,4363353,0.25
1773.36809,1773,Mycobacterium tuberculosis,SAMEA7560611,98,4350549,0.50
1773.36811,1773,Mycobacterium tuberculosis,SAMEA7560614,116,4342081,0.50
1773.36812,1773,Mycobacterium tuberculosis,SAMEA7560615,99,4351310,0.50
1773.36818,1773,Mycobacterium tuberculosis,SAMEA7560616,108,4342395,0.50
1773.36816,1773,Mycobacterium tuberculosis,SAMEA7560617,166,4329845,0.25
1773.36815,1773,Mycobacterium tuberculosis,SAMEA7560618,100,4343032,0.50
1773.36819,1773,Mycobacterium tuberculosis,SAMEA7560620,75,4342346,0.50
1773.36820,1773,Mycobacterium tuberculosis,SAMEA7560621,82,4352718,0.25
1773.43442,1773,Mycobacterium tuberculosis,SAMEA7560622,112,4328489,0.25
1773.36814,1773,Mycobacterium tuberculosis,SAMEA7560624,151,4354719,0.25
1773.43425,1773,Mycobacterium tuberculosis,SAMEA7560626,85,4360186,1.00
1773.36822,1773,Mycobacterium tuberculosis,SAMEA7560628,85,4369727,0.12
1773.36824,1773,Mycobacterium tuberculosis,SAMEA7560630,100,4346224,0.50
1773.36828,1773,Mycobacterium tuberculosis,SAMEA7560631,91,4347124,0.50
1773.36825,1773,Mycobacterium tuberculosis,SAMEA7560632,93,4344216,0.50
1773.43427,1773,Mycobacterium tuberculosis,SAMEA7560635,93,4302249,1.00
1773.36827,1773,Mycobacterium tuberculosis,SAMEA7560636,93,4342652,0.25
1773.43394,1773,Mycobacterium tuberculosis,SAMEA7560638,116,4346946,0.12
1773.36829,1773,Mycobacterium tuberculosis,SAMEA7560639,175,4305007,0.50
1773.36831,1773,Mycobacterium tuberculosis,SAMEA7560642,97,4344891,0.50
1773.36833,1773,Mycobacterium tuberculosis,SAMEA7560643,102,4344523,1.00
1773.36834,1773,Mycobacterium tuberculosis,SAMEA7560644,86,4366719,0.50
1773.36835,1773,Mycobacterium tuberculosis,SAMEA7560646,98,4340345,1.00
1773.43356,1773,Mycobacterium tuberculosis,SAMEA7560648,112,4340933,0.25
1773.36837,1773,Mycobacterium tuberculosis,SAMEA7560649,107,4340351,0.50
1773.36839,1773,Mycobacterium tuberculosis,SAMEA7560651,102,4361954,0.25
1773.36838,1773,Mycobacterium tuberculosis,SAMEA7560652,108,4341366,0.25
1773.36840,1773,Mycobacterium tuberculosis,SAMEA7560653,101,4339683,0.25
1773.36841,1773,Mycobacterium tuberculosis,SAMEA7560654,107,4340440,0.25
1773.43428,1773,Mycobacterium tuberculosis,SAMEA7560656,113,4340417,1.00
1773.43378,1773,Mycobacterium tuberculosis,SAMEA7560657,92,4342775,0.50
1773.43357,1773,Mycobacterium tuberculosis,SAMEA7560658,131,4332666,0.25
1773.36846,1773,Mycobacterium tuberculosis,SAMEA7560659,101,4344660,0.50
1773.36844,1773,Mycobacterium tuberculosis,SAMEA7560661,115,4332303,0.50
1773.43379,1773,Mycobacterium tuberculosis,SAMEA7560662,116,4345967,0.50
1773.43411,1773,Mycobacterium tuberculosis,SAMEA7560665,94,4357131,0.50
1773.43429,1773,Mycobacterium tuberculosis,SAMEA7560667,85,4367282,0.25
1773.43444,1773,Mycobacterium tuberculosis,SAMEA7560669,109,4344719,0.25
1773.43447,1773,Mycobacterium tuberculosis,SAMEA7560671,77,4362700,0.12
1773.43365,1773,Mycobacterium tuberculosis,SAMEA7560673,111,4335862,0.25
1773.43446,1773,Mycobacterium tuberculosis,SAMEA7560674,106,4340964,0.50
1773.43431,1773,Mycobacterium tuberculosis,SAMEA7560676,94,4331565,1.00
1773.43361,1773,Mycobacterium tuberculosis,SAMEA7560680,81,4356788,1.00
1773.43450,1773,Mycobacterium tuberculosis,SAMEA7560684,88,4338883,2.00
1773.43380,1773,Mycobacterium tuberculosis,SAMEA7560685,77,4340759,1.00
1773.43416,1773,Mycobacterium tuberculosis,SAMEA7560686,95,4339685,0.50
1773.43449,1773,Mycobacterium tuberculosis,SAMEA7560687,80,4366449,1.00
1773.43385,1773,Mycobacterium tuberculosis,SAMEA7560688,97,4345042,0.25
1773.43383,1773,Mycobacterium tuberculosis,SAMEA7560690,91,4359484,1.00
1773.36843,1773,Mycobacterium tuberculosis,SAMEA7560691,100,4347047,0.50
1773.43419,1773,Mycobacterium tuberculosis,SAMEA7560692,98,4361689,0.25
1773.43432,1773,Mycobacterium tuberculosis,SAMEA7560693,110,4312087,1.00
1773.43363,1773,Mycobacterium tuberculosis,SAMEA7560695,94,4348360,1.00
1773.43448,1773,Mycobacterium tuberculosis,SAMEA7560696,120,4342134,0.50
1773.43433,1773,Mycobacterium tuberculosis,SAMEA7560697,95,4366051,1.00
1773.43434,1773,Mycobacterium tuberculosis,SAMEA7560700,89,4333003,0.25
1773.43435,1773,Mycobacterium tuberculosis,SAMEA7560701,115,4343647,0.25
1773.43368,1773,Mycobacterium tuberculosis,SAMEA7560704,103,4330545,0.50
1773.43367,1773,Mycobacterium tuberculosis,SAMEA7560705,100,4347130,1.00
1773.43438,1773,Mycobacterium tuberculosis,SAMEA7560706,126,4332684,0.50
1773.43376,1773,Mycobacterium tuberculosis,SAMEA7560709,96,4354767,1.00
1773.36848,1773,Mycobacterium tuberculosis,SAMEA7560711,91,4334481,0.50
1773.43398,1773,Mycobacterium tuberculosis,SAMEA7560713,89,4354944,0.50
1773.43423,1773,Mycobacterium tuberculosis,SAMEA7560714,90,4367281,0.25
1773.43452,1773,Mycobacterium tuberculosis,SAMEA7560716,121,4332835,0.25
1773.36849,1773,Mycobacterium tuberculosis,SAMEA7560718,103,4328427,0.50
1773.43424,1773,Mycobacterium tuberculosis,SAMEA7560719,97,4346233,1.00
1773.43400,1773,Mycobacterium tuberculosis,SAMEA7560721,99,4349576,0.25
1773.43387,1773,Mycobacterium tuberculosis,SAMEA7560722,96,4347246,0.50
1773.43441,1773,Mycobacterium tuberculosis,SAMEA7560723,110,4326709,0.50
1773.43388,1773,Mycobacterium tuberculosis,SAMEA7560725,83,4325271,0.25
1773.43386,1773,Mycobacterium tuberculosis,SAMEA7560726,116,4341909,0.50
1773.43456,1773,Mycobacterium tuberculosis,SAMEA7560730,109,4344447,0.06
1773.43402,1773,Mycobacterium tuberculosis,SAMEA7560732,89,4360695,1.00
1773.43399,1773,Mycobacterium tuberculosis,SAMEA7560733,97,4345257,0.50
1773.43389,1773,Mycobacterium tuberculosis,SAMEA7560734,99,4326315,0.50
1773.43390,1773,Mycobacterium tuberculosis,SAMEA7560737,99,4366809,0.50
1773.43426,1773,Mycobacterium tuberculosis,SAMEA7560738,100,4268269,0.50
1773.43369,1773,Mycobacterium tuberculosis,SAMEA7560739,91,4348531,0.25
1773.43403,1773,Mycobacterium tuberculosis,SAMEA7560740,97,4350504,0.25
1773.43370,1773,Mycobacterium tuberculosis,SAMEA7560742,83,4367905,1.00
1773.43404,1773,Mycobacterium tuberculosis,SAMEA7560744,104,4340690,0.25
1773.36847,1773,Mycobacterium tuberculosis,SAMEA7560745,89,4345323,0.50
1773.43405,1773,Mycobacterium tuberculosis,SAMEA7560746,130,4330291,0.50
1773.43407,1773,Mycobacterium tuberculosis,SAMEA7560747,78,4365712,0.25
1773.43366,1773,Mycobacterium tuberculosis,SAMEA7560748,159,4307487,0.12
1773.43392,1773,Mycobacterium tuberculosis,SAMEA7560750,109,4337480,0.50
1773.43408,1773,Mycobacterium tuberculosis,SAMEA7560752,99,4343303,0.12
1773.43391,1773,Mycobacterium tuberculosis,SAMEA7560755,94,4350980,0.50
1773.43406,1773,Mycobacterium tuberculosis,SAMEA7560756,90,4344756,0.12
1773.43371,1773,Mycobacterium tuberculosis,SAMEA7560757,100,4345472,0.50
1773.43393,1773,Mycobacterium tuberculosis,SAMEA7560758,94,4361497,0.50
1773.43410,1773,Mycobacterium tuberculosis,SAMEA7560762,92,4344497,0.50
1773.43409,1773,Mycobacterium tuberculosis,SAMEA7560763,94,4347089,0.50
1773.43466,1773,Mycobacterium tuberculosis,SAMEA7560765,124,4339368,1.00
1773.43465,1773,Mycobacterium tuberculosis,SAMEA7560766,106,4364608,0.25
1773.43469,1773,Mycobacterium tuberculosis,SAMEA7560769,99,4345490,0.50
1773.36850,1773,Mycobacterium tuberculosis,SAMEA7560771,135,4352440,0.12
1773.43458,1773,Mycobacterium tuberculosis,SAMEA7560774,93,4342492,0.25
1773.43483,1773,Mycobacterium tuberculosis,SAMEA7560776,86,4371243,0.50
1773.43510,1773,Mycobacterium tuberculosis,SAMEA7560779,86,4371191,0.50
1773.43472,1773,Mycobacterium tuberculosis,SAMEA7560782,109,4352243,0.25
1773.43517,1773,Mycobacterium tuberculosis,SAMEA7560784,97,4373978,0.25
1773.43467,1773,Mycobacterium tuberculosis,SAMEA7560785,104,4392762,0.25
1773.43518,1773,Mycobacterium tuberculosis,SAMEA7560789,117,4323544,0.25
1773.43519,1773,Mycobacterium tuberculosis,SAMEA7560790,108,4342217,0.12
1773.43578,1773,Mycobacterium tuberculosis,SAMEA7560791,100,4348243,1.00
1773.43473,1773,Mycobacterium tuberculosis,SAMEA7560792,127,4329411,0.25
1773.43520,1773,Mycobacterium tuberculosis,SAMEA7560797,100,4338683,0.25
1773.43526,1773,Mycobacterium tuberculosis,SAMEA7560798,171,4286969,0.50
1773.43525,1773,Mycobacterium tuberculosis,SAMEA7560803,99,4362700,0.50
1773.43459,1773,Mycobacterium tuberculosis,SAMEA7560804,111,4358207,0.12
1773.43527,1773,Mycobacterium tuberculosis,SAMEA7560809,133,4312778,0.50
1773.43530,1773,Mycobacterium tuberculosis,SAMEA7560810,90,4366273,0.50
1773.43531,1773,Mycobacterium tuberculosis,SAMEA7560811,107,4347524,0.50
1773.43528,1773,Mycobacterium tuberculosis,SAMEA7560812,97,4372911,0.25
1773.43529,1773,Mycobacterium tuberculosis,SAMEA7560813,101,4345234,0.25
1773.43532,1773,Mycobacterium tuberculosis,SAMEA7560814,113,4330917,0.25
1773.43460,1773,Mycobacterium tuberculosis,SAMEA7560815,117,4333953,0.25
1773.36851,1773,Mycobacterium tuberculosis,SAMEA7560817,108,4371563,0.25
1773.43583,1773,Mycobacterium tuberculosis,SAMEA7560819,115,4342971,0.25
1773.43536,1773,Mycobacterium tuberculosis,SAMEA7560820,105,4318137,0.50
1773.43539,1773,Mycobacterium tuberculosis,SAMEA7560821,110,4339861,0.50
1773.43474,1773,Mycobacterium tuberculosis,SAMEA7560822,130,4374558,0.25
1773.43537,1773,Mycobacterium tuberculosis,SAMEA7560823,107,4317660,0.50
1773.43582,1773,Mycobacterium tuberculosis,SAMEA7560830,100,4343888,0.25
1773.43575,1773,Mycobacterium tuberculosis,SAMEA7560831,97,4366185,0.25
1773.43588,1773,Mycobacterium tuberculosis,SAMEA7560832,135,4315453,0.50
1773.43585,1773,Mycobacterium tuberculosis,SAMEA7560833,105,4309880,0.25
1773.43589,1773,Mycobacterium tuberculosis,SAMEA7560835,86,4361178,0.50
1773.43590,1773,Mycobacterium tuberculosis,SAMEA7560837,115,4337753,0.50
1773.43586,1773,Mycobacterium tuberculosis,SAMEA7560838,97,4366604,0.50
1773.43584,1773,Mycobacterium tuberculosis,SAMEA7560839,121,4381355,0.25
1773.43484,1773,Mycobacterium tuberculosis,SAMEA7560840,108,4339919,0.06
1773.43476,1773,Mycobacterium tuberculosis,SAMEA7560841,103,4373731,0.25
1773.43544,1773,Mycobacterium tuberculosis,SAMEA7560842,109,4365653,0.50
1773.43541,1773,Mycobacterium tuberculosis,SAMEA7560843,106,4335024,0.25
1773.36853,1773,Mycobacterium tuberculosis,SAMEA7560844,102,4334667,0.50
1773.43542,1773,Mycobacterium tuberculosis,SAMEA7560846,123,4344623,0.50
1773.43540,1773,Mycobacterium tuberculosis,SAMEA7560847,115,4343989,0.50
1773.43535,1773,Mycobacterium tuberculosis,SAMEA7560848,118,4340891,0.25
1773.43551,1773,Mycobacterium tuberculosis,SAMEA7560850,87,4357588,1.00
1773.43556,1773,Mycobacterium tuberculosis,SAMEA7560851,103,4307370,0.50
1773.43462,1773,Mycobacterium tuberculosis,SAMEA7560852,120,4360026,0.50
1773.43479,1773,Mycobacterium tuberculosis,SAMEA7560853,107,4340378,0.12
1773.43461,1773,Mycobacterium tuberculosis,SAMEA7560854,123,4341201,0.25
1773.43546,1773,Mycobacterium tuberculosis,SAMEA7560855,122,4343211,0.25
1773.43549,1773,Mycobacterium tuberculosis,SAMEA7560857,115,4315623,0.50
1773.43592,1773,Mycobacterium tuberculosis,SAMEA7560858,106,4345190,0.50
1773.43558,1773,Mycobacterium tuberculosis,SAMEA7560859,101,4349368,0.50
1773.43553,1773,Mycobacterium tuberculosis,SAMEA7560860,96,4372128,0.25
1773.43559,1773,Mycobacterium tuberculosis,SAMEA7560861,96,4373243,0.50
1773.43552,1773,Mycobacterium tuberculosis,SAMEA7560862,88,4368823,0.50
1773.43596,1773,Mycobacterium tuberculosis,SAMEA7560867,85,4369995,0.50
1773.36855,1773,Mycobacterium tuberculosis,SAMEA7560868,104,4363558,0.25
1773.43566,1773,Mycobacterium tuberculosis,SAMEA7560869,80,4363685,0.50
1773.43488,1773,Mycobacterium tuberculosis,SAMEA7560870,85,4366106,1.00
1773.36856,1773,Mycobacterium tuberculosis,SAMEA7560871,115,4360049,0.50
1773.43480,1773,Mycobacterium tuberculosis,SAMEA7560872,92,4368113,0.50
1773.43594,1773,Mycobacterium tuberculosis,SAMEA7560873,100,4367195,0.50
1773.43491,1773,Mycobacterium tuberculosis,SAMEA7560874,110,4317903,0.25
1773.43478,1773,Mycobacterium tuberculosis,SAMEA7560875,118,4346445,0.12
1773.43554,1773,Mycobacterium tuberculosis,SAMEA7560876,118,4332264,0.50
1773.43489,1773,Mycobacterium tuberculosis,SAMEA7560877,110,4319650,0.25
1773.43494,1773,Mycobacterium tuberculosis,SAMEA7560878,82,4365831,0.50
1773.43497,1773,Mycobacterium tuberculosis,SAMEA7560883,125,4327201,0.25
1773.43562,1773,Mycobacterium tuberculosis,SAMEA7560885,94,4370024,0.25
1773.36858,1773,Mycobacterium tuberculosis,SAMEA7560887,99,4361766,0.50
1773.43547,1773,Mycobacterium tuberculosis,SAMEA7560888,142,4265810,0.25
1773.36857,1773,Mycobacterium tuberculosis,SAMEA7560889,105,4347245,0.25
1773.43572,1773,Mycobacterium tuberculosis,SAMEA7560890,93,4359995,0.25
1773.36861,1773,Mycobacterium tuberculosis,SAMEA7560891,115,4330211,0.25
1773.43561,1773,Mycobacterium tuberculosis,SAMEA7560892,115,4321660,0.25
1773.43573,1773,Mycobacterium tuberculosis,SAMEA7560893,99,4349371,0.50
1773.43500,1773,Mycobacterium tuberculosis,SAMEA7560894,100,4320323,0.50
1773.43495,1773,Mycobacterium tuberculosis,SAMEA7560896,114,4343746,0.25
1773.43501,1773,Mycobacterium tuberculosis,SAMEA7560897,134,4312510,0.25
1773.43490,1773,Mycobacterium tuberculosis,SAMEA7560898,102,4335435,0.25
1773.43599,1773,Mycobacterium tuberculosis,SAMEA7560902,104,4366380,0.12
1773.43550,1773,Mycobacterium tuberculosis,SAMEA7560903,145,4302562,0.12
1773.43574,1773,Mycobacterium tuberculosis,SAMEA7560904,108,4326534,0.25
1773.43496,1773,Mycobacterium tuberculosis,SAMEA7560905,115,4329058,0.25
1773.43567,1773,Mycobacterium tuberculosis,SAMEA7560906,102,4349380,0.50
1773.43502,1773,Mycobacterium tuberculosis,SAMEA7560907,102,4343239,0.25
1773.43481,1773,Mycobacterium tuberculosis,SAMEA7560908,106,4334965,0.25
1773.36860,1773,Mycobacterium tuberculosis,SAMEA7560909,98,4349116,0.50
1773.43569,1773,Mycobacterium tuberculosis,SAMEA7560910,96,4352276,0.50
1773.43563,1773,Mycobacterium tuberculosis,SAMEA7560911,104,4371853,0.25
1773.36859,1773,Mycobacterium tuberculosis,SAMEA7560912,97,4341866,0.50
1773.43548,1773,Mycobacterium tuberculosis,SAMEA7560914,163,4207144,0.12
1773.43557,1773,Mycobacterium tuberculosis,SAMEA7560915,105,4369947,0.25
1773.43571,1773,Mycobacterium tuberculosis,SAMEA7560916,85,4338725,0.50
1773.43505,1773,Mycobacterium tuberculosis,SAMEA7560918,121,4332730,1.00
1773.43504,1773,Mycobacterium tuberculosis,SAMEA7560919,107,4336349,0.25
1773.36862,1773,Mycobacterium tuberculosis,SAMEA7560922,101,4332680,0.25
1773.36863,1773,Mycobacterium tuberculosis,SAMEA7560923,96,4354382,0.50
1773.43498,1773,Mycobacterium tuberculosis,SAMEA7560924,98,4345083,0.12
1773.43499,1773,Mycobacterium tuberculosis,SAMEA7560925,101,4328827,0.25
1773.36868,1773,Mycobacterium tuberculosis,SAMEA7560929,107,4343531,0.25
1773.43508,1773,Mycobacterium tuberculosis,SAMEA7560931,118,4333223,0.25
1773.36870,1773,Mycobacterium tuberculosis,SAMEA7560933,112,4322610,0.25
1773.36874,1773,Mycobacterium tuberculosis,SAMEA7560934,110,4357843,0.25
1773.43509,1773,Mycobacterium tuberculosis,SAMEA7560935,111,4340643,0.25
1773.36871,1773,Mycobacterium tuberculosis,SAMEA7560936,97,4378231,0.12
1773.36872,1773,Mycobacterium tuberculosis,SAMEA7560937,167,4330043,0.50
1773.36873,1773,Mycobacterium tuberculosis,SAMEA7560938,112,4344569,0.50
1773.36877,1773,Mycobacterium tuberculosis,SAMEA7560939,98,4347035,0.50
1773.36875,1773,Mycobacterium tuberculosis,SAMEA7560942,82,4361764,0.25
1773.36879,1773,Mycobacterium tuberculosis,SAMEA7560944,113,4376414,0.12
1773.43493,1773,Mycobacterium tuberculosis,SAMEA7560946,85,4350643,0.06
1773.43507,1773,Mycobacterium tuberculosis,SAMEA7560948,95,4347453,0.50
1773.36884,1773,Mycobacterium tuberculosis,SAMEA7560953,107,4346269,0.50
1773.36886,1773,Mycobacterium tuberculosis,SAMEA7560956,103,4331520,0.25
1773.36887,1773,Mycobacterium tuberculosis,SAMEA7560957,130,4337687,0.50
1773.36888,1773,Mycobacterium tuberculosis,SAMEA7560958,105,4333747,0.50
1773.36892,1773,Mycobacterium tuberculosis,SAMEA7560959,131,4310568,0.25
1773.36891,1773,Mycobacterium tuberculosis,SAMEA7560960,88,4362662,0.50
1773.36890,1773,Mycobacterium tuberculosis,SAMEA7560961,92,4368386,0.06
1773.43513,1773,Mycobacterium tuberculosis,SAMEA7560962,76,4377117,0.12
1773.36893,1773,Mycobacterium tuberculosis,SAMEA7560963,98,4344727,0.12
1773.36889,1773,Mycobacterium tuberculosis,SAMEA7560964,106,4341222,0.50
1773.36894,1773,Mycobacterium tuberculosis,SAMEA7560971,129,4350973,1.00
1773.36900,1773,Mycobacterium tuberculosis,SAMEA7560974,103,4342674,0.25
1773.36899,1773,Mycobacterium tuberculosis,SAMEA7560975,85,4363473,0.50
1773.36904,1773,Mycobacterium tuberculosis,SAMEA7560979,101,4346841,0.25
1773.36902,1773,Mycobacterium tuberculosis,SAMEA7560980,199,4321629,0.25
1773.36907,1773,Mycobacterium tuberculosis,SAMEA7560983,93,4377053,0.12
1773.36913,1773,Mycobacterium tuberculosis,SAMEA7560989,92,4343734,0.25
1773.36940,1773,Mycobacterium tuberculosis,SAMEA7560999,153,4298076,0.50
1773.36941,1773,Mycobacterium tuberculosis,SAMEA7561000,106,4338427,0.12
1773.36927,1773,Mycobacterium tuberculosis,SAMEA7561001,90,4352339,0.50
1773.36933,1773,Mycobacterium tuberculosis,SAMEA7561002,89,4363948,1.00
1773.36928,1773,Mycobacterium tuberculosis,SAMEA7561003,103,4339052,1.00
1773.36932,1773,Mycobacterium tuberculosis,SAMEA7561004,106,4345996,0.25
1773.36930,1773,Mycobacterium tuberculosis,SAMEA7561006,90,4338767,0.50
1773.36929,1773,Mycobacterium tuberculosis,SAMEA7561008,101,4346765,0.25
1773.36931,1773,Mycobacterium tuberculosis,SAMEA7561009,102,4344054,0.50
1773.36923,1773,Mycobacterium tuberculosis,SAMEA7561015,95,4360881,0.25
1773.36922,1773,Mycobacterium tuberculosis,SAMEA7561016,107,4359361,1.00
1773.36937,1773,Mycobacterium tuberculosis,SAMEA7561019,82,4364175,0.12
1773.36935,1773,Mycobacterium tuberculosis,SAMEA7561020,97,4347035,0.12
1773.36942,1773,Mycobacterium tuberculosis,SAMEA7561025,108,4387319,0.25
1773.36948,1773,Mycobacterium tuberculosis,SAMEA7561026,98,4349002,1.00
1773.36946,1773,Mycobacterium tuberculosis,SAMEA7561027,85,4331829,1.00
1773.36947,1773,Mycobacterium tuberculosis,SAMEA7561028,86,4347499,0.12
1773.37003,1773,Mycobacterium tuberculosis,SAMEA7561029,90,4346572,0.50
1773.36944,1773,Mycobacterium tuberculosis,SAMEA7561030,103,4329720,0.25
1773.36945,1773,Mycobacterium tuberculosis,SAMEA7561031,105,4260411,0.50
1773.36943,1773,Mycobacterium tuberculosis,SAMEA7561032,79,4374392,0.50
1773.36951,1773,Mycobacterium tuberculosis,SAMEA7561033,90,4362148,0.50
1773.36957,1773,Mycobacterium tuberculosis,SAMEA7561034,78,4376700,0.25
1773.36954,1773,Mycobacterium tuberculosis,SAMEA7561035,91,4354706,0.06
1773.36955,1773,Mycobacterium tuberculosis,SAMEA7561037,98,4329948,0.25
1773.36956,1773,Mycobacterium tuberculosis,SAMEA7561038,92,4387572,0.12
1773.36950,1773,Mycobacterium tuberculosis,SAMEA7561040,75,4348780,0.25
1773.36952,1773,Mycobacterium tuberculosis,SAMEA7561041,113,4346011,0.25
1773.36959,1773,Mycobacterium tuberculosis,SAMEA7561043,114,4323690,0.25
1773.36961,1773,Mycobacterium tuberculosis,SAMEA7561046,100,4339779,0.50
1773.36962,1773,Mycobacterium tuberculosis,SAMEA7561047,99,4349418,0.50
1773.36965,1773,Mycobacterium tuberculosis,SAMEA7561048,84,4340360,0.50
1773.36964,1773,Mycobacterium tuberculosis,SAMEA7561050,87,4349640,0.25
1773.36966,1773,Mycobacterium tuberculosis,SAMEA7561051,103,4348714,0.50
1773.36967,1773,Mycobacterium tuberculosis,SAMEA7561052,106,4321155,0.50
1773.36968,1773,Mycobacterium tuberculosis,SAMEA7561054,87,4340357,0.25
1773.36970,1773,Mycobacterium tuberculosis,SAMEA7561055,96,4367997,0.12
1773.36972,1773,Mycobacterium tuberculosis,SAMEA7561057,120,4329814,0.25
1773.36973,1773,Mycobacterium tuberculosis,SAMEA7561058,105,4347527,0.12
1773.36974,1773,Mycobacterium tuberculosis,SAMEA7561059,171,4305462,0.25
1773.36976,1773,Mycobacterium tuberculosis,SAMEA7561061,108,4349024,1.00
1773.36980,1773,Mycobacterium tuberculosis,SAMEA7561067,112,4356158,0.25
1773.36979,1773,Mycobacterium tuberculosis,SAMEA7561068,91,4336452,0.12
1773.37001,1773,Mycobacterium tuberculosis,SAMEA7561070,93,4353761,0.50
1773.36988,1773,Mycobacterium tuberculosis,SAMEA7561076,97,4334058,0.25
1773.36989,1773,Mycobacterium tuberculosis,SAMEA7561077,166,4319736,0.25
1773.36990,1773,Mycobacterium tuberculosis,SAMEA7561078,90,4359881,0.50
1773.36991,1773,Mycobacterium tuberculosis,SAMEA7561081,100,4343556,0.12
1773.36995,1773,Mycobacterium tuberculosis,SAMEA7561086,120,4377416,8.00
1773.36997,1773,Mycobacterium tuberculosis,SAMEA7561087,92,4344049,0.06
1773.36998,1773,Mycobacterium tuberculosis,SAMEA7561088,129,4338509,0.12
1773.37005,1773,Mycobacterium tuberculosis,SAMEA7561091,102,4373562,0.50
1773.37002,1773,Mycobacterium tuberculosis,SAMEA7561094,103,4340711,0.25
1773.37010,1773,Mycobacterium tuberculosis,SAMEA7561095,105,4364623,0.25
1773.37006,1773,Mycobacterium tuberculosis,SAMEA7561096,99,4346916,0.12
1773.37013,1773,Mycobacterium tuberculosis,SAMEA7561100,103,4351231,0.25
1773.37012,1773,Mycobacterium tuberculosis,SAMEA7561101,94,4343679,0.50
1773.37019,1773,Mycobacterium tuberculosis,SAMEA7561107,110,4339190,0.25
1773.37022,1773,Mycobacterium tuberculosis,SAMEA7561108,219,4326717,0.50
1773.37026,1773,Mycobacterium tuberculosis,SAMEA7561109,88,4351392,0.12
1773.43355,1773,Mycobacterium tuberculosis,SAMEA7561110,167,4301650,0.25
1773.37020,1773,Mycobacterium tuberculosis,SAMEA7561113,183,4329733,0.12
1773.37015,1773,Mycobacterium tuberculosis,SAMEA7561115,98,4351027,0.12
1773.37014,1773,Mycobacterium tuberculosis,SAMEA7561117,93,4344522,0.50
1773.37017,1773,Mycobacterium tuberculosis,SAMEA7561120,102,4338806,0.25
1773.37029,1773,Mycobacterium tuberculosis,SAMEA7561121,107,4335160,0.25
1773.37030,1773,Mycobacterium tuberculosis,SAMEA7561122,104,4355527,0.25
1773.37038,1773,Mycobacterium tuberculosis,SAMEA7561128,136,4343605,0.25
1773.37044,1773,Mycobacterium tuberculosis,SAMEA7561129,95,4357428,0.03
1773.37040,1773,Mycobacterium tuberculosis,SAMEA7561132,101,4344788,0.25
1773.37036,1773,Mycobacterium tuberculosis,SAMEA7561134,102,4334124,0.25
1773.37041,1773,Mycobacterium tuberculosis,SAMEA7561135,123,4333671,0.25
1773.37034,1773,Mycobacterium tuberculosis,SAMEA7561137,116,4343329,0.25
1773.37033,1773,Mycobacterium tuberculosis,SAMEA7561139,113,4348047,0.12
1773.37032,1773,Mycobacterium tuberculosis,SAMEA7561140,99,4338500,0.12
1773.37050,1773,Mycobacterium tuberculosis,SAMEA7561142,103,4345171,0.06
1773.37051,1773,Mycobacterium tuberculosis,SAMEA7561143,94,4345010,0.25
1773.37049,1773,Mycobacterium tuberculosis,SAMEA7561146,77,4363220,0.25
1773.37054,1773,Mycobacterium tuberculosis,SAMEA7561148,94,4336115,0.25
1773.37052,1773,Mycobacterium tuberculosis,SAMEA7561149,127,4347658,0.25
1773.37056,1773,Mycobacterium tuberculosis,SAMEA7561153,105,4336706,0.12
1773.37057,1773,Mycobacterium tuberculosis,SAMEA7561154,118,4334823,0.12
1773.37059,1773,Mycobacterium tuberculosis,SAMEA7561156,122,4334310,0.12
1773.37061,1773,Mycobacterium tuberculosis,SAMEA7561157,100,4350194,0.06
1773.37060,1773,Mycobacterium tuberculosis,SAMEA7561158,202,4316122,0.12
1773.37062,1773,Mycobacterium tuberculosis,SAMEA7561159,111,4333667,0.25
1773.37066,1773,Mycobacterium tuberculosis,SAMEA7561161,114,4339723,0.06
1773.37065,1773,Mycobacterium tuberculosis,SAMEA7561162,98,4325381,0.25
1773.37064,1773,Mycobacterium tuberculosis,SAMEA7561163,105,4344727,0.25
1773.37070,1773,Mycobacterium tuberculosis,SAMEA7561164,111,4333324,0.50
1773.37071,1773,Mycobacterium tuberculosis,SAMEA7561169,107,4347989,0.50
1773.37072,1773,Mycobacterium tuberculosis,SAMEA7561170,107,4332459,0.25
1773.37074,1773,Mycobacterium tuberculosis,SAMEA7561171,152,4330178,0.25
1773.37075,1773,Mycobacterium tuberculosis,SAMEA7561172,101,4346654,2.00
1773.37073,1773,Mycobacterium tuberculosis,SAMEA7561173,114,4341078,0.50
1773.37078,1773,Mycobacterium tuberculosis,SAMEA7561177,107,4346556,0.12
1773.37083,1773,Mycobacterium tuberculosis,SAMEA7561179,89,4362865,0.50
1773.37082,1773,Mycobacterium tuberculosis,SAMEA7561182,109,4332184,0.25
1773.37084,1773,Mycobacterium tuberculosis,SAMEA7561186,103,4365701,0.50
1773.37090,1773,Mycobacterium tuberculosis,SAMEA7561189,92,4362653,0.25
1773.37088,1773,Mycobacterium tuberculosis,SAMEA7561190,110,4336095,0.25
1773.37092,1773,Mycobacterium tuberculosis,SAMEA7561194,109,4334368,0.25
1773.37096,1773,Mycobacterium tuberculosis,SAMEA7561196,101,4362860,0.12
1773.37095,1773,Mycobacterium tuberculosis,SAMEA7561197,134,4317817,0.06
1773.37099,1773,Mycobacterium tuberculosis,SAMEA7561199,87,4335502,0.50
1773.37098,1773,Mycobacterium tuberculosis,SAMEA7561200,94,4363518,0.12
1773.37100,1773,Mycobacterium tuberculosis,SAMEA7561201,118,4357538,0.50
1773.37102,1773,Mycobacterium tuberculosis,SAMEA7561204,102,4369248,0.25
1773.37110,1773,Mycobacterium tuberculosis,SAMEA7561213,124,4314009,0.50
1773.37106,1773,Mycobacterium tuberculosis,SAMEA7561318,136,4292195,0.25
1773.37114,1773,Mycobacterium tuberculosis,SAMEA7561373,130,4328133,0.25
1773.37113,1773,Mycobacterium tuberculosis,SAMEA7561378,156,4286654,0.25
1773.37116,1773,Mycobacterium tuberculosis,SAMEA7561379,153,4294926,0.25
1773.37117,1773,Mycobacterium tuberculosis,SAMEA7561380,132,4273792,0.50
1773.37120,1773,Mycobacterium tuberculosis,SAMEA7561381,158,4247446,0.25
1773.37119,1773,Mycobacterium tuberculosis,SAMEA7561382,184,4263279,0.50
1773.37118,1773,Mycobacterium tuberculosis,SAMEA7561383,163,4278836,0.25
1773.37122,1773,Mycobacterium tuberculosis,SAMEA7561386,152,4284311,0.25
1773.43284,1773,Mycobacterium tuberculosis,SAMEA7561387,144,4295303,0.25
1773.37124,1773,Mycobacterium tuberculosis,SAMEA7561388,150,4260717,0.25
1773.37125,1773,Mycobacterium tuberculosis,SAMEA7561399,146,4254106,0.50
1773.37126,1773,Mycobacterium tuberculosis,SAMEA7561401,142,4312625,0.50
1773.37128,1773,Mycobacterium tuberculosis,SAMEA7561403,148,4288735,0.50
1773.37129,1773,Mycobacterium tuberculosis,SAMEA7561406,131,4316351,0.25
1773.37130,1773,Mycobacterium tuberculosis,SAMEA7561412,138,4301403,0.50
1773.37131,1773,Mycobacterium tuberculosis,SAMEA7561415,137,4318265,0.25
1773.37132,1773,Mycobacterium tuberculosis,SAMEA7561416,133,4322595,0.25
1773.37133,1773,Mycobacterium tuberculosis,SAMEA7561420,132,4316535,0.50
1773.37135,1773,Mycobacterium tuberculosis,SAMEA7561422,122,4294034,0.25
1773.37134,1773,Mycobacterium tuberculosis,SAMEA7561423,140,4308291,0.50
1773.37136,1773,Mycobacterium tuberculosis,SAMEA7561424,136,4297303,0.50
1773.37138,1773,Mycobacterium tuberculosis,SAMEA7561433,151,4300144,0.25
1773.37140,1773,Mycobacterium tuberculosis,SAMEA7561437,139,4304519,1.00
1773.43285,1773,Mycobacterium tuberculosis,SAMEA7561441,150,4298312,0.25
1773.37151,1773,Mycobacterium tuberculosis,SAMEA7561448,150,4302847,0.25
1773.37148,1773,Mycobacterium tuberculosis,SAMEA7561449,135,4265261,0.12
1773.37150,1773,Mycobacterium tuberculosis,SAMEA7561466,138,4312689,0.50
1773.37147,1773,Mycobacterium tuberculosis,SAMEA7561472,130,4320139,0.50
1773.37155,1773,Mycobacterium tuberculosis,SAMEA7561486,157,4310120,0.25
1773.37156,1773,Mycobacterium tuberculosis,SAMEA7561487,155,4281161,0.50
1773.37154,1773,Mycobacterium tuberculosis,SAMEA7561488,166,4286516,0.50
1773.37160,1773,Mycobacterium tuberculosis,SAMEA7561490,172,4264551,0.50
1773.37162,1773,Mycobacterium tuberculosis,SAMEA7561494,170,4306821,0.50
1773.37169,1773,Mycobacterium tuberculosis,SAMEA7561495,127,4331473,0.25
1773.37164,1773,Mycobacterium tuberculosis,SAMEA7561496,144,4303881,0.25
1773.37166,1773,Mycobacterium tuberculosis,SAMEA7561497,177,4287612,0.06
1773.37174,1773,Mycobacterium tuberculosis,SAMEA7561504,157,4303269,0.25
1773.37171,1773,Mycobacterium tuberculosis,SAMEA7561505,153,4278401,0.12
1773.43322,1773,Mycobacterium tuberculosis,SAMEA7561506,157,4276619,0.12
1773.37172,1773,Mycobacterium tuberculosis,SAMEA7561507,147,4276368,0.25
1773.37175,1773,Mycobacterium tuberculosis,SAMEA7561509,173,4267869,0.12
1773.37180,1773,Mycobacterium tuberculosis,SAMEA7561512,127,4254096,0.06
1773.37176,1773,Mycobacterium tuberculosis,SAMEA7561513,151,4310469,0.12
1773.37185,1773,Mycobacterium tuberculosis,SAMEA7561517,187,4304708,0.12
1773.37183,1773,Mycobacterium tuberculosis,SAMEA7561518,193,4272660,0.25
1773.37184,1773,Mycobacterium tuberculosis,SAMEA7561519,174,4295427,0.12
1773.37182,1773,Mycobacterium tuberculosis,SAMEA7561520,148,4291582,0.12
1773.37186,1773,Mycobacterium tuberculosis,SAMEA7561521,154,4257893,0.25
1773.37187,1773,Mycobacterium tuberculosis,SAMEA7561522,131,4266847,0.12
1773.37190,1773,Mycobacterium tuberculosis,SAMEA7561525,131,4276659,0.25
1773.37191,1773,Mycobacterium tuberculosis,SAMEA7561527,150,4284640,0.12
1773.37192,1773,Mycobacterium tuberculosis,SAMEA7561528,124,4320239,0.25
1773.37193,1773,Mycobacterium tuberculosis,SAMEA7561529,143,4318237,0.12
1773.37197,1773,Mycobacterium tuberculosis,SAMEA7561544,175,4305842,0.50
1773.37200,1773,Mycobacterium tuberculosis,SAMEA7561546,137,4306976,0.50
1773.37198,1773,Mycobacterium tuberculosis,SAMEA7561548,136,4318864,0.25
1773.43287,1773,Mycobacterium tuberculosis,SAMEA7561549,123,4299744,0.50
1773.37195,1773,Mycobacterium tuberculosis,SAMEA7561550,139,4300751,0.25
1773.37207,1773,Mycobacterium tuberculosis,SAMEA7561552,173,4303174,0.12
1773.37202,1773,Mycobacterium tuberculosis,SAMEA7561553,176,4262051,0.12
1773.37203,1773,Mycobacterium tuberculosis,SAMEA7561554,138,4315935,0.50
1773.37201,1773,Mycobacterium tuberculosis,SAMEA7561555,132,4304354,4.00
1773.37204,1773,Mycobacterium tuberculosis,SAMEA7561556,139,4300239,0.50
1773.37206,1773,Mycobacterium tuberculosis,SAMEA7561557,129,4307364,0.50
1773.37205,1773,Mycobacterium tuberculosis,SAMEA7561558,139,4292687,0.50
1773.37208,1773,Mycobacterium tuberculosis,SAMEA7561559,129,4281020,0.25
1773.37211,1773,Mycobacterium tuberculosis,SAMEA7561560,163,4278922,0.25
1773.37209,1773,Mycobacterium tuberculosis,SAMEA7561563,169,4237152,0.50
1773.37212,1773,Mycobacterium tuberculosis,SAMEA7561564,179,4291932,0.50
1773.37214,1773,Mycobacterium tuberculosis,SAMEA7561566,155,4327882,0.50
1773.37213,1773,Mycobacterium tuberculosis,SAMEA7561568,158,4309310,0.50
1773.37216,1773,Mycobacterium tuberculosis,SAMEA7561571,130,4320639,1.00
1773.37219,1773,Mycobacterium tuberculosis,SAMEA7561573,152,4292901,0.50
1773.37220,1773,Mycobacterium tuberculosis,SAMEA7561574,149,4276156,0.50
1773.37221,1773,Mycobacterium tuberculosis,SAMEA7561575,147,4263825,0.50
1773.37222,1773,Mycobacterium tuberculosis,SAMEA7561576,168,4255482,0.50
1773.37223,1773,Mycobacterium tuberculosis,SAMEA7561577,153,4257355,0.50
1773.37224,1773,Mycobacterium tuberculosis,SAMEA7561578,148,4278362,0.25
1773.37225,1773,Mycobacterium tuberculosis,SAMEA7561579,161,4268389,0.25
1773.37229,1773,Mycobacterium tuberculosis,SAMEA7561582,137,4270656,1.00
1773.37228,1773,Mycobacterium tuberculosis,SAMEA7561583,160,4273477,0.50
1773.37231,1773,Mycobacterium tuberculosis,SAMEA7561584,161,4252063,0.50
1773.37230,1773,Mycobacterium tuberculosis,SAMEA7561585,163,4266914,0.50
1773.37233,1773,Mycobacterium tuberculosis,SAMEA7561586,150,4282325,0.50
1773.37236,1773,Mycobacterium tuberculosis,SAMEA7561587,156,4268253,0.25
1773.37235,1773,Mycobacterium tuberculosis,SAMEA7561588,157,4273081,0.50
1773.37234,1773,Mycobacterium tuberculosis,SAMEA7561589,178,4279369,0.50
1773.37232,1773,Mycobacterium tuberculosis,SAMEA7561590,146,4251825,0.50
1773.37238,1773,Mycobacterium tuberculosis,SAMEA7561591,147,4294650,0.25
1773.37239,1773,Mycobacterium tuberculosis,SAMEA7561593,152,4283640,0.25
1773.37240,1773,Mycobacterium tuberculosis,SAMEA7561594,155,4258564,0.50
1773.37237,1773,Mycobacterium tuberculosis,SAMEA7561595,197,4248762,0.25
1773.37242,1773,Mycobacterium tuberculosis,SAMEA7561596,162,4276072,0.25
1773.37243,1773,Mycobacterium tuberculosis,SAMEA7561597,189,4279770,0.25
1773.37244,1773,Mycobacterium tuberculosis,SAMEA7561598,153,4249153,0.25
1773.37248,1773,Mycobacterium tuberculosis,SAMEA7561600,170,4279530,0.25
1773.37247,1773,Mycobacterium tuberculosis,SAMEA7561601,189,4257855,0.25
1773.37253,1773,Mycobacterium tuberculosis,SAMEA7561607,159,4294219,0.50
1773.37255,1773,Mycobacterium tuberculosis,SAMEA7561610,168,4298676,0.25
1773.37257,1773,Mycobacterium tuberculosis,SAMEA7561611,179,4300623,0.50
1773.37259,1773,Mycobacterium tuberculosis,SAMEA7561612,167,4291682,1.00
1773.37261,1773,Mycobacterium tuberculosis,SAMEA7561613,148,4296221,0.12
1773.37260,1773,Mycobacterium tuberculosis,SAMEA7561614,146,4285572,0.25
1773.37258,1773,Mycobacterium tuberculosis,SAMEA7561615,157,4283252,0.25
1773.37263,1773,Mycobacterium tuberculosis,SAMEA7561616,146,4292194,0.25
1773.37262,1773,Mycobacterium tuberculosis,SAMEA7561617,151,4289476,0.25
1773.37265,1773,Mycobacterium tuberculosis,SAMEA7561618,145,4314497,0.50
1773.37264,1773,Mycobacterium tuberculosis,SAMEA7561619,152,4307697,0.50
1773.37266,1773,Mycobacterium tuberculosis,SAMEA7561621,172,4306612,0.50
1773.37268,1773,Mycobacterium tuberculosis,SAMEA7561622,166,4281522,0.25
1773.37270,1773,Mycobacterium tuberculosis,SAMEA7561625,163,4236952,0.25
1773.43289,1773,Mycobacterium tuberculosis,SAMEA7561626,199,4248703,0.25
1773.37272,1773,Mycobacterium tuberculosis,SAMEA7561628,158,4289688,0.25
1773.37277,1773,Mycobacterium tuberculosis,SAMEA7561805,151,4281845,0.50
1773.37273,1773,Mycobacterium tuberculosis,SAMEA7561810,158,4307531,0.25
1773.37281,1773,Mycobacterium tuberculosis,SAMEA7561812,186,4273736,0.50
1773.37279,1773,Mycobacterium tuberculosis,SAMEA7561813,140,4271200,0.50
1773.37286,1773,Mycobacterium tuberculosis,SAMEA7561817,145,4241225,0.25
1773.37288,1773,Mycobacterium tuberculosis,SAMEA7561818,178,4328681,0.25
1773.37287,1773,Mycobacterium tuberculosis,SAMEA7561819,175,4296247,0.25
1773.37291,1773,Mycobacterium tuberculosis,SAMEA7561820,141,4308858,0.25
1773.37292,1773,Mycobacterium tuberculosis,SAMEA7561821,157,4283190,0.50
1773.37290,1773,Mycobacterium tuberculosis,SAMEA7561822,160,4283697,0.25
1773.37289,1773,Mycobacterium tuberculosis,SAMEA7561823,158,4314357,0.25
1773.37295,1773,Mycobacterium tuberculosis,SAMEA7561824,197,4263643,0.25
1773.37294,1773,Mycobacterium tuberculosis,SAMEA7561826,153,4292513,0.50
1773.37297,1773,Mycobacterium tuberculosis,SAMEA7561828,167,4298010,0.50
1773.37298,1773,Mycobacterium tuberculosis,SAMEA7561829,176,4288674,0.12
1773.37300,1773,Mycobacterium tuberculosis,SAMEA7561836,130,4293260,0.50
1773.37304,1773,Mycobacterium tuberculosis,SAMEA7561839,159,4290290,0.25
1773.37306,1773,Mycobacterium tuberculosis,SAMEA7561844,154,4310307,0.25
1773.37311,1773,Mycobacterium tuberculosis,SAMEA7561846,145,4297465,1.00
1773.37313,1773,Mycobacterium tuberculosis,SAMEA7561850,159,4293142,0.50
1773.37315,1773,Mycobacterium tuberculosis,SAMEA7561852,141,4276369,1.00
1773.37316,1773,Mycobacterium tuberculosis,SAMEA7561855,134,4252303,0.50
1773.37321,1773,Mycobacterium tuberculosis,SAMEA7561856,169,4294886,0.50
1773.37320,1773,Mycobacterium tuberculosis,SAMEA7561858,157,4289043,0.50
1773.37319,1773,Mycobacterium tuberculosis,SAMEA7561860,158,4296699,0.50
1773.37325,1773,Mycobacterium tuberculosis,SAMEA7561864,150,4295459,1.00
1773.37328,1773,Mycobacterium tuberculosis,SAMEA7561867,167,4270756,1.00
1773.37327,1773,Mycobacterium tuberculosis,SAMEA7561871,173,4290210,1.00
1773.37326,1773,Mycobacterium tuberculosis,SAMEA7561872,150,4300712,1.00
1773.37332,1773,Mycobacterium tuberculosis,SAMEA7561875,173,4246267,0.50
1773.37333,1773,Mycobacterium tuberculosis,SAMEA7561877,156,4283380,1.00
1773.37335,1773,Mycobacterium tuberculosis,SAMEA7561879,160,4322714,1.00
1773.37336,1773,Mycobacterium tuberculosis,SAMEA7561880,160,4303754,1.00
1773.37338,1773,Mycobacterium tuberculosis,SAMEA7561882,159,4272810,0.50
1773.37344,1773,Mycobacterium tuberculosis,SAMEA7561886,162,4295076,0.50
1773.37343,1773,Mycobacterium tuberculosis,SAMEA7561887,178,4318227,1.00
1773.37340,1773,Mycobacterium tuberculosis,SAMEA7561890,210,4244812,0.25
1773.37342,1773,Mycobacterium tuberculosis,SAMEA7561891,165,4283411,0.25
1773.37347,1773,Mycobacterium tuberculosis,SAMEA7561895,175,4306356,0.25
1773.37349,1773,Mycobacterium tuberculosis,SAMEA7561899,175,4304787,1.00
1773.37355,1773,Mycobacterium tuberculosis,SAMEA7561900,175,4282653,1.00
1773.37352,1773,Mycobacterium tuberculosis,SAMEA7561905,156,4312699,0.50
1773.37348,1773,Mycobacterium tuberculosis,SAMEA7561907,166,4280390,1.00
1773.37357,1773,Mycobacterium tuberculosis,SAMEA7561910,172,4276177,1.00
1773.37362,1773,Mycobacterium tuberculosis,SAMEA7561913,173,4225520,0.25
1773.37364,1773,Mycobacterium tuberculosis,SAMEA7561915,165,4308110,1.00
1773.37363,1773,Mycobacterium tuberculosis,SAMEA7561919,172,4270525,0.50
1773.37360,1773,Mycobacterium tuberculosis,SAMEA7561921,170,4302303,0.50
1773.37369,1773,Mycobacterium tuberculosis,SAMEA7561926,186,4290574,0.50
1773.37373,1773,Mycobacterium tuberculosis,SAMEA7561930,167,4274873,0.50
1773.37374,1773,Mycobacterium tuberculosis,SAMEA7561931,167,4322362,0.50
1773.37375,1773,Mycobacterium tuberculosis,SAMEA7561935,152,4298065,0.50
1773.37372,1773,Mycobacterium tuberculosis,SAMEA7561936,153,4304803,0.50
1773.37378,1773,Mycobacterium tuberculosis,SAMEA7561941,194,4270783,8.00
1773.37380,1773,Mycobacterium tuberculosis,SAMEA7561942,170,4318143,0.50
1773.37376,1773,Mycobacterium tuberculosis,SAMEA7561945,170,4240196,0.50
1773.37382,1773,Mycobacterium tuberculosis,SAMEA7561948,171,4300868,0.50
1773.37384,1773,Mycobacterium tuberculosis,SAMEA7561949,175,4268994,0.50
1773.37388,1773,Mycobacterium tuberculosis,SAMEA7561951,166,4295814,1.00
1773.37386,1773,Mycobacterium tuberculosis,SAMEA7561953,155,4295779,0.50
1773.37387,1773,Mycobacterium tuberculosis,SAMEA7561954,162,4275279,1.00
1773.37391,1773,Mycobacterium tuberculosis,SAMEA7561956,148,4293472,1.00
1773.43290,1773,Mycobacterium tuberculosis,SAMEA7561962,159,4285298,1.00
1773.37397,1773,Mycobacterium tuberculosis,SAMEA7561964,140,4277761,1.00
1773.37407,1773,Mycobacterium tuberculosis,SAMEA7561973,173,4293877,0.50
1773.37405,1773,Mycobacterium tuberculosis,SAMEA7561974,149,4303184,0.50
1773.37409,1773,Mycobacterium tuberculosis,SAMEA7561976,126,4312975,1.00
1773.37415,1773,Mycobacterium tuberculosis,SAMEA7561983,128,4305713,0.50
1773.37417,1773,Mycobacterium tuberculosis,SAMEA7561986,149,4301998,0.50
1773.37418,1773,Mycobacterium tuberculosis,SAMEA7561988,154,4260097,0.25
1773.37419,1773,Mycobacterium tuberculosis,SAMEA7561989,142,4293696,0.50
1773.37420,1773,Mycobacterium tuberculosis,SAMEA7561990,140,4299193,0.50
1773.37433,1773,Mycobacterium tuberculosis,SAMEA7561991,141,4297526,1.00
1773.37432,1773,Mycobacterium tuberculosis,SAMEA7561992,145,4312975,0.25
1773.37428,1773,Mycobacterium tuberculosis,SAMEA7561995,139,4296110,0.50
1773.37427,1773,Mycobacterium tuberculosis,SAMEA7561998,125,4278351,0.12
1773.37423,1773,Mycobacterium tuberculosis,SAMEA7561999,126,4333731,1.00
1773.37422,1773,Mycobacterium tuberculosis,SAMEA7562000,153,4303474,0.50
1773.37426,1773,Mycobacterium tuberculosis,SAMEA7562001,126,4249197,0.25
1773.37424,1773,Mycobacterium tuberculosis,SAMEA7562002,131,4304437,0.25
1773.37430,1773,Mycobacterium tuberculosis,SAMEA7562005,139,4287400,1.00
1773.37435,1773,Mycobacterium tuberculosis,SAMEA7562006,136,4278311,0.50
1773.37439,1773,Mycobacterium tuberculosis,SAMEA7562009,161,4299104,0.50
1773.37438,1773,Mycobacterium tuberculosis,SAMEA7562010,173,4311202,1.00
1773.37442,1773,Mycobacterium tuberculosis,SAMEA7562014,154,4291150,1.00
1773.37445,1773,Mycobacterium tuberculosis,SAMEA7562016,177,4290232,0.50
1773.37443,1773,Mycobacterium tuberculosis,SAMEA7562017,180,4283665,0.50
1773.37448,1773,Mycobacterium tuberculosis,SAMEA7562019,164,4297159,1.00
1773.37447,1773,Mycobacterium tuberculosis,SAMEA7562020,159,4263118,1.00
1773.37450,1773,Mycobacterium tuberculosis,SAMEA7562021,207,4276416,0.50
1773.37452,1773,Mycobacterium tuberculosis,SAMEA7562023,145,4298198,0.50
1773.37451,1773,Mycobacterium tuberculosis,SAMEA7562024,157,4304090,0.50
1773.37454,1773,Mycobacterium tuberculosis,SAMEA7562025,160,4315776,0.50
1773.37456,1773,Mycobacterium tuberculosis,SAMEA7562027,152,4311931,1.00
1773.37457,1773,Mycobacterium tuberculosis,SAMEA7562029,187,4284184,1.00
1773.37459,1773,Mycobacterium tuberculosis,SAMEA7562030,158,4310534,1.00
1773.37458,1773,Mycobacterium tuberculosis,SAMEA7562031,129,4319474,0.50
1773.37463,1773,Mycobacterium tuberculosis,SAMEA7562032,136,4299703,0.50
1773.37462,1773,Mycobacterium tuberculosis,SAMEA7562036,130,4291670,1.00
1773.37465,1773,Mycobacterium tuberculosis,SAMEA7562038,160,4300264,0.50
1773.37467,1773,Mycobacterium tuberculosis,SAMEA7562039,150,4300850,1.00
1773.37469,1773,Mycobacterium tuberculosis,SAMEA7562042,149,4296374,0.50
1773.37479,1773,Mycobacterium tuberculosis,SAMEA7562071,125,4296894,0.25
1773.37480,1773,Mycobacterium tuberculosis,SAMEA7562073,127,4303441,1.00
1773.37474,1773,Mycobacterium tuberculosis,SAMEA7562079,116,4275915,1.00
1773.37475,1773,Mycobacterium tuberculosis,SAMEA7562092,154,4292676,0.50
1773.37477,1773,Mycobacterium tuberculosis,SAMEA7562096,143,4318300,1.00
1773.37486,1773,Mycobacterium tuberculosis,SAMEA7562099,123,4315172,0.50
1773.37484,1773,Mycobacterium tuberculosis,SAMEA7562100,153,4302531,1.00
1773.37493,1773,Mycobacterium tuberculosis,SAMEA7562107,139,4313871,0.50
1773.43291,1773,Mycobacterium tuberculosis,SAMEA7562115,129,4305854,0.25
1773.37498,1773,Mycobacterium tuberculosis,SAMEA7562116,160,4304386,0.25
1773.37500,1773,Mycobacterium tuberculosis,SAMEA7562117,134,4334641,0.25
1773.37499,1773,Mycobacterium tuberculosis,SAMEA7562118,134,4292902,0.25
1773.37503,1773,Mycobacterium tuberculosis,SAMEA7562119,125,4312471,0.50
1773.37502,1773,Mycobacterium tuberculosis,SAMEA7562121,141,4280319,0.50
1773.37505,1773,Mycobacterium tuberculosis,SAMEA7562123,153,4300551,0.25
1773.37506,1773,Mycobacterium tuberculosis,SAMEA7562124,168,4331263,0.25
1773.37508,1773,Mycobacterium tuberculosis,SAMEA7562125,143,4305318,0.50
1773.37507,1773,Mycobacterium tuberculosis,SAMEA7562126,164,4300699,0.25
1773.37509,1773,Mycobacterium tuberculosis,SAMEA7562128,163,4249822,0.50
1773.37511,1773,Mycobacterium tuberculosis,SAMEA7562129,160,4295113,1.00
1773.37513,1773,Mycobacterium tuberculosis,SAMEA7562132,157,4311880,0.50
1773.37516,1773,Mycobacterium tuberculosis,SAMEA7562133,153,4311756,1.00
1773.37514,1773,Mycobacterium tuberculosis,SAMEA7562138,136,4302785,0.25
1773.43294,1773,Mycobacterium tuberculosis,SAMEA7562140,128,4335312,0.50
1773.37524,1773,Mycobacterium tuberculosis,SAMEA7562148,144,4305874,0.25
1773.37520,1773,Mycobacterium tuberculosis,SAMEA7562149,166,4328988,1.00
1773.37528,1773,Mycobacterium tuberculosis,SAMEA7562150,158,4313239,0.50
1773.37526,1773,Mycobacterium tuberculosis,SAMEA7562153,145,4304267,0.50
1773.37530,1773,Mycobacterium tuberculosis,SAMEA7562155,175,4298352,0.25
1773.37534,1773,Mycobacterium tuberculosis,SAMEA7562157,173,4292706,0.50
1773.37536,1773,Mycobacterium tuberculosis,SAMEA7562160,167,4293016,1.00
1773.37537,1773,Mycobacterium tuberculosis,SAMEA7562163,159,4313776,1.00
1773.37541,1773,Mycobacterium tuberculosis,SAMEA7562164,160,4269187,1.00
1773.37540,1773,Mycobacterium tuberculosis,SAMEA7562165,158,4306254,1.00
1773.43299,1773,Mycobacterium tuberculosis,SAMEA7562169,151,4312225,0.50
1773.37544,1773,Mycobacterium tuberculosis,SAMEA7562171,140,4277599,1.00
1773.37548,1773,Mycobacterium tuberculosis,SAMEA7562175,146,4284879,1.00
1773.37546,1773,Mycobacterium tuberculosis,SAMEA7562176,150,4299812,0.50
1773.37547,1773,Mycobacterium tuberculosis,SAMEA7562177,156,4295459,1.00
1773.37550,1773,Mycobacterium tuberculosis,SAMEA7562185,138,4296426,0.50
1773.37549,1773,Mycobacterium tuberculosis,SAMEA7562188,157,4301462,0.50
1773.37551,1773,Mycobacterium tuberculosis,SAMEA7562189,166,4284546,0.50
1773.37552,1773,Mycobacterium tuberculosis,SAMEA7562190,150,4303574,1.00
1773.37554,1773,Mycobacterium tuberculosis,SAMEA7562194,146,4307021,0.50
1773.37560,1773,Mycobacterium tuberculosis,SAMEA7562198,154,4260194,0.50
1773.37555,1773,Mycobacterium tuberculosis,SAMEA7562205,138,4306662,1.00
1773.37556,1773,Mycobacterium tuberculosis,SAMEA7562210,129,4275247,1.00
1773.37562,1773,Mycobacterium tuberculosis,SAMEA7562219,159,4264749,1.00
1773.37565,1773,Mycobacterium tuberculosis,SAMEA7562222,177,4335411,0.25
1773.37567,1773,Mycobacterium tuberculosis,SAMEA7562226,162,4312475,1.00
1773.43300,1773,Mycobacterium tuberculosis,SAMEA7562228,151,4283839,1.00
1773.43298,1773,Mycobacterium tuberculosis,SAMEA7562229,126,4302070,0.25
1773.37572,1773,Mycobacterium tuberculosis,SAMEA7562232,120,4315563,0.50
1773.37571,1773,Mycobacterium tuberculosis,SAMEA7562257,147,4298569,0.50
1773.37569,1773,Mycobacterium tuberculosis,SAMEA7562261,143,4247527,0.25
1773.37574,1773,Mycobacterium tuberculosis,SAMEA7562266,146,4294964,0.50
1773.37577,1773,Mycobacterium tuberculosis,SAMEA7562269,144,4296774,0.50
1773.37580,1773,Mycobacterium tuberculosis,SAMEA7562274,165,4290368,1.00
1773.37583,1773,Mycobacterium tuberculosis,SAMEA7562276,146,4256544,0.25
1773.37579,1773,Mycobacterium tuberculosis,SAMEA7562277,126,4301994,0.50
1773.37582,1773,Mycobacterium tuberculosis,SAMEA7562278,145,4280913,0.50
1773.37581,1773,Mycobacterium tuberculosis,SAMEA7562281,158,4285439,0.50
1773.37589,1773,Mycobacterium tuberculosis,SAMEA7562283,114,4315355,0.25
1773.37587,1773,Mycobacterium tuberculosis,SAMEA7562285,160,4288005,0.50
1773.37586,1773,Mycobacterium tuberculosis,SAMEA7562288,170,4280652,0.50
1773.37585,1773,Mycobacterium tuberculosis,SAMEA7562289,150,4256411,0.50
1773.37596,1773,Mycobacterium tuberculosis,SAMEA7562291,153,4314123,0.50
1773.37590,1773,Mycobacterium tuberculosis,SAMEA7562293,129,4313943,0.50
1773.37592,1773,Mycobacterium tuberculosis,SAMEA7562296,135,4294395,0.12
1773.37593,1773,Mycobacterium tuberculosis,SAMEA7562297,174,4298586,0.25
1773.37591,1773,Mycobacterium tuberculosis,SAMEA7562298,136,4288309,0.50
1773.37595,1773,Mycobacterium tuberculosis,SAMEA7562299,179,4274941,0.12
1773.37604,1773,Mycobacterium tuberculosis,SAMEA7562305,120,4317106,0.50
1773.37605,1773,Mycobacterium tuberculosis,SAMEA7562307,140,4304307,0.50
1773.37602,1773,Mycobacterium tuberculosis,SAMEA7562316,150,4295337,0.25
1773.37607,1773,Mycobacterium tuberculosis,SAMEA7562317,142,4285948,0.25
1773.37608,1773,Mycobacterium tuberculosis,SAMEA7562318,130,4292186,4.00
1773.37609,1773,Mycobacterium tuberculosis,SAMEA7562320,134,4332398,0.06
1773.37620,1773,Mycobacterium tuberculosis,SAMEA7562321,139,4308328,0.50
1773.37619,1773,Mycobacterium tuberculosis,SAMEA7562325,147,4304352,0.25
1773.37617,1773,Mycobacterium tuberculosis,SAMEA7562327,150,4310153,0.25
1773.37616,1773,Mycobacterium tuberculosis,SAMEA7562330,156,4291084,0.25
1773.37613,1773,Mycobacterium tuberculosis,SAMEA7562331,137,4291187,0.50
1773.37618,1773,Mycobacterium tuberculosis,SAMEA7562332,139,4270525,0.50
1773.37615,1773,Mycobacterium tuberculosis,SAMEA7562334,142,4311490,0.50
1773.37621,1773,Mycobacterium tuberculosis,SAMEA7562339,120,4320202,0.50
1773.37622,1773,Mycobacterium tuberculosis,SAMEA7562340,123,4319794,0.50
1773.37623,1773,Mycobacterium tuberculosis,SAMEA7562341,119,4261385,0.25
1773.37625,1773,Mycobacterium tuberculosis,SAMEA7562342,113,4324357,0.50
1773.37627,1773,Mycobacterium tuberculosis,SAMEA7562345,123,4322426,0.50
1773.37628,1773,Mycobacterium tuberculosis,SAMEA7562346,138,4285677,0.50
1773.37633,1773,Mycobacterium tuberculosis,SAMEA7562347,113,4315549,0.25
1773.37632,1773,Mycobacterium tuberculosis,SAMEA7562348,120,4350063,0.25
1773.37631,1773,Mycobacterium tuberculosis,SAMEA7562350,125,4316674,0.25
1773.37630,1773,Mycobacterium tuberculosis,SAMEA7562352,119,4314922,0.50
1773.37636,1773,Mycobacterium tuberculosis,SAMEA7562353,132,4320530,0.25
1773.37635,1773,Mycobacterium tuberculosis,SAMEA7562354,128,4314162,0.25
1773.37634,1773,Mycobacterium tuberculosis,SAMEA7562356,125,4318092,0.50
1773.37637,1773,Mycobacterium tuberculosis,SAMEA7562358,120,4335581,0.50
1773.37638,1773,Mycobacterium tuberculosis,SAMEA7562359,115,4344696,0.50
1773.37639,1773,Mycobacterium tuberculosis,SAMEA7562360,122,4331067,0.50
1773.37640,1773,Mycobacterium tuberculosis,SAMEA7562362,143,4303576,0.25
1773.37641,1773,Mycobacterium tuberculosis,SAMEA7562363,162,4256611,0.25
1773.37644,1773,Mycobacterium tuberculosis,SAMEA7562366,144,4273596,1.00
1773.37643,1773,Mycobacterium tuberculosis,SAMEA7562367,164,4271141,0.25
1773.37651,1773,Mycobacterium tuberculosis,SAMEA7562372,144,4292145,0.06
1773.37648,1773,Mycobacterium tuberculosis,SAMEA7562374,138,4319785,0.50
1773.37649,1773,Mycobacterium tuberculosis,SAMEA7562375,148,4314628,0.25
1773.37650,1773,Mycobacterium tuberculosis,SAMEA7562376,147,4325998,0.25
1773.37647,1773,Mycobacterium tuberculosis,SAMEA7562377,140,4334316,0.25
1773.37646,1773,Mycobacterium tuberculosis,SAMEA7562378,166,4324918,0.25
1773.37645,1773,Mycobacterium tuberculosis,SAMEA7562384,135,4319454,0.25
1773.37652,1773,Mycobacterium tuberculosis,SAMEA7562386,141,4325838,0.25
1773.37655,1773,Mycobacterium tuberculosis,SAMEA7562390,123,4324325,0.25
1773.37656,1773,Mycobacterium tuberculosis,SAMEA7562391,131,4322404,0.25
1773.37657,1773,Mycobacterium tuberculosis,SAMEA7562392,176,4299553,0.50
1773.37663,1773,Mycobacterium tuberculosis,SAMEA7562400,137,4296901,0.25
1773.37664,1773,Mycobacterium tuberculosis,SAMEA7562401,140,4323788,0.50
1773.37668,1773,Mycobacterium tuberculosis,SAMEA7562404,174,4275484,0.50
1773.37660,1773,Mycobacterium tuberculosis,SAMEA7562407,154,4324718,0.50
1773.37659,1773,Mycobacterium tuberculosis,SAMEA7562409,143,4326241,0.25
1773.37674,1773,Mycobacterium tuberculosis,SAMEA7562411,135,4283913,0.50
1773.43315,1773,Mycobacterium tuberculosis,SAMEA7562450,131,4308207,0.25
1773.37670,1773,Mycobacterium tuberculosis,SAMEA7562452,122,4316954,0.12
1773.37676,1773,Mycobacterium tuberculosis,SAMEA7562453,143,4286687,0.50
1773.43088,1773,Mycobacterium tuberculosis,SAMEA7562454,93,4343047,0.50
1773.37671,1773,Mycobacterium tuberculosis,SAMEA7562455,80,4357000,0.50
1773.37677,1773,Mycobacterium tuberculosis,SAMEA7562456,126,4297154,0.25
1773.37678,1773,Mycobacterium tuberculosis,SAMEA7562457,135,4335703,0.25
1773.37679,1773,Mycobacterium tuberculosis,SAMEA7562458,118,4320128,0.25
1773.37680,1773,Mycobacterium tuberculosis,SAMEA7562459,91,4364509,0.25
1773.37681,1773,Mycobacterium tuberculosis,SAMEA7562461,132,4286738,0.25
1773.37682,1773,Mycobacterium tuberculosis,SAMEA7562462,133,4334644,0.25
1773.37683,1773,Mycobacterium tuberculosis,SAMEA7562463,109,4313751,0.25
1773.37684,1773,Mycobacterium tuberculosis,SAMEA7562464,135,4315807,0.25
1773.37687,1773,Mycobacterium tuberculosis,SAMEA7562465,110,4339960,0.50
1773.37686,1773,Mycobacterium tuberculosis,SAMEA7562466,71,4344879,0.50
1773.37685,1773,Mycobacterium tuberculosis,SAMEA7562467,132,4329191,0.50
1773.37689,1773,Mycobacterium tuberculosis,SAMEA7562468,145,4319950,0.25
1773.37688,1773,Mycobacterium tuberculosis,SAMEA7562469,128,4337833,0.25
1773.37690,1773,Mycobacterium tuberculosis,SAMEA7562470,128,4334047,1.00
1773.37691,1773,Mycobacterium tuberculosis,SAMEA7562471,139,4332389,0.12
1773.37692,1773,Mycobacterium tuberculosis,SAMEA7562473,131,4331026,0.50
1773.37695,1773,Mycobacterium tuberculosis,SAMEA7562475,126,4324385,0.50
1773.43081,1773,Mycobacterium tuberculosis,SAMEA7562476,114,4340605,0.25
1773.37694,1773,Mycobacterium tuberculosis,SAMEA7562477,128,4334635,0.50
1773.37698,1773,Mycobacterium tuberculosis,SAMEA7562479,126,4337650,0.50
1773.37696,1773,Mycobacterium tuberculosis,SAMEA7562480,135,4277231,0.12
1773.37701,1773,Mycobacterium tuberculosis,SAMEA7562481,134,4312044,0.25
1773.37697,1773,Mycobacterium tuberculosis,SAMEA7562482,133,4294740,0.25
1773.37702,1773,Mycobacterium tuberculosis,SAMEA7562485,125,4328502,0.25
1773.37700,1773,Mycobacterium tuberculosis,SAMEA7562486,86,4351626,0.25
1773.37710,1773,Mycobacterium tuberculosis,SAMEA7562488,127,4334885,0.12
1773.37709,1773,Mycobacterium tuberculosis,SAMEA7562489,155,4327987,0.25
1773.37708,1773,Mycobacterium tuberculosis,SAMEA7562490,115,4347463,0.12
1773.37706,1773,Mycobacterium tuberculosis,SAMEA7562491,132,4315190,0.12
1773.37707,1773,Mycobacterium tuberculosis,SAMEA7562492,149,4322125,0.25
1773.37703,1773,Mycobacterium tuberculosis,SAMEA7562493,131,4335653,0.25
1773.37704,1773,Mycobacterium tuberculosis,SAMEA7562495,81,4344807,0.25
1773.37705,1773,Mycobacterium tuberculosis,SAMEA7562496,137,4331394,0.25
1773.37711,1773,Mycobacterium tuberculosis,SAMEA7562497,131,4326197,0.12
1773.37712,1773,Mycobacterium tuberculosis,SAMEA7562498,111,4338714,0.25
1773.37715,1773,Mycobacterium tuberculosis,SAMEA7562499,136,4338229,0.50
1773.37714,1773,Mycobacterium tuberculosis,SAMEA7562501,128,4328316,0.50
1773.43090,1773,Mycobacterium tuberculosis,SAMEA7562502,139,4322625,0.25
1773.37716,1773,Mycobacterium tuberculosis,SAMEA7562504,117,4322649,1.00
1773.37718,1773,Mycobacterium tuberculosis,SAMEA7562505,128,4328111,0.25
1773.37719,1773,Mycobacterium tuberculosis,SAMEA7562506,100,4342425,0.12
1773.37721,1773,Mycobacterium tuberculosis,SAMEA7562507,142,4328065,0.50
1773.37717,1773,Mycobacterium tuberculosis,SAMEA7562508,126,4335392,0.50
1773.37720,1773,Mycobacterium tuberculosis,SAMEA7562509,143,4335861,0.12
1773.37722,1773,Mycobacterium tuberculosis,SAMEA7562510,123,4339743,0.12
1773.37723,1773,Mycobacterium tuberculosis,SAMEA7562511,88,4342461,0.50
1773.37724,1773,Mycobacterium tuberculosis,SAMEA7562512,139,4337549,0.50
1773.37725,1773,Mycobacterium tuberculosis,SAMEA7562513,139,4315464,0.50
1773.37726,1773,Mycobacterium tuberculosis,SAMEA7562514,137,4332196,0.25
1773.37728,1773,Mycobacterium tuberculosis,SAMEA7562516,82,4339608,0.50
1773.37731,1773,Mycobacterium tuberculosis,SAMEA7562517,144,4323051,0.50
1773.37729,1773,Mycobacterium tuberculosis,SAMEA7562518,122,4326435,0.25
1773.37730,1773,Mycobacterium tuberculosis,SAMEA7562519,136,4338296,0.25
1773.37734,1773,Mycobacterium tuberculosis,SAMEA7562520,128,4334275,0.25
1773.37733,1773,Mycobacterium tuberculosis,SAMEA7562521,127,4310404,0.50
1773.37735,1773,Mycobacterium tuberculosis,SAMEA7562522,122,4346304,0.12
1773.43091,1773,Mycobacterium tuberculosis,SAMEA7562523,99,4325333,0.50
1773.37736,1773,Mycobacterium tuberculosis,SAMEA7562526,125,4324533,0.25
1773.37737,1773,Mycobacterium tuberculosis,SAMEA7562527,77,4345671,0.50
1773.37739,1773,Mycobacterium tuberculosis,SAMEA7562528,137,4317235,0.25
1773.37738,1773,Mycobacterium tuberculosis,SAMEA7562529,125,4318718,0.25
1773.37741,1773,Mycobacterium tuberculosis,SAMEA7562530,145,4319585,0.12
1773.37740,1773,Mycobacterium tuberculosis,SAMEA7562532,144,4326587,0.25
1773.37742,1773,Mycobacterium tuberculosis,SAMEA7562533,133,4333517,0.25
1773.37743,1773,Mycobacterium tuberculosis,SAMEA7562534,136,4334430,0.25
1773.37745,1773,Mycobacterium tuberculosis,SAMEA7562535,133,4323890,0.25
1773.37744,1773,Mycobacterium tuberculosis,SAMEA7562536,117,4334407,0.25
1773.37746,1773,Mycobacterium tuberculosis,SAMEA7562537,107,4349855,0.25
1773.37748,1773,Mycobacterium tuberculosis,SAMEA7562538,91,4340819,0.25
1773.37747,1773,Mycobacterium tuberculosis,SAMEA7562542,119,4328822,0.25
1773.37751,1773,Mycobacterium tuberculosis,SAMEA7562543,135,4319295,0.12
1773.37753,1773,Mycobacterium tuberculosis,SAMEA7562544,138,4317408,0.50
1773.37754,1773,Mycobacterium tuberculosis,SAMEA7562545,97,4339438,0.50
1773.37755,1773,Mycobacterium tuberculosis,SAMEA7562546,93,4347028,0.25
1773.37756,1773,Mycobacterium tuberculosis,SAMEA7562547,85,4346147,0.12
1773.37757,1773,Mycobacterium tuberculosis,SAMEA7562548,103,4378627,0.50
1773.37752,1773,Mycobacterium tuberculosis,SAMEA7562549,121,4333019,0.25
1773.37758,1773,Mycobacterium tuberculosis,SAMEA7562550,125,4332253,0.25
1773.37759,1773,Mycobacterium tuberculosis,SAMEA7562551,141,4327293,0.25
1773.37760,1773,Mycobacterium tuberculosis,SAMEA7562552,138,4327357,0.25
1773.37762,1773,Mycobacterium tuberculosis,SAMEA7562554,134,4333333,0.25
1773.37766,1773,Mycobacterium tuberculosis,SAMEA7562555,98,4341463,0.25
1773.37767,1773,Mycobacterium tuberculosis,SAMEA7562556,103,4346428,0.25
1773.37768,1773,Mycobacterium tuberculosis,SAMEA7562557,122,4339185,0.25
1773.37765,1773,Mycobacterium tuberculosis,SAMEA7562558,115,4359501,0.25
1773.37764,1773,Mycobacterium tuberculosis,SAMEA7562559,134,4330976,0.25
1773.37763,1773,Mycobacterium tuberculosis,SAMEA7562560,114,4333812,0.50
1773.43083,1773,Mycobacterium tuberculosis,SAMEA7562562,128,4284281,0.25
1773.43084,1773,Mycobacterium tuberculosis,SAMEA7562563,116,4332341,0.06
1773.37770,1773,Mycobacterium tuberculosis,SAMEA7562564,123,4342021,0.25
1773.37772,1773,Mycobacterium tuberculosis,SAMEA7562565,130,4331172,0.25
1773.37771,1773,Mycobacterium tuberculosis,SAMEA7562567,98,4351038,0.25
1773.37769,1773,Mycobacterium tuberculosis,SAMEA7562568,129,4308518,0.25
1773.37773,1773,Mycobacterium tuberculosis,SAMEA7562569,123,4337500,0.25
1773.37775,1773,Mycobacterium tuberculosis,SAMEA7562570,133,4336238,0.25
1773.37774,1773,Mycobacterium tuberculosis,SAMEA7562571,134,4331343,0.25
1773.37776,1773,Mycobacterium tuberculosis,SAMEA7562572,137,4338889,0.25
1773.37777,1773,Mycobacterium tuberculosis,SAMEA7562573,127,4324987,0.25
1773.37783,1773,Mycobacterium tuberculosis,SAMEA7562574,136,4329332,0.25
1773.37782,1773,Mycobacterium tuberculosis,SAMEA7562576,106,4343380,0.25
1773.37780,1773,Mycobacterium tuberculosis,SAMEA7562577,77,4345797,0.50
1773.37779,1773,Mycobacterium tuberculosis,SAMEA7562578,110,4332373,0.25
1773.37781,1773,Mycobacterium tuberculosis,SAMEA7562579,129,4329784,0.50
1773.43089,1773,Mycobacterium tuberculosis,SAMEA7562580,103,4340277,0.25
1773.37778,1773,Mycobacterium tuberculosis,SAMEA7562581,132,4355852,0.25
1773.37784,1773,Mycobacterium tuberculosis,SAMEA7562582,126,4323122,0.25
1773.43082,1773,Mycobacterium tuberculosis,SAMEA7562584,126,4331477,0.12
1773.37786,1773,Mycobacterium tuberculosis,SAMEA7562585,129,4318675,0.25
1773.37789,1773,Mycobacterium tuberculosis,SAMEA7562587,137,4325728,0.50
1773.37788,1773,Mycobacterium tuberculosis,SAMEA7562588,108,4339534,0.25
1773.37790,1773,Mycobacterium tuberculosis,SAMEA7562589,106,4368132,0.50
1773.43086,1773,Mycobacterium tuberculosis,SAMEA7562590,127,4326954,0.50
1773.43093,1773,Mycobacterium tuberculosis,SAMEA7562591,118,4284939,0.25
1773.37792,1773,Mycobacterium tuberculosis,SAMEA7562593,137,4323382,0.25
1773.37796,1773,Mycobacterium tuberculosis,SAMEA7562594,130,4317676,0.25
1773.37795,1773,Mycobacterium tuberculosis,SAMEA7562595,137,4326007,0.50
1773.37794,1773,Mycobacterium tuberculosis,SAMEA7562598,109,4326488,0.25
1773.37798,1773,Mycobacterium tuberculosis,SAMEA7562599,133,4305298,0.50
1773.37799,1773,Mycobacterium tuberculosis,SAMEA7562600,144,4319776,0.25
1773.37797,1773,Mycobacterium tuberculosis,SAMEA7562601,90,4339168,0.25
1773.37801,1773,Mycobacterium tuberculosis,SAMEA7562602,94,4344330,0.25
1773.37802,1773,Mycobacterium tuberculosis,SAMEA7562603,96,4283218,0.25
1773.37800,1773,Mycobacterium tuberculosis,SAMEA7562604,135,4326930,0.25
1773.37804,1773,Mycobacterium tuberculosis,SAMEA7562606,133,4330853,0.50
1773.37811,1773,Mycobacterium tuberculosis,SAMEA7562607,129,4331930,0.25
1773.37808,1773,Mycobacterium tuberculosis,SAMEA7562608,165,4327392,0.25
1773.37809,1773,Mycobacterium tuberculosis,SAMEA7562609,128,4331075,0.25
1773.37812,1773,Mycobacterium tuberculosis,SAMEA7562610,111,4329554,0.25
1773.37810,1773,Mycobacterium tuberculosis,SAMEA7562611,108,4361647,0.25
1773.43085,1773,Mycobacterium tuberculosis,SAMEA7562612,137,4333510,0.25
1773.37806,1773,Mycobacterium tuberculosis,SAMEA7562613,101,4343172,0.25
1773.37805,1773,Mycobacterium tuberculosis,SAMEA7562614,129,4328050,0.25
1773.37807,1773,Mycobacterium tuberculosis,SAMEA7562615,105,4286084,0.50
1773.37814,1773,Mycobacterium tuberculosis,SAMEA7562616,96,4343141,0.12
1773.37813,1773,Mycobacterium tuberculosis,SAMEA7562617,109,4336846,0.50
1773.37816,1773,Mycobacterium tuberculosis,SAMEA7562618,117,4328333,0.50
1773.37815,1773,Mycobacterium tuberculosis,SAMEA7562619,139,4339668,0.25
1773.37818,1773,Mycobacterium tuberculosis,SAMEA7562620,144,4329136,0.12
1773.43087,1773,Mycobacterium tuberculosis,SAMEA7562621,120,4334818,0.50
1773.37817,1773,Mycobacterium tuberculosis,SAMEA7562622,111,4337584,0.50
1773.43346,1773,Mycobacterium tuberculosis,SAMEA7562802,96,4362217,1.00
1773.43342,1773,Mycobacterium tuberculosis,SAMEA7562807,74,4361776,1.00
1773.43343,1773,Mycobacterium tuberculosis,SAMEA7562809,104,4338641,0.50
1773.37821,1773,Mycobacterium tuberculosis,SAMEA7562810,90,4348078,0.12
1773.37825,1773,Mycobacterium tuberculosis,SAMEA7562811,87,4339396,0.12
1773.37824,1773,Mycobacterium tuberculosis,SAMEA7562812,98,4339179,0.03
1773.37827,1773,Mycobacterium tuberculosis,SAMEA7562813,132,4327940,0.12
1773.37826,1773,Mycobacterium tuberculosis,SAMEA7562814,159,4321777,0.12
1773.37828,1773,Mycobacterium tuberculosis,SAMEA7562815,156,4325876,0.12
1773.37831,1773,Mycobacterium tuberculosis,SAMEA7562816,131,4338094,0.12
1773.43341,1773,Mycobacterium tuberculosis,SAMEA7562817,146,4325303,0.06
1773.37832,1773,Mycobacterium tuberculosis,SAMEA7562818,139,4331598,0.12
1773.43348,1773,Mycobacterium tuberculosis,SAMEA7562820,105,4333326,0.12
1773.37830,1773,Mycobacterium tuberculosis,SAMEA7562822,101,4347399,0.50
1773.43349,1773,Mycobacterium tuberculosis,SAMEA7562823,108,4341111,0.06
1773.43350,1773,Mycobacterium tuberculosis,SAMEA7562824,94,4345834,0.25
1773.37833,1773,Mycobacterium tuberculosis,SAMEA7562826,110,4315059,0.25
1773.37829,1773,Mycobacterium tuberculosis,SAMEA7562828,115,4328073,0.25
1773.37836,1773,Mycobacterium tuberculosis,SAMEA7562832,127,4336975,0.12
1773.37838,1773,Mycobacterium tuberculosis,SAMEA7562834,108,4345918,0.25
1773.37839,1773,Mycobacterium tuberculosis,SAMEA7562836,137,4316265,0.50
1773.37840,1773,Mycobacterium tuberculosis,SAMEA7562837,111,4338064,0.50
1773.37844,1773,Mycobacterium tuberculosis,SAMEA7562839,88,4370335,0.25
1773.37843,1773,Mycobacterium tuberculosis,SAMEA7562840,107,4341800,0.50
1773.37845,1773,Mycobacterium tuberculosis,SAMEA7562841,104,4337054,0.12
1773.37846,1773,Mycobacterium tuberculosis,SAMEA7562843,96,4336752,0.25
1773.37847,1773,Mycobacterium tuberculosis,SAMEA7562845,148,4322884,0.12
1773.37849,1773,Mycobacterium tuberculosis,SAMEA7562846,157,4325422,0.12
1773.37850,1773,Mycobacterium tuberculosis,SAMEA7562847,150,4316003,0.12
1773.37855,1773,Mycobacterium tuberculosis,SAMEA7562848,99,4347169,0.03
1773.37851,1773,Mycobacterium tuberculosis,SAMEA7562849,95,4346398,0.03
1773.37852,1773,Mycobacterium tuberculosis,SAMEA7562850,101,4343924,1.00
1773.37853,1773,Mycobacterium tuberculosis,SAMEA7562852,100,4343095,0.50
1773.37859,1773,Mycobacterium tuberculosis,SAMEA7562854,97,4345755,0.50
1773.37857,1773,Mycobacterium tuberculosis,SAMEA7562855,101,4338694,0.12
1773.37858,1773,Mycobacterium tuberculosis,SAMEA7562856,95,4345020,0.50
1773.37860,1773,Mycobacterium tuberculosis,SAMEA7562857,102,4345974,0.50
1773.37861,1773,Mycobacterium tuberculosis,SAMEA7562858,107,4339641,0.50
1773.37867,1773,Mycobacterium tuberculosis,SAMEA7562859,108,4343565,0.50
1773.37863,1773,Mycobacterium tuberculosis,SAMEA7562860,87,4336148,0.50
1773.37862,1773,Mycobacterium tuberculosis,SAMEA7562861,96,4334167,0.25
1773.37865,1773,Mycobacterium tuberculosis,SAMEA7562862,77,4365490,0.50
1773.37866,1773,Mycobacterium tuberculosis,SAMEA7562863,93,4335753,0.50
1773.37864,1773,Mycobacterium tuberculosis,SAMEA7562864,102,4338618,0.25
1773.37869,1773,Mycobacterium tuberculosis,SAMEA7562866,199,4324803,0.12
1773.37870,1773,Mycobacterium tuberculosis,SAMEA7562867,109,4359498,0.50
1773.37874,1773,Mycobacterium tuberculosis,SAMEA7562869,84,4343714,0.50
1773.37873,1773,Mycobacterium tuberculosis,SAMEA7562870,121,4342443,0.25
1773.37872,1773,Mycobacterium tuberculosis,SAMEA7562871,111,4344726,0.25
1773.37875,1773,Mycobacterium tuberculosis,SAMEA7562873,108,4364888,0.50
1773.37878,1773,Mycobacterium tuberculosis,SAMEA7562874,107,4347694,0.25
1773.37884,1773,Mycobacterium tuberculosis,SAMEA7562876,145,4346859,0.50
1773.37879,1773,Mycobacterium tuberculosis,SAMEA7562878,131,4342780,0.50
1773.37885,1773,Mycobacterium tuberculosis,SAMEA7562879,108,4345096,0.12
1773.37882,1773,Mycobacterium tuberculosis,SAMEA7562881,108,4342425,0.25
1773.37880,1773,Mycobacterium tuberculosis,SAMEA7562882,138,4329598,0.50
1773.37886,1773,Mycobacterium tuberculosis,SAMEA7562883,107,4343097,0.25
1773.37887,1773,Mycobacterium tuberculosis,SAMEA7562884,110,4338561,0.25
1773.37888,1773,Mycobacterium tuberculosis,SAMEA7562886,76,4361740,0.50
1773.37891,1773,Mycobacterium tuberculosis,SAMEA7562888,94,4351901,0.50
1773.37892,1773,Mycobacterium tuberculosis,SAMEA7562889,110,4342007,0.25
1773.37894,1773,Mycobacterium tuberculosis,SAMEA7562890,82,4361142,0.50
1773.37896,1773,Mycobacterium tuberculosis,SAMEA7562892,111,4347695,0.06
1773.37895,1773,Mycobacterium tuberculosis,SAMEA7562893,110,4345932,0.06
1773.37897,1773,Mycobacterium tuberculosis,SAMEA7562894,96,4350280,0.12
1773.37900,1773,Mycobacterium tuberculosis,SAMEA7562895,97,4347540,0.25
1773.37898,1773,Mycobacterium tuberculosis,SAMEA7562897,99,4324933,0.50
1773.37901,1773,Mycobacterium tuberculosis,SAMEA7562898,145,4328579,0.06
1773.37905,1773,Mycobacterium tuberculosis,SAMEA7562899,99,4341758,0.03
1773.37902,1773,Mycobacterium tuberculosis,SAMEA7562900,99,4343927,0.06
1773.37904,1773,Mycobacterium tuberculosis,SAMEA7562901,93,4364189,0.06
1773.37903,1773,Mycobacterium tuberculosis,SAMEA7562902,114,4379830,0.06
1773.43347,1773,Mycobacterium tuberculosis,SAMEA7562903,104,4355099,0.25
1773.43352,1773,Mycobacterium tuberculosis,SAMEA7562904,159,4298890,0.12
1773.43353,1773,Mycobacterium tuberculosis,SAMEA7562905,106,4339985,0.50
1773.37907,1773,Mycobacterium tuberculosis,SAMEA7562907,137,4337350,0.03
1773.37908,1773,Mycobacterium tuberculosis,SAMEA7562908,94,4376029,0.25
1773.43057,1773,Mycobacterium tuberculosis,SAMEA7563009,82,4345011,0.25
1773.37909,1773,Mycobacterium tuberculosis,SAMEA7563012,105,4340633,0.25
1773.37912,1773,Mycobacterium tuberculosis,SAMEA7563013,84,4343227,0.25
1773.37910,1773,Mycobacterium tuberculosis,SAMEA7563014,80,4346815,0.12
1773.37911,1773,Mycobacterium tuberculosis,SAMEA7563015,91,4331470,0.25
1773.37916,1773,Mycobacterium tuberculosis,SAMEA7563016,88,4338453,0.25
1773.37913,1773,Mycobacterium tuberculosis,SAMEA7563017,99,4283755,0.25
1773.37914,1773,Mycobacterium tuberculosis,SAMEA7563018,97,4339947,0.25
1773.37915,1773,Mycobacterium tuberculosis,SAMEA7563019,89,4338140,0.50
1773.37917,1773,Mycobacterium tuberculosis,SAMEA7563020,101,4342207,0.25
1773.37918,1773,Mycobacterium tuberculosis,SAMEA7563021,146,4260608,0.25
1773.37919,1773,Mycobacterium tuberculosis,SAMEA7563022,95,4342209,0.50
1773.37921,1773,Mycobacterium tuberculosis,SAMEA7563023,95,4345905,0.25
1773.37922,1773,Mycobacterium tuberculosis,SAMEA7563024,90,4339987,0.25
1773.37920,1773,Mycobacterium tuberculosis,SAMEA7563025,83,4342227,0.25
1773.37923,1773,Mycobacterium tuberculosis,SAMEA7563026,87,4281851,0.25
1773.37924,1773,Mycobacterium tuberculosis,SAMEA7563027,80,4335294,0.12
1773.37926,1773,Mycobacterium tuberculosis,SAMEA7563029,92,4340719,0.25
1773.37928,1773,Mycobacterium tuberculosis,SAMEA7563030,88,4339617,0.25
1773.37927,1773,Mycobacterium tuberculosis,SAMEA7563031,86,4332190,0.12
1773.37930,1773,Mycobacterium tuberculosis,SAMEA7563032,86,4342806,0.12
1773.37931,1773,Mycobacterium tuberculosis,SAMEA7563034,82,4341154,0.12
1773.37932,1773,Mycobacterium tuberculosis,SAMEA7563035,94,4336376,0.25
1773.37933,1773,Mycobacterium tuberculosis,SAMEA7563036,77,4342515,0.25
1773.37939,1773,Mycobacterium tuberculosis,SAMEA7563037,85,4339404,0.25
1773.37937,1773,Mycobacterium tuberculosis,SAMEA7563038,92,4336704,0.25
1773.37936,1773,Mycobacterium tuberculosis,SAMEA7563040,88,4333936,0.25
1773.37940,1773,Mycobacterium tuberculosis,SAMEA7563041,92,4345113,0.12
1773.37935,1773,Mycobacterium tuberculosis,SAMEA7563042,94,4371545,0.25
1773.37938,1773,Mycobacterium tuberculosis,SAMEA7563043,94,4336325,0.12
1773.37948,1773,Mycobacterium tuberculosis,SAMEA7563044,80,4335041,0.25
1773.37949,1773,Mycobacterium tuberculosis,SAMEA7563045,87,4343298,0.25
1773.37947,1773,Mycobacterium tuberculosis,SAMEA7563046,99,4342315,0.25
1773.37946,1773,Mycobacterium tuberculosis,SAMEA7563047,99,4343813,0.25
1773.37945,1773,Mycobacterium tuberculosis,SAMEA7563048,103,4342354,0.25
1773.37942,1773,Mycobacterium tuberculosis,SAMEA7563049,100,4342847,0.25
1773.37943,1773,Mycobacterium tuberculosis,SAMEA7563050,88,4336957,0.25
1773.37941,1773,Mycobacterium tuberculosis,SAMEA7563052,91,4331412,0.12
1773.37952,1773,Mycobacterium tuberculosis,SAMEA7563053,96,4336841,0.25
1773.37955,1773,Mycobacterium tuberculosis,SAMEA7563054,87,4343241,0.25
1773.37953,1773,Mycobacterium tuberculosis,SAMEA7563055,95,4343642,0.12
1773.37957,1773,Mycobacterium tuberculosis,SAMEA7563056,100,4341476,0.25
1773.37954,1773,Mycobacterium tuberculosis,SAMEA7563057,88,4341143,0.25
1773.37956,1773,Mycobacterium tuberculosis,SAMEA7563058,92,4335245,0.25
1773.37951,1773,Mycobacterium tuberculosis,SAMEA7563059,93,4379863,0.25
1773.43053,1773,Mycobacterium tuberculosis,SAMEA7563060,106,4336353,0.12
1773.37950,1773,Mycobacterium tuberculosis,SAMEA7563061,87,4284568,0.25
1773.37959,1773,Mycobacterium tuberculosis,SAMEA7563062,85,4337120,0.12
1773.37958,1773,Mycobacterium tuberculosis,SAMEA7563064,90,4283100,0.50
1773.37961,1773,Mycobacterium tuberculosis,SAMEA7563066,90,4284350,0.25
1773.37962,1773,Mycobacterium tuberculosis,SAMEA7563067,94,4339931,0.12
1773.37963,1773,Mycobacterium tuberculosis,SAMEA7563068,92,4337016,0.25
1773.37969,1773,Mycobacterium tuberculosis,SAMEA7563069,94,4337675,0.12
1773.37967,1773,Mycobacterium tuberculosis,SAMEA7563070,96,4343028,0.12
1773.37968,1773,Mycobacterium tuberculosis,SAMEA7563071,95,4340666,0.12
1773.37966,1773,Mycobacterium tuberculosis,SAMEA7563072,90,4345268,0.25
1773.37964,1773,Mycobacterium tuberculosis,SAMEA7563074,78,4366809,0.50
1773.37972,1773,Mycobacterium tuberculosis,SAMEA7563075,77,4360458,0.12
1773.37970,1773,Mycobacterium tuberculosis,SAMEA7563077,86,4343622,0.25
1773.37975,1773,Mycobacterium tuberculosis,SAMEA7563078,89,4342078,0.06
1773.37974,1773,Mycobacterium tuberculosis,SAMEA7563079,97,4345750,0.25
1773.37976,1773,Mycobacterium tuberculosis,SAMEA7563081,93,4336205,0.25
1773.37977,1773,Mycobacterium tuberculosis,SAMEA7563083,103,4331594,0.25
1773.43056,1773,Mycobacterium tuberculosis,SAMEA7563087,88,4343499,0.50
1773.37981,1773,Mycobacterium tuberculosis,SAMEA7563088,94,4344717,0.12
1773.37984,1773,Mycobacterium tuberculosis,SAMEA7563090,84,4374087,0.25
1773.37990,1773,Mycobacterium tuberculosis,SAMEA7563091,89,4337324,0.50
1773.37987,1773,Mycobacterium tuberculosis,SAMEA7563093,97,4296241,0.50
1773.37989,1773,Mycobacterium tuberculosis,SAMEA7563095,89,4358043,0.50
1773.37988,1773,Mycobacterium tuberculosis,SAMEA7563096,104,4350562,0.50
1773.37991,1773,Mycobacterium tuberculosis,SAMEA7563097,94,4338566,0.25
1773.37994,1773,Mycobacterium tuberculosis,SAMEA7563098,96,4344281,0.25
1773.37993,1773,Mycobacterium tuberculosis,SAMEA7563100,90,4335760,0.50
1773.37992,1773,Mycobacterium tuberculosis,SAMEA7563101,96,4343888,0.25
1773.37995,1773,Mycobacterium tuberculosis,SAMEA7563102,94,4339410,0.25
1773.37997,1773,Mycobacterium tuberculosis,SAMEA7563104,128,4314341,0.50
1773.38002,1773,Mycobacterium tuberculosis,SAMEA7563106,123,4324938,0.50
1773.38000,1773,Mycobacterium tuberculosis,SAMEA7563109,129,4308394,0.50
1773.38003,1773,Mycobacterium tuberculosis,SAMEA7563110,136,4320794,0.50
1773.38004,1773,Mycobacterium tuberculosis,SAMEA7563111,134,4308998,0.50
1773.38006,1773,Mycobacterium tuberculosis,SAMEA7563112,141,4303489,0.50
1773.38005,1773,Mycobacterium tuberculosis,SAMEA7563113,179,4285613,0.50
1773.38012,1773,Mycobacterium tuberculosis,SAMEA7563116,121,4314553,0.50
1773.38008,1773,Mycobacterium tuberculosis,SAMEA7563119,125,4320848,0.50
1773.38020,1773,Mycobacterium tuberculosis,SAMEA7563121,139,4317667,0.50
1773.43311,1773,Mycobacterium tuberculosis,SAMEA7563127,118,4316739,0.50
1773.38015,1773,Mycobacterium tuberculosis,SAMEA7563131,136,4327982,0.12
1773.38013,1773,Mycobacterium tuberculosis,SAMEA7563132,121,4320143,0.50
1773.38029,1773,Mycobacterium tuberculosis,SAMEA7563139,129,4330120,0.50
1773.38031,1773,Mycobacterium tuberculosis,SAMEA7563141,144,4325412,0.06
1773.38027,1773,Mycobacterium tuberculosis,SAMEA7563142,151,4304335,0.50
1773.38028,1773,Mycobacterium tuberculosis,SAMEA7563143,126,4330818,0.03
1773.38034,1773,Mycobacterium tuberculosis,SAMEA7563146,135,4276478,0.06
1773.38036,1773,Mycobacterium tuberculosis,SAMEA7563148,155,4299473,0.50
1773.38035,1773,Mycobacterium tuberculosis,SAMEA7563149,132,4267003,0.50
1773.38039,1773,Mycobacterium tuberculosis,SAMEA7563151,131,4313068,0.50
1773.38041,1773,Mycobacterium tuberculosis,SAMEA7563155,134,4307700,0.12
1773.38043,1773,Mycobacterium tuberculosis,SAMEA7563156,146,4306643,0.25
1773.38046,1773,Mycobacterium tuberculosis,SAMEA7563159,129,4223015,0.50
1773.38048,1773,Mycobacterium tuberculosis,SAMEA7563161,145,4307941,0.50
1773.38049,1773,Mycobacterium tuberculosis,SAMEA7563167,137,4304196,1.00
1773.38057,1773,Mycobacterium tuberculosis,SAMEA7563169,130,4309901,0.50
1773.38053,1773,Mycobacterium tuberculosis,SAMEA7563171,131,4306217,0.50
1773.43305,1773,Mycobacterium tuberculosis,SAMEA7563172,133,4282319,0.12
1773.38054,1773,Mycobacterium tuberculosis,SAMEA7563173,138,4310570,0.25
1773.38056,1773,Mycobacterium tuberculosis,SAMEA7563174,138,4258226,0.25
1773.38058,1773,Mycobacterium tuberculosis,SAMEA7563175,142,4316464,0.25
1773.38055,1773,Mycobacterium tuberculosis,SAMEA7563176,125,4308188,0.12
1773.38117,1773,Mycobacterium tuberculosis,SAMEA7563177,132,4298309,0.12
1773.38064,1773,Mycobacterium tuberculosis,SAMEA7563180,129,4295923,0.50
1773.38061,1773,Mycobacterium tuberculosis,SAMEA7563181,125,4301750,0.50
1773.38063,1773,Mycobacterium tuberculosis,SAMEA7563183,124,4292867,0.25
1773.43312,1773,Mycobacterium tuberculosis,SAMEA7563185,131,4299810,0.50
1773.38065,1773,Mycobacterium tuberculosis,SAMEA7563186,143,4282361,0.50
1773.38067,1773,Mycobacterium tuberculosis,SAMEA7563187,127,4326429,0.50
1773.38066,1773,Mycobacterium tuberculosis,SAMEA7563188,134,4284583,0.50
1773.38068,1773,Mycobacterium tuberculosis,SAMEA7563189,135,4299161,0.25
1773.38069,1773,Mycobacterium tuberculosis,SAMEA7563190,126,4312877,0.50
1773.38074,1773,Mycobacterium tuberculosis,SAMEA7563195,123,4295460,0.50
1773.38072,1773,Mycobacterium tuberculosis,SAMEA7563196,129,4336798,0.50
1773.38078,1773,Mycobacterium tuberculosis,SAMEA7563198,128,4303034,0.50
1773.38079,1773,Mycobacterium tuberculosis,SAMEA7563199,170,4284148,0.50
1773.38080,1773,Mycobacterium tuberculosis,SAMEA7563201,162,4249327,0.50
1773.38077,1773,Mycobacterium tuberculosis,SAMEA7563202,158,4299586,0.50
1773.38083,1773,Mycobacterium tuberculosis,SAMEA7563203,164,4287735,0.50
1773.38085,1773,Mycobacterium tuberculosis,SAMEA7563206,173,4272877,0.50
1773.38086,1773,Mycobacterium tuberculosis,SAMEA7563207,157,4269177,0.50
1773.38084,1773,Mycobacterium tuberculosis,SAMEA7563208,168,4285246,0.50
1773.38088,1773,Mycobacterium tuberculosis,SAMEA7563209,154,4290879,0.25
1773.38090,1773,Mycobacterium tuberculosis,SAMEA7563210,164,4275613,0.25
1773.43313,1773,Mycobacterium tuberculosis,SAMEA7563212,152,4329446,0.50
1773.38095,1773,Mycobacterium tuberculosis,SAMEA7563214,172,4271431,0.50
1773.38093,1773,Mycobacterium tuberculosis,SAMEA7563216,175,4254278,0.50
1773.38092,1773,Mycobacterium tuberculosis,SAMEA7563217,172,4296315,0.50
1773.38097,1773,Mycobacterium tuberculosis,SAMEA7563219,175,4291304,0.50
1773.38094,1773,Mycobacterium tuberculosis,SAMEA7563220,146,4282868,0.50
1773.38098,1773,Mycobacterium tuberculosis,SAMEA7563221,175,4257595,1.00
1773.38102,1773,Mycobacterium tuberculosis,SAMEA7563226,170,4305457,0.50
1773.38104,1773,Mycobacterium tuberculosis,SAMEA7563228,169,4286605,1.00
1773.38105,1773,Mycobacterium tuberculosis,SAMEA7563229,128,4320478,0.25
1773.38108,1773,Mycobacterium tuberculosis,SAMEA7563231,164,4304297,0.50
1773.38109,1773,Mycobacterium tuberculosis,SAMEA7563233,146,4325340,0.50
1773.38112,1773,Mycobacterium tuberculosis,SAMEA7563234,132,4319130,0.50
1773.38115,1773,Mycobacterium tuberculosis,SAMEA7563235,150,4283576,0.25
1773.38113,1773,Mycobacterium tuberculosis,SAMEA7563237,169,4294930,0.50
1773.38114,1773,Mycobacterium tuberculosis,SAMEA7563238,149,4294313,0.50
1773.38111,1773,Mycobacterium tuberculosis,SAMEA7563239,165,4284801,0.25
1773.38110,1773,Mycobacterium tuberculosis,SAMEA7563240,154,4313088,0.50
1773.38116,1773,Mycobacterium tuberculosis,SAMEA7563241,137,4317161,0.50
1773.38120,1773,Mycobacterium tuberculosis,SAMEA7563243,141,4304926,0.50
1773.38123,1773,Mycobacterium tuberculosis,SAMEA7563248,161,4311272,0.50
1773.38125,1773,Mycobacterium tuberculosis,SAMEA7563250,155,4319938,0.50
1773.38127,1773,Mycobacterium tuberculosis,SAMEA7563253,129,4325593,0.50
1773.38129,1773,Mycobacterium tuberculosis,SAMEA7563254,150,4321750,1.00
1773.38131,1773,Mycobacterium tuberculosis,SAMEA7563256,127,4316646,0.50
1773.38132,1773,Mycobacterium tuberculosis,SAMEA7563257,150,4314346,0.50
1773.38133,1773,Mycobacterium tuberculosis,SAMEA7563258,144,4268943,0.50
1773.38136,1773,Mycobacterium tuberculosis,SAMEA7563259,123,4326635,0.50
1773.38135,1773,Mycobacterium tuberculosis,SAMEA7563261,117,4287977,0.50
1773.38137,1773,Mycobacterium tuberculosis,SAMEA7563262,137,4328166,0.25
1773.38138,1773,Mycobacterium tuberculosis,SAMEA7563263,151,4315940,0.50
1773.38141,1773,Mycobacterium tuberculosis,SAMEA7563264,153,4321958,0.50
1773.38142,1773,Mycobacterium tuberculosis,SAMEA7563267,180,4240270,0.50
1773.38144,1773,Mycobacterium tuberculosis,SAMEA7563269,138,4324779,8.00
1773.38146,1773,Mycobacterium tuberculosis,SAMEA7563271,144,4280011,0.25
1773.38148,1773,Mycobacterium tuberculosis,SAMEA7563272,144,4314227,0.50
1773.38149,1773,Mycobacterium tuberculosis,SAMEA7563275,137,4323557,0.25
1773.38150,1773,Mycobacterium tuberculosis,SAMEA7563276,168,4307519,0.50
1773.38151,1773,Mycobacterium tuberculosis,SAMEA7563278,127,4329551,0.25
1773.38156,1773,Mycobacterium tuberculosis,SAMEA7563279,118,4317273,0.25
1773.38155,1773,Mycobacterium tuberculosis,SAMEA7563280,136,4298530,0.25
1773.38153,1773,Mycobacterium tuberculosis,SAMEA7563284,140,4265664,0.50
1773.38158,1773,Mycobacterium tuberculosis,SAMEA7563285,113,4334527,0.25
1773.38161,1773,Mycobacterium tuberculosis,SAMEA7563287,138,4298932,0.25
1773.38157,1773,Mycobacterium tuberculosis,SAMEA7563288,166,4284316,0.25
1773.38160,1773,Mycobacterium tuberculosis,SAMEA7563289,265,4264489,0.25
1773.38159,1773,Mycobacterium tuberculosis,SAMEA7563290,221,4258492,0.25
1773.38166,1773,Mycobacterium tuberculosis,SAMEA7563292,173,4276041,0.50
1773.38165,1773,Mycobacterium tuberculosis,SAMEA7563299,176,4295466,0.50
1773.38162,1773,Mycobacterium tuberculosis,SAMEA7563300,189,4282811,0.50
1773.38172,1773,Mycobacterium tuberculosis,SAMEA7563304,163,4283865,0.25
1773.38170,1773,Mycobacterium tuberculosis,SAMEA7563305,153,4245557,0.25
1773.38171,1773,Mycobacterium tuberculosis,SAMEA7563306,230,4280117,0.25
1773.38177,1773,Mycobacterium tuberculosis,SAMEA7563307,164,4279026,0.50
1773.38176,1773,Mycobacterium tuberculosis,SAMEA7563308,205,4262907,0.25
1773.38179,1773,Mycobacterium tuberculosis,SAMEA7563311,187,4275230,0.12
1773.38174,1773,Mycobacterium tuberculosis,SAMEA7563312,220,4242774,0.25
1773.38178,1773,Mycobacterium tuberculosis,SAMEA7563313,154,4285440,0.25
1773.38173,1773,Mycobacterium tuberculosis,SAMEA7563314,160,4249973,0.50
1773.38186,1773,Mycobacterium tuberculosis,SAMEA7563317,155,4301720,0.25
1773.38182,1773,Mycobacterium tuberculosis,SAMEA7563318,140,4285136,0.25
1773.38187,1773,Mycobacterium tuberculosis,SAMEA7563319,172,4286983,0.25
1773.38185,1773,Mycobacterium tuberculosis,SAMEA7563327,167,4329881,0.25
1773.38184,1773,Mycobacterium tuberculosis,SAMEA7563330,122,4304044,0.25
1773.38183,1773,Mycobacterium tuberculosis,SAMEA7563332,160,4327382,0.50
1773.38188,1773,Mycobacterium tuberculosis,SAMEA7563333,103,4343759,0.25
1773.38189,1773,Mycobacterium tuberculosis,SAMEA7563334,106,4336840,0.25
1773.38190,1773,Mycobacterium tuberculosis,SAMEA7563335,123,4308666,0.25
1773.38191,1773,Mycobacterium tuberculosis,SAMEA7563336,125,4308125,0.25
1773.38192,1773,Mycobacterium tuberculosis,SAMEA7563338,114,4339459,0.06
1773.38193,1773,Mycobacterium tuberculosis,SAMEA7563339,130,4330790,0.25
1773.38195,1773,Mycobacterium tuberculosis,SAMEA7563341,136,4332267,0.50
1773.38196,1773,Mycobacterium tuberculosis,SAMEA7563342,132,4329015,0.25
1773.38198,1773,Mycobacterium tuberculosis,SAMEA7563344,130,4328861,0.25
1773.38199,1773,Mycobacterium tuberculosis,SAMEA7563345,136,4324131,0.50
1773.38200,1773,Mycobacterium tuberculosis,SAMEA7563346,123,4331070,0.25
1773.38201,1773,Mycobacterium tuberculosis,SAMEA7563347,133,4331869,0.25
1773.38202,1773,Mycobacterium tuberculosis,SAMEA7563348,123,4334031,0.25
1773.38203,1773,Mycobacterium tuberculosis,SAMEA7563349,142,4328249,0.25
1773.38206,1773,Mycobacterium tuberculosis,SAMEA7563351,139,4333195,0.50
1773.38205,1773,Mycobacterium tuberculosis,SAMEA7563352,124,4340154,0.25
1773.38208,1773,Mycobacterium tuberculosis,SAMEA7563353,146,4334548,0.25
1773.38207,1773,Mycobacterium tuberculosis,SAMEA7563354,132,4329373,0.25
1773.38209,1773,Mycobacterium tuberculosis,SAMEA7563355,135,4334486,0.25
1773.38213,1773,Mycobacterium tuberculosis,SAMEA7563356,133,4335112,0.25
1773.38212,1773,Mycobacterium tuberculosis,SAMEA7563357,190,4325319,0.25
1773.38210,1773,Mycobacterium tuberculosis,SAMEA7563358,129,4334065,0.25
1773.38211,1773,Mycobacterium tuberculosis,SAMEA7563359,137,4334108,0.25
1773.38214,1773,Mycobacterium tuberculosis,SAMEA7563360,112,4353103,0.25
1773.38215,1773,Mycobacterium tuberculosis,SAMEA7563361,147,4329690,0.25
1773.38216,1773,Mycobacterium tuberculosis,SAMEA7563362,153,4353541,0.25
1773.38219,1773,Mycobacterium tuberculosis,SAMEA7563363,132,4327695,0.25
1773.38218,1773,Mycobacterium tuberculosis,SAMEA7563364,131,4340879,0.50
1773.38217,1773,Mycobacterium tuberculosis,SAMEA7563365,137,4336696,0.25
1773.38220,1773,Mycobacterium tuberculosis,SAMEA7563366,128,4339245,0.25
1773.38225,1773,Mycobacterium tuberculosis,SAMEA7563367,137,4335589,0.25
1773.38235,1773,Mycobacterium tuberculosis,SAMEA7563368,132,4335934,0.50
1773.38234,1773,Mycobacterium tuberculosis,SAMEA7563370,136,4334249,0.50
1773.38230,1773,Mycobacterium tuberculosis,SAMEA7563371,151,4328332,0.25
1773.38233,1773,Mycobacterium tuberculosis,SAMEA7563372,134,4303713,0.25
1773.38231,1773,Mycobacterium tuberculosis,SAMEA7563374,153,4335962,0.12
1773.38226,1773,Mycobacterium tuberculosis,SAMEA7563375,131,4339818,0.25
1773.38228,1773,Mycobacterium tuberculosis,SAMEA7563376,132,4336101,0.25
1773.38222,1773,Mycobacterium tuberculosis,SAMEA7563377,135,4337570,0.25
1773.38221,1773,Mycobacterium tuberculosis,SAMEA7563378,125,4323664,0.25
1773.38229,1773,Mycobacterium tuberculosis,SAMEA7563379,147,4338170,0.50
1773.38224,1773,Mycobacterium tuberculosis,SAMEA7563380,142,4328858,0.50
1773.38223,1773,Mycobacterium tuberculosis,SAMEA7563381,119,4334219,0.25
1773.38250,1773,Mycobacterium tuberculosis,SAMEA7563383,128,4331877,0.25
1773.38237,1773,Mycobacterium tuberculosis,SAMEA7563384,107,4332745,0.50
1773.38247,1773,Mycobacterium tuberculosis,SAMEA7563385,119,4348725,0.25
1773.43063,1773,Mycobacterium tuberculosis,SAMEA7563387,129,4337690,0.25
1773.38248,1773,Mycobacterium tuberculosis,SAMEA7563389,124,4332469,0.50
1773.38244,1773,Mycobacterium tuberculosis,SAMEA7563391,119,4338970,0.25
1773.38246,1773,Mycobacterium tuberculosis,SAMEA7563392,118,4337976,0.25
1773.43064,1773,Mycobacterium tuberculosis,SAMEA7563393,129,4334891,0.25
1773.38242,1773,Mycobacterium tuberculosis,SAMEA7563394,120,4336991,0.25
1773.38245,1773,Mycobacterium tuberculosis,SAMEA7563395,132,4334899,0.25
1773.38239,1773,Mycobacterium tuberculosis,SAMEA7563398,132,4329162,0.25
1773.38240,1773,Mycobacterium tuberculosis,SAMEA7563399,126,4333675,0.25
1773.38238,1773,Mycobacterium tuberculosis,SAMEA7563400,107,4342949,0.25
1773.38241,1773,Mycobacterium tuberculosis,SAMEA7563401,125,4333709,0.12
1773.38251,1773,Mycobacterium tuberculosis,SAMEA7563402,114,4326700,0.25
1773.38254,1773,Mycobacterium tuberculosis,SAMEA7563404,121,4339767,0.50
1773.38253,1773,Mycobacterium tuberculosis,SAMEA7563405,113,4336013,0.50
1773.38257,1773,Mycobacterium tuberculosis,SAMEA7563407,100,4357802,0.25
1773.38259,1773,Mycobacterium tuberculosis,SAMEA7563408,129,4335716,0.25
1773.38258,1773,Mycobacterium tuberculosis,SAMEA7563409,128,4329914,0.25
1773.38260,1773,Mycobacterium tuberculosis,SAMEA7563411,128,4331904,0.25
1773.38261,1773,Mycobacterium tuberculosis,SAMEA7563412,135,4330599,0.25
1773.38262,1773,Mycobacterium tuberculosis,SAMEA7563413,124,4338202,0.50
1773.38264,1773,Mycobacterium tuberculosis,SAMEA7563415,107,4339339,0.25
1773.38268,1773,Mycobacterium tuberculosis,SAMEA7563416,116,4336070,0.25
1773.38265,1773,Mycobacterium tuberculosis,SAMEA7563417,116,4338276,0.25
1773.38266,1773,Mycobacterium tuberculosis,SAMEA7563419,127,4338149,0.50
1773.38269,1773,Mycobacterium tuberculosis,SAMEA7563421,103,4336454,0.50
1773.38270,1773,Mycobacterium tuberculosis,SAMEA7563422,123,4332889,0.50
1773.38272,1773,Mycobacterium tuberculosis,SAMEA7563424,130,4335021,0.12
1773.38274,1773,Mycobacterium tuberculosis,SAMEA7563425,117,4330897,0.25
1773.38273,1773,Mycobacterium tuberculosis,SAMEA7563426,128,4328800,0.25
1773.38275,1773,Mycobacterium tuberculosis,SAMEA7563427,118,4336387,0.50
1773.38276,1773,Mycobacterium tuberculosis,SAMEA7563428,120,4327307,0.50
1773.38277,1773,Mycobacterium tuberculosis,SAMEA7563429,127,4337760,0.25
1773.38279,1773,Mycobacterium tuberculosis,SAMEA7563431,126,4336577,0.25
1773.38287,1773,Mycobacterium tuberculosis,SAMEA7563432,110,4289549,0.50
1773.38291,1773,Mycobacterium tuberculosis,SAMEA7563433,117,4324789,0.50
1773.38284,1773,Mycobacterium tuberculosis,SAMEA7563436,123,4328969,0.50
1773.38283,1773,Mycobacterium tuberculosis,SAMEA7563437,115,4334982,0.50
1773.43075,1773,Mycobacterium tuberculosis,SAMEA7563441,125,4300767,0.25
1773.43066,1773,Mycobacterium tuberculosis,SAMEA7563442,117,4331936,0.25
1773.38292,1773,Mycobacterium tuberculosis,SAMEA7563443,103,4358222,0.50
1773.38289,1773,Mycobacterium tuberculosis,SAMEA7563444,135,4318004,0.25
1773.38293,1773,Mycobacterium tuberculosis,SAMEA7563445,125,4336569,0.50
1773.38295,1773,Mycobacterium tuberculosis,SAMEA7563448,102,4365493,0.25
1773.38296,1773,Mycobacterium tuberculosis,SAMEA7563449,117,4331031,0.25
1773.38294,1773,Mycobacterium tuberculosis,SAMEA7563450,114,4332530,0.25
1773.38297,1773,Mycobacterium tuberculosis,SAMEA7563452,125,4329414,0.25
1773.38299,1773,Mycobacterium tuberculosis,SAMEA7563455,128,4295673,0.25
1773.38303,1773,Mycobacterium tuberculosis,SAMEA7563456,121,4332126,0.12
1773.38302,1773,Mycobacterium tuberculosis,SAMEA7563457,139,4334185,0.25
1773.38309,1773,Mycobacterium tuberculosis,SAMEA7563458,164,4329719,0.25
1773.38308,1773,Mycobacterium tuberculosis,SAMEA7563460,126,4328530,0.12
1773.38306,1773,Mycobacterium tuberculosis,SAMEA7563461,117,4342135,0.50
1773.38307,1773,Mycobacterium tuberculosis,SAMEA7563462,120,4336717,0.25
1773.38305,1773,Mycobacterium tuberculosis,SAMEA7563463,125,4336773,0.25
1773.38311,1773,Mycobacterium tuberculosis,SAMEA7563464,123,4344010,0.25
1773.38310,1773,Mycobacterium tuberculosis,SAMEA7563465,133,4336651,0.25
1773.38313,1773,Mycobacterium tuberculosis,SAMEA7563467,123,4301358,0.25
1773.38317,1773,Mycobacterium tuberculosis,SAMEA7563468,128,4336644,0.25
1773.38319,1773,Mycobacterium tuberculosis,SAMEA7563469,115,4284277,0.25
1773.38318,1773,Mycobacterium tuberculosis,SAMEA7563470,122,4343210,0.25
1773.38314,1773,Mycobacterium tuberculosis,SAMEA7563471,118,4341431,0.50
1773.38316,1773,Mycobacterium tuberculosis,SAMEA7563472,109,4359183,0.25
1773.38324,1773,Mycobacterium tuberculosis,SAMEA7563475,117,4338221,0.50
1773.38321,1773,Mycobacterium tuberculosis,SAMEA7563476,125,4348177,0.25
1773.38323,1773,Mycobacterium tuberculosis,SAMEA7563477,119,4331512,0.50
1773.38328,1773,Mycobacterium tuberculosis,SAMEA7563482,122,4366913,0.25
1773.38329,1773,Mycobacterium tuberculosis,SAMEA7563483,115,4366937,0.25
1773.38331,1773,Mycobacterium tuberculosis,SAMEA7563484,106,4341241,0.50
1773.38333,1773,Mycobacterium tuberculosis,SAMEA7563485,116,4350201,0.25
1773.38338,1773,Mycobacterium tuberculosis,SAMEA7563490,129,4310736,0.50
1773.38339,1773,Mycobacterium tuberculosis,SAMEA7563492,137,4323623,0.50
1773.38343,1773,Mycobacterium tuberculosis,SAMEA7563494,129,4340968,0.25
1773.38342,1773,Mycobacterium tuberculosis,SAMEA7563496,109,4353708,0.25
1773.38348,1773,Mycobacterium tuberculosis,SAMEA7563501,128,4353621,0.25
1773.38345,1773,Mycobacterium tuberculosis,SAMEA7563502,139,4327166,0.25
1773.38344,1773,Mycobacterium tuberculosis,SAMEA7563505,111,4353132,0.50
1773.38351,1773,Mycobacterium tuberculosis,SAMEA7563507,125,4327363,0.25
1773.38355,1773,Mycobacterium tuberculosis,SAMEA7563510,121,4349192,0.25
1773.38358,1773,Mycobacterium tuberculosis,SAMEA7563515,113,4317004,0.50
1773.38362,1773,Mycobacterium tuberculosis,SAMEA7563517,121,4358536,0.25
1773.38367,1773,Mycobacterium tuberculosis,SAMEA7563522,129,4326413,0.50
1773.38371,1773,Mycobacterium tuberculosis,SAMEA7563525,137,4350534,0.25
1773.38370,1773,Mycobacterium tuberculosis,SAMEA7563526,127,4332797,0.50
1773.38378,1773,Mycobacterium tuberculosis,SAMEA7563528,139,4338981,0.50
1773.38377,1773,Mycobacterium tuberculosis,SAMEA7563529,118,4335201,0.12
1773.38376,1773,Mycobacterium tuberculosis,SAMEA7563531,139,4331014,0.25
1773.38372,1773,Mycobacterium tuberculosis,SAMEA7563547,123,4330182,0.25
1773.38381,1773,Mycobacterium tuberculosis,SAMEA7563548,115,4336718,0.25
1773.38384,1773,Mycobacterium tuberculosis,SAMEA7563550,104,4344041,0.25
1773.38383,1773,Mycobacterium tuberculosis,SAMEA7563551,104,4350988,0.25
1773.38382,1773,Mycobacterium tuberculosis,SAMEA7563552,100,4343204,0.50
1773.38385,1773,Mycobacterium tuberculosis,SAMEA7563554,141,4342728,0.25
1773.38392,1773,Mycobacterium tuberculosis,SAMEA7563555,111,4321235,0.25
1773.38393,1773,Mycobacterium tuberculosis,SAMEA7563556,98,4348795,0.25
1773.38387,1773,Mycobacterium tuberculosis,SAMEA7563557,98,4305305,0.25
1773.38389,1773,Mycobacterium tuberculosis,SAMEA7563559,105,4357349,0.25
1773.38390,1773,Mycobacterium tuberculosis,SAMEA7563563,119,4325332,0.12
1773.38394,1773,Mycobacterium tuberculosis,SAMEA7563564,105,4290322,0.25
1773.38396,1773,Mycobacterium tuberculosis,SAMEA7563565,112,4332402,0.25
1773.38395,1773,Mycobacterium tuberculosis,SAMEA7563566,107,4357363,0.25
1773.38450,1773,Mycobacterium tuberculosis,SAMEA7563567,107,4341896,0.25
1773.38451,1773,Mycobacterium tuberculosis,SAMEA7563568,115,4329482,0.25
1773.38452,1773,Mycobacterium tuberculosis,SAMEA7563569,105,4344999,0.50
1773.38398,1773,Mycobacterium tuberculosis,SAMEA7563572,115,4330869,0.25
1773.38397,1773,Mycobacterium tuberculosis,SAMEA7563573,105,4341321,0.25
1773.38401,1773,Mycobacterium tuberculosis,SAMEA7563574,105,4305524,0.25
1773.38400,1773,Mycobacterium tuberculosis,SAMEA7563576,112,4339113,0.25
1773.38405,1773,Mycobacterium tuberculosis,SAMEA7563578,111,4345409,0.25
1773.38404,1773,Mycobacterium tuberculosis,SAMEA7563579,103,4316977,0.25
1773.38410,1773,Mycobacterium tuberculosis,SAMEA7563581,114,4308096,0.50
1773.38408,1773,Mycobacterium tuberculosis,SAMEA7563583,99,4352898,0.25
1773.38412,1773,Mycobacterium tuberculosis,SAMEA7563586,113,4332923,0.25
1773.38414,1773,Mycobacterium tuberculosis,SAMEA7563587,141,4333322,0.12
1773.38413,1773,Mycobacterium tuberculosis,SAMEA7563588,101,4353392,0.25
1773.38416,1773,Mycobacterium tuberculosis,SAMEA7563591,110,4364783,0.50
1773.38418,1773,Mycobacterium tuberculosis,SAMEA7563592,101,4305390,0.25
1773.38431,1773,Mycobacterium tuberculosis,SAMEA7563605,112,4335890,0.50
1773.38432,1773,Mycobacterium tuberculosis,SAMEA7563607,97,4349897,0.50
1773.38434,1773,Mycobacterium tuberculosis,SAMEA7563608,138,4328360,8.00
1773.38433,1773,Mycobacterium tuberculosis,SAMEA7563609,119,4338661,0.25
1773.38440,1773,Mycobacterium tuberculosis,SAMEA7563613,91,4355638,0.50
1773.38579,1773,Mycobacterium tuberculosis,SAMEA7563614,117,4332711,0.50
1773.38580,1773,Mycobacterium tuberculosis,SAMEA7563616,102,4343401,0.50
1773.38435,1773,Mycobacterium tuberculosis,SAMEA7563617,95,4347065,0.50
1773.38437,1773,Mycobacterium tuberculosis,SAMEA7563618,104,4339679,0.25
1773.38444,1773,Mycobacterium tuberculosis,SAMEA7563621,110,4336779,0.25
1773.38448,1773,Mycobacterium tuberculosis,SAMEA7563622,112,4341574,0.12
1773.38445,1773,Mycobacterium tuberculosis,SAMEA7563624,105,4337580,0.25
1773.38456,1773,Mycobacterium tuberculosis,SAMEA7563629,110,4354967,0.25
1773.38454,1773,Mycobacterium tuberculosis,SAMEA7563630,106,4362641,0.50
1773.38455,1773,Mycobacterium tuberculosis,SAMEA7563631,96,4374522,0.50
1773.38459,1773,Mycobacterium tuberculosis,SAMEA7563633,111,4322268,0.50
1773.38458,1773,Mycobacterium tuberculosis,SAMEA7563634,105,4339912,0.25
1773.38457,1773,Mycobacterium tuberculosis,SAMEA7563635,106,4341173,0.50
1773.38465,1773,Mycobacterium tuberculosis,SAMEA7563636,114,4341792,0.25
1773.38462,1773,Mycobacterium tuberculosis,SAMEA7563638,122,4336552,0.50
1773.38466,1773,Mycobacterium tuberculosis,SAMEA7563642,116,4351452,0.50
1773.38469,1773,Mycobacterium tuberculosis,SAMEA7563645,102,4362671,0.50
1773.38470,1773,Mycobacterium tuberculosis,SAMEA7563646,105,4342749,0.25
1773.38471,1773,Mycobacterium tuberculosis,SAMEA7563647,112,4382745,0.25
1773.38472,1773,Mycobacterium tuberculosis,SAMEA7563648,101,4348146,0.50
1773.38473,1773,Mycobacterium tuberculosis,SAMEA7563649,118,4331722,0.25
1773.38474,1773,Mycobacterium tuberculosis,SAMEA7563650,108,4352974,0.25
1773.38476,1773,Mycobacterium tuberculosis,SAMEA7563652,98,4334019,0.50
1773.38477,1773,Mycobacterium tuberculosis,SAMEA7563654,82,4320477,0.25
1773.43069,1773,Mycobacterium tuberculosis,SAMEA7563660,91,4337232,0.25
1773.43070,1773,Mycobacterium tuberculosis,SAMEA7563661,103,4331198,0.25
1773.38485,1773,Mycobacterium tuberculosis,SAMEA7563662,98,4330457,0.25
1773.43074,1773,Mycobacterium tuberculosis,SAMEA7563664,109,4334091,0.25
1773.38488,1773,Mycobacterium tuberculosis,SAMEA7563667,108,4297888,0.25
1773.38492,1773,Mycobacterium tuberculosis,SAMEA7563670,116,4297093,0.25
1773.38491,1773,Mycobacterium tuberculosis,SAMEA7563672,111,4352888,0.25
1773.38496,1773,Mycobacterium tuberculosis,SAMEA7563681,111,4348167,0.12
1773.38497,1773,Mycobacterium tuberculosis,SAMEA7563682,111,4347993,0.25
1773.38498,1773,Mycobacterium tuberculosis,SAMEA7563683,113,4316689,0.12
1773.38500,1773,Mycobacterium tuberculosis,SAMEA7563685,122,4330003,0.12
1773.38499,1773,Mycobacterium tuberculosis,SAMEA7563687,129,4330747,0.12
1773.38501,1773,Mycobacterium tuberculosis,SAMEA7563688,128,4333327,0.12
1773.38506,1773,Mycobacterium tuberculosis,SAMEA7563690,130,4313019,0.25
1773.38507,1773,Mycobacterium tuberculosis,SAMEA7563691,128,4328238,0.25
1773.38505,1773,Mycobacterium tuberculosis,SAMEA7563692,119,4335933,0.25
1773.43073,1773,Mycobacterium tuberculosis,SAMEA7563695,138,4330484,0.25
1773.38503,1773,Mycobacterium tuberculosis,SAMEA7563696,116,4340713,0.50
1773.38508,1773,Mycobacterium tuberculosis,SAMEA7563697,128,4296617,0.25
1773.38509,1773,Mycobacterium tuberculosis,SAMEA7563698,131,4329425,0.06
1773.38512,1773,Mycobacterium tuberculosis,SAMEA7563699,134,4327335,0.12
1773.38510,1773,Mycobacterium tuberculosis,SAMEA7563700,121,4349418,0.50
1773.38511,1773,Mycobacterium tuberculosis,SAMEA7563701,143,4289393,0.25
1773.38513,1773,Mycobacterium tuberculosis,SAMEA7563702,108,4357122,0.12
1773.38520,1773,Mycobacterium tuberculosis,SAMEA7563711,116,4304007,0.12
1773.38527,1773,Mycobacterium tuberculosis,SAMEA7563713,113,4335805,0.25
1773.38523,1773,Mycobacterium tuberculosis,SAMEA7563715,114,4352221,0.25
1773.38525,1773,Mycobacterium tuberculosis,SAMEA7563717,124,4339064,0.25
1773.38530,1773,Mycobacterium tuberculosis,SAMEA7563725,101,4354109,0.25
1773.38536,1773,Mycobacterium tuberculosis,SAMEA7563732,123,4337967,0.25
1773.38542,1773,Mycobacterium tuberculosis,SAMEA7563734,117,4353820,0.25
1773.38541,1773,Mycobacterium tuberculosis,SAMEA7563735,109,4339976,0.25
1773.38544,1773,Mycobacterium tuberculosis,SAMEA7563736,101,4348215,0.25
1773.38547,1773,Mycobacterium tuberculosis,SAMEA7563738,115,4336503,0.25
1773.38550,1773,Mycobacterium tuberculosis,SAMEA7563743,99,4359108,0.50
1773.38554,1773,Mycobacterium tuberculosis,SAMEA7563745,113,4351446,0.25
1773.38551,1773,Mycobacterium tuberculosis,SAMEA7563746,109,4321688,0.25
1773.38552,1773,Mycobacterium tuberculosis,SAMEA7563747,113,4354983,0.25
1773.38557,1773,Mycobacterium tuberculosis,SAMEA7563749,117,4335705,0.50
1773.38573,1773,Mycobacterium tuberculosis,SAMEA7563765,98,4347887,0.12
1773.38574,1773,Mycobacterium tuberculosis,SAMEA7563766,111,4358736,0.50
1773.38575,1773,Mycobacterium tuberculosis,SAMEA7563767,112,4339804,0.25
1773.38576,1773,Mycobacterium tuberculosis,SAMEA7563768,109,4346639,0.50
1773.38582,1773,Mycobacterium tuberculosis,SAMEA7563770,102,4351255,0.25
1773.38581,1773,Mycobacterium tuberculosis,SAMEA7563771,101,4344918,0.25
1773.38587,1773,Mycobacterium tuberculosis,SAMEA7563773,98,4297274,0.25
1773.38590,1773,Mycobacterium tuberculosis,SAMEA7563778,87,4354329,0.25
1773.38591,1773,Mycobacterium tuberculosis,SAMEA7563780,106,4368142,0.25
1773.38593,1773,Mycobacterium tuberculosis,SAMEA7563781,78,4363664,0.25
1773.38594,1773,Mycobacterium tuberculosis,SAMEA7563782,104,4337813,0.25
1773.38596,1773,Mycobacterium tuberculosis,SAMEA7563785,101,4340048,0.25
1773.38598,1773,Mycobacterium tuberculosis,SAMEA7563786,93,4371633,0.25
1773.38648,1773,Mycobacterium tuberculosis,SAMEA7563790,84,4354226,0.25
1773.38609,1773,Mycobacterium tuberculosis,SAMEA7563795,103,4341919,0.50
1773.38601,1773,Mycobacterium tuberculosis,SAMEA7563797,88,4303815,0.50
1773.38604,1773,Mycobacterium tuberculosis,SAMEA7563798,105,4341580,0.50
1773.38611,1773,Mycobacterium tuberculosis,SAMEA7563801,106,4338157,0.50
1773.38616,1773,Mycobacterium tuberculosis,SAMEA7563804,95,4348301,0.25
1773.38620,1773,Mycobacterium tuberculosis,SAMEA7563810,116,4345407,0.50
1773.38622,1773,Mycobacterium tuberculosis,SAMEA7563812,89,4342036,0.50
1773.38627,1773,Mycobacterium tuberculosis,SAMEA7563813,95,4350240,0.50
1773.38626,1773,Mycobacterium tuberculosis,SAMEA7563815,162,4325134,0.50
1773.38625,1773,Mycobacterium tuberculosis,SAMEA7563817,109,4368658,0.50
1773.38630,1773,Mycobacterium tuberculosis,SAMEA7563822,97,4324556,0.25
1773.38632,1773,Mycobacterium tuberculosis,SAMEA7563823,87,4352824,0.25
1773.38636,1773,Mycobacterium tuberculosis,SAMEA7563826,96,4352886,0.25
1773.38635,1773,Mycobacterium tuberculosis,SAMEA7563828,100,4363776,0.12
1773.38639,1773,Mycobacterium tuberculosis,SAMEA7563831,110,4360525,0.50
1773.38642,1773,Mycobacterium tuberculosis,SAMEA7563832,90,4365619,0.50
1773.38644,1773,Mycobacterium tuberculosis,SAMEA7563836,85,4349778,0.50
1773.38647,1773,Mycobacterium tuberculosis,SAMEA7563839,87,4359352,0.25
1773.38653,1773,Mycobacterium tuberculosis,SAMEA7563843,81,4361965,0.25
1773.38651,1773,Mycobacterium tuberculosis,SAMEA7563845,108,4341307,2.00
1773.38655,1773,Mycobacterium tuberculosis,SAMEA7563846,83,4360507,0.50
1773.38660,1773,Mycobacterium tuberculosis,SAMEA7563849,102,4342248,0.25
1773.38659,1773,Mycobacterium tuberculosis,SAMEA7563851,113,4378021,0.25
1773.38661,1773,Mycobacterium tuberculosis,SAMEA7563852,115,4343162,0.25
1773.38664,1773,Mycobacterium tuberculosis,SAMEA7563854,106,4367216,0.25
1773.38663,1773,Mycobacterium tuberculosis,SAMEA7563855,103,4339669,0.25
1773.38669,1773,Mycobacterium tuberculosis,SAMEA7563857,80,4363243,0.25
1773.38668,1773,Mycobacterium tuberculosis,SAMEA7563858,93,4299114,0.25
1773.38667,1773,Mycobacterium tuberculosis,SAMEA7563859,101,4367636,0.12
1773.38670,1773,Mycobacterium tuberculosis,SAMEA7563861,88,4355584,0.50
1773.38671,1773,Mycobacterium tuberculosis,SAMEA7563862,127,4312798,0.25
1773.38673,1773,Mycobacterium tuberculosis,SAMEA7563863,106,4335125,0.25
1773.38675,1773,Mycobacterium tuberculosis,SAMEA7563864,140,4307663,0.12
1773.38674,1773,Mycobacterium tuberculosis,SAMEA7563865,151,4294416,0.12
1773.38681,1773,Mycobacterium tuberculosis,SAMEA7563868,128,4304832,0.12
1773.38679,1773,Mycobacterium tuberculosis,SAMEA7563871,128,4324048,0.50
1773.38686,1773,Mycobacterium tuberculosis,SAMEA7563876,139,4313965,0.25
1773.43314,1773,Mycobacterium tuberculosis,SAMEA7563877,129,4302651,0.25
1773.38685,1773,Mycobacterium tuberculosis,SAMEA7563878,140,4289480,0.25
1773.43310,1773,Mycobacterium tuberculosis,SAMEA7563881,159,4318836,0.25
1773.38692,1773,Mycobacterium tuberculosis,SAMEA7563959,99,4340552,0.50
1773.38695,1773,Mycobacterium tuberculosis,SAMEA7563960,108,4321155,0.50
1773.38701,1773,Mycobacterium tuberculosis,SAMEA7563962,254,4204391,0.50
1773.43577,1773,Mycobacterium tuberculosis,SAMEA7563963,106,4337410,0.12
1773.38699,1773,Mycobacterium tuberculosis,SAMEA7563964,99,4333158,0.50
1773.38700,1773,Mycobacterium tuberculosis,SAMEA7563965,112,4320269,0.25
1773.38697,1773,Mycobacterium tuberculosis,SAMEA7563967,98,4334861,0.25
1773.38703,1773,Mycobacterium tuberculosis,SAMEA7563968,109,4329722,0.25
1773.38706,1773,Mycobacterium tuberculosis,SAMEA7563975,87,4370532,0.50
1773.38708,1773,Mycobacterium tuberculosis,SAMEA7563980,103,4331766,0.50
1773.38709,1773,Mycobacterium tuberculosis,SAMEA7563981,106,4331928,0.25
1773.38713,1773,Mycobacterium tuberculosis,SAMEA7563982,114,4318613,0.50
1773.38712,1773,Mycobacterium tuberculosis,SAMEA7563983,93,4344503,1.00
1773.38711,1773,Mycobacterium tuberculosis,SAMEA7563984,84,4362091,0.25
1773.38714,1773,Mycobacterium tuberculosis,SAMEA7563986,119,4334749,0.25
1773.38717,1773,Mycobacterium tuberculosis,SAMEA7563988,109,4339242,0.25
1773.38716,1773,Mycobacterium tuberculosis,SAMEA7563992,104,4343155,0.25
1773.38718,1773,Mycobacterium tuberculosis,SAMEA7563995,100,4336297,0.25
1773.38719,1773,Mycobacterium tuberculosis,SAMEA7563997,109,4329923,0.12
1773.38721,1773,Mycobacterium tuberculosis,SAMEA7563999,106,4325571,0.25
1773.38722,1773,Mycobacterium tuberculosis,SAMEA7564000,114,4326967,0.50
1773.38734,1773,Mycobacterium tuberculosis,SAMEA7564006,111,4306427,0.25
1773.38731,1773,Mycobacterium tuberculosis,SAMEA7564007,137,4210303,0.50
1773.38726,1773,Mycobacterium tuberculosis,SAMEA7564008,112,4334857,0.12
1773.38727,1773,Mycobacterium tuberculosis,SAMEA7564009,105,4334509,0.25
1773.38736,1773,Mycobacterium tuberculosis,SAMEA7564016,241,4210258,0.50
1773.38747,1773,Mycobacterium tuberculosis,SAMEA7564025,140,4302142,0.25
1773.43320,1773,Mycobacterium tuberculosis,SAMEA7564040,215,4259622,0.25
1773.38758,1773,Mycobacterium tuberculosis,SAMEA7564045,132,4287812,1.00
1773.38759,1773,Mycobacterium tuberculosis,SAMEA7564046,113,4321754,1.00
1773.38760,1773,Mycobacterium tuberculosis,SAMEA7564047,138,4286955,0.25
1773.38767,1773,Mycobacterium tuberculosis,SAMEA7564055,198,4254417,0.25
1773.38764,1773,Mycobacterium tuberculosis,SAMEA7564056,169,4318332,0.25
1773.38769,1773,Mycobacterium tuberculosis,SAMEA7564063,134,4277943,0.50
1773.38775,1773,Mycobacterium tuberculosis,SAMEA7564069,133,4296387,0.25
1773.43317,1773,Mycobacterium tuberculosis,SAMEA7564070,143,4249778,0.25
1773.38777,1773,Mycobacterium tuberculosis,SAMEA7564074,155,4274361,0.50
1773.38790,1773,Mycobacterium tuberculosis,SAMEA7564079,211,4273221,0.25
1773.38784,1773,Mycobacterium tuberculosis,SAMEA7564086,125,4294909,0.25
1773.38781,1773,Mycobacterium tuberculosis,SAMEA7564087,124,4287274,1.00
1773.38792,1773,Mycobacterium tuberculosis,SAMEA7564096,146,4267995,1.00
1773.38793,1773,Mycobacterium tuberculosis,SAMEA7564099,137,4282480,0.12
1773.38794,1773,Mycobacterium tuberculosis,SAMEA7564100,129,4283547,0.25
1773.38798,1773,Mycobacterium tuberculosis,SAMEA7564112,199,4277318,0.25
1773.38803,1773,Mycobacterium tuberculosis,SAMEA7564116,123,4298157,0.12
1773.38804,1773,Mycobacterium tuberculosis,SAMEA7564119,134,4296445,0.50
1773.38806,1773,Mycobacterium tuberculosis,SAMEA7564120,148,4281462,0.25
1773.38805,1773,Mycobacterium tuberculosis,SAMEA7564121,139,4294047,0.50
1773.38808,1773,Mycobacterium tuberculosis,SAMEA7564122,132,4298845,0.25
1773.38812,1773,Mycobacterium tuberculosis,SAMEA7564126,128,4315382,0.12
1773.38809,1773,Mycobacterium tuberculosis,SAMEA7564127,199,4241706,0.50
1773.38807,1773,Mycobacterium tuberculosis,SAMEA7564128,112,4316862,0.25
1773.38813,1773,Mycobacterium tuberculosis,SAMEA7564129,164,4276383,0.25
1773.38816,1773,Mycobacterium tuberculosis,SAMEA7564133,126,4316542,0.50
1773.38817,1773,Mycobacterium tuberculosis,SAMEA7564135,138,4294071,0.25
1773.38821,1773,Mycobacterium tuberculosis,SAMEA7564139,127,4300165,0.50
1773.38823,1773,Mycobacterium tuberculosis,SAMEA7564141,169,4290616,0.25
1773.38826,1773,Mycobacterium tuberculosis,SAMEA7564145,168,4301024,0.50
1773.38828,1773,Mycobacterium tuberculosis,SAMEA7564146,152,4283722,0.50
1773.38827,1773,Mycobacterium tuberculosis,SAMEA7564147,130,4296156,0.25
1773.38829,1773,Mycobacterium tuberculosis,SAMEA7564149,129,4323026,0.25
1773.38832,1773,Mycobacterium tuberculosis,SAMEA7564153,172,4309208,0.25
1773.38831,1773,Mycobacterium tuberculosis,SAMEA7564155,161,4285075,0.50
1773.38837,1773,Mycobacterium tuberculosis,SAMEA7564158,143,4313610,0.12
1773.38838,1773,Mycobacterium tuberculosis,SAMEA7564159,124,4307003,0.25
1773.43324,1773,Mycobacterium tuberculosis,SAMEA7564164,105,4334966,0.50
1773.38843,1773,Mycobacterium tuberculosis,SAMEA7564170,175,4288097,0.25
1773.43329,1773,Mycobacterium tuberculosis,SAMEA7564171,154,4309738,0.50
1773.38845,1773,Mycobacterium tuberculosis,SAMEA7564172,156,4276042,0.50
1773.38846,1773,Mycobacterium tuberculosis,SAMEA7564173,159,4277713,0.25
1773.38847,1773,Mycobacterium tuberculosis,SAMEA7564174,140,4314337,0.50
1773.38850,1773,Mycobacterium tuberculosis,SAMEA7564177,162,4291652,0.25
1773.38849,1773,Mycobacterium tuberculosis,SAMEA7564181,131,4294401,0.25
1773.38852,1773,Mycobacterium tuberculosis,SAMEA7564182,123,4281680,0.12
1773.38851,1773,Mycobacterium tuberculosis,SAMEA7564183,129,4310549,0.25
1773.38848,1773,Mycobacterium tuberculosis,SAMEA7564184,124,4302478,0.25
1773.38855,1773,Mycobacterium tuberculosis,SAMEA7564186,140,4278295,0.50
1773.38857,1773,Mycobacterium tuberculosis,SAMEA7564188,155,4281925,0.25
1773.38860,1773,Mycobacterium tuberculosis,SAMEA7564189,148,4295042,0.50
1773.38868,1773,Mycobacterium tuberculosis,SAMEA7564196,137,4309347,0.25
1773.38865,1773,Mycobacterium tuberculosis,SAMEA7564198,124,4294534,0.25
1773.38864,1773,Mycobacterium tuberculosis,SAMEA7564199,131,4290869,0.50
1773.38869,1773,Mycobacterium tuberculosis,SAMEA7564200,130,4310133,0.12
1773.38871,1773,Mycobacterium tuberculosis,SAMEA7564202,145,4305981,0.25
1773.38875,1773,Mycobacterium tuberculosis,SAMEA7564205,138,4250478,0.50
1773.38872,1773,Mycobacterium tuberculosis,SAMEA7564209,131,4285527,0.50
1773.38887,1773,Mycobacterium tuberculosis,SAMEA7564223,155,4288655,0.25
1773.38893,1773,Mycobacterium tuberculosis,SAMEA7564226,286,4245730,0.25
1773.38890,1773,Mycobacterium tuberculosis,SAMEA7564227,150,4285165,0.25
1773.43334,1773,Mycobacterium tuberculosis,SAMEA7564228,135,4278632,0.25
1773.38898,1773,Mycobacterium tuberculosis,SAMEA7564238,177,4259985,0.25
1773.38901,1773,Mycobacterium tuberculosis,SAMEA7564241,187,4262513,0.50
1773.38900,1773,Mycobacterium tuberculosis,SAMEA7564242,119,4304820,0.25
1773.38906,1773,Mycobacterium tuberculosis,SAMEA7564247,131,4261462,0.25
1773.38904,1773,Mycobacterium tuberculosis,SAMEA7564255,153,4293726,0.50
1773.38908,1773,Mycobacterium tuberculosis,SAMEA7564256,149,4286244,1.00
1773.38917,1773,Mycobacterium tuberculosis,SAMEA7564259,114,4285614,0.25
1773.38915,1773,Mycobacterium tuberculosis,SAMEA7564260,168,4265509,0.50
1773.38914,1773,Mycobacterium tuberculosis,SAMEA7564262,112,4317113,0.50
1773.38912,1773,Mycobacterium tuberculosis,SAMEA7564264,135,4302120,0.25
1773.38918,1773,Mycobacterium tuberculosis,SAMEA7564266,129,4297823,0.25
1773.38919,1773,Mycobacterium tuberculosis,SAMEA7564267,107,4301698,0.12
1773.38920,1773,Mycobacterium tuberculosis,SAMEA7564268,127,4268862,0.25
1773.38924,1773,Mycobacterium tuberculosis,SAMEA7564269,127,4295675,0.12
1773.38921,1773,Mycobacterium tuberculosis,SAMEA7564272,179,4248358,1.00
1773.38922,1773,Mycobacterium tuberculosis,SAMEA7564273,186,4239685,0.25
1773.38923,1773,Mycobacterium tuberculosis,SAMEA7564274,144,4291990,0.25
1773.38926,1773,Mycobacterium tuberculosis,SAMEA7564277,111,4320831,0.25
1773.38937,1773,Mycobacterium tuberculosis,SAMEA7564285,148,4269778,0.50
1773.38936,1773,Mycobacterium tuberculosis,SAMEA7564286,180,4263756,0.25
1773.38940,1773,Mycobacterium tuberculosis,SAMEA7564290,132,4287531,1.00
1773.38941,1773,Mycobacterium tuberculosis,SAMEA7564291,176,4263205,0.50
1773.38945,1773,Mycobacterium tuberculosis,SAMEA7564294,180,4254970,0.50
1773.38944,1773,Mycobacterium tuberculosis,SAMEA7564298,148,4281856,0.50
1773.38946,1773,Mycobacterium tuberculosis,SAMEA7564305,167,4266301,0.25
1773.38949,1773,Mycobacterium tuberculosis,SAMEA7564307,252,4202512,0.50
1773.38953,1773,Mycobacterium tuberculosis,SAMEA7564311,133,4279380,0.50
1773.38952,1773,Mycobacterium tuberculosis,SAMEA7564312,124,4271327,1.00
1773.38951,1773,Mycobacterium tuberculosis,SAMEA7564315,160,4263739,0.50
1773.38954,1773,Mycobacterium tuberculosis,SAMEA7564316,121,4304912,0.50
1773.38955,1773,Mycobacterium tuberculosis,SAMEA7564324,141,4279943,0.25
1773.38959,1773,Mycobacterium tuberculosis,SAMEA7564328,125,4291711,0.25
1773.38960,1773,Mycobacterium tuberculosis,SAMEA7564329,183,4274951,0.25
1773.38963,1773,Mycobacterium tuberculosis,SAMEA7564330,164,4270179,0.50
1773.38964,1773,Mycobacterium tuberculosis,SAMEA7564339,149,4286218,0.12
1773.38967,1773,Mycobacterium tuberculosis,SAMEA7564343,169,4273178,0.25
1773.38968,1773,Mycobacterium tuberculosis,SAMEA7564349,140,4315190,0.25
1773.38970,1773,Mycobacterium tuberculosis,SAMEA7564350,126,4297345,0.25
1773.38971,1773,Mycobacterium tuberculosis,SAMEA7564351,123,4312137,0.25
1773.38972,1773,Mycobacterium tuberculosis,SAMEA7564352,137,4297294,0.25
1773.38974,1773,Mycobacterium tuberculosis,SAMEA7564353,129,4293663,0.25
1773.38973,1773,Mycobacterium tuberculosis,SAMEA7564354,136,4286267,0.50
1773.38979,1773,Mycobacterium tuberculosis,SAMEA7564356,202,4212674,1.00
1773.38982,1773,Mycobacterium tuberculosis,SAMEA7564364,140,4325033,0.25
1773.38977,1773,Mycobacterium tuberculosis,SAMEA7564376,158,4250532,0.50
1773.38976,1773,Mycobacterium tuberculosis,SAMEA7564380,154,4253535,0.50
1773.38984,1773,Mycobacterium tuberculosis,SAMEA7564384,161,4236395,0.25
1773.38980,1773,Mycobacterium tuberculosis,SAMEA8718252,99,4321079,0.06
1773.38995,1773,Mycobacterium tuberculosis,SAMEA8718253,114,4314798,0.12
1773.38986,1773,Mycobacterium tuberculosis,SAMEA8718256,109,4294884,0.06
1773.38987,1773,Mycobacterium tuberculosis,SAMEA8718257,117,4302041,0.12
1773.38988,1773,Mycobacterium tuberculosis,SAMEA8718258,118,4315801,0.50
1773.38990,1773,Mycobacterium tuberculosis,SAMEA8718259,104,4238868,0.50
1773.38989,1773,Mycobacterium tuberculosis,SAMEA8718260,116,4313885,0.12
1773.38994,1773,Mycobacterium tuberculosis,SAMEA8718261,102,4327590,0.50
1773.38991,1773,Mycobacterium tuberculosis,SAMEA8718262,94,4330653,0.50
1773.38992,1773,Mycobacterium tuberculosis,SAMEA8718263,99,4314904,0.25
1773.38993,1773,Mycobacterium tuberculosis,SAMEA8718264,96,4317764,1.00
1773.38997,1773,Mycobacterium tuberculosis,SAMEA8718265,102,4311821,0.25
1773.38998,1773,Mycobacterium tuberculosis,SAMEA8718266,99,4329580,0.50
1773.38996,1773,Mycobacterium tuberculosis,SAMEA8718267,109,4350596,1.00
1773.39000,1773,Mycobacterium tuberculosis,SAMEA8718268,116,4321984,0.12
1773.39002,1773,Mycobacterium tuberculosis,SAMEA8718269,171,4345909,0.25
1773.39001,1773,Mycobacterium tuberculosis,SAMEA8718271,113,4319664,0.50
1773.39004,1773,Mycobacterium tuberculosis,SAMEA8718272,115,4319801,0.25
1773.39006,1773,Mycobacterium tuberculosis,SAMEA8718273,106,4304217,0.12
1773.39005,1773,Mycobacterium tuberculosis,SAMEA8718274,112,4332398,0.50
1773.39003,1773,Mycobacterium tuberculosis,SAMEA8718275,91,4348210,1.00
1773.39009,1773,Mycobacterium tuberculosis,SAMEA8718280,95,4322592,0.50
1773.39010,1773,Mycobacterium tuberculosis,SAMEA8718281,107,4320380,0.03
1773.39014,1773,Mycobacterium tuberculosis,SAMEA8718283,123,4276671,0.06
1773.39012,1773,Mycobacterium tuberculosis,SAMEA8718284,118,4323148,0.50
1773.39013,1773,Mycobacterium tuberculosis,SAMEA8718285,110,4325386,0.50
1773.39016,1773,Mycobacterium tuberculosis,SAMEA8718286,106,4322786,0.50
1773.39017,1773,Mycobacterium tuberculosis,SAMEA8718287,114,4325096,1.00
1773.39018,1773,Mycobacterium tuberculosis,SAMEA8718289,96,4310255,0.50
1773.39021,1773,Mycobacterium tuberculosis,SAMEA8718290,100,4328772,1.00
1773.39022,1773,Mycobacterium tuberculosis,SAMEA8718292,110,4318774,0.50
1773.39023,1773,Mycobacterium tuberculosis,SAMEA8718293,96,4339122,0.25
1773.39024,1773,Mycobacterium tuberculosis,SAMEA8718294,115,4321619,0.25
1773.39025,1773,Mycobacterium tuberculosis,SAMEA8718295,107,4337267,0.50
1773.43617,1773,Mycobacterium tuberculosis,SAMEA8718298,112,4334373,0.50
1773.39026,1773,Mycobacterium tuberculosis,SAMEA8718299,110,4341097,0.50
1773.39031,1773,Mycobacterium tuberculosis,SAMEA8718300,96,4302661,0.50
1773.39032,1773,Mycobacterium tuberculosis,SAMEA8718301,111,4349103,0.25
1773.39034,1773,Mycobacterium tuberculosis,SAMEA8718302,99,4329862,0.50
1773.39030,1773,Mycobacterium tuberculosis,SAMEA8718303,110,4323785,0.50
1773.39028,1773,Mycobacterium tuberculosis,SAMEA8718306,95,4331921,0.06
1773.43622,1773,Mycobacterium tuberculosis,SAMEA8718307,111,4323540,0.12
1773.39029,1773,Mycobacterium tuberculosis,SAMEA8718309,91,4346587,0.50
1773.43625,1773,Mycobacterium tuberculosis,SAMEA8718311,111,4326911,0.50
1773.39038,1773,Mycobacterium tuberculosis,SAMEA8718313,112,4341257,1.00
1773.39037,1773,Mycobacterium tuberculosis,SAMEA8718314,114,4324315,0.06
1773.39035,1773,Mycobacterium tuberculosis,SAMEA8718317,105,4316358,0.25
1773.39036,1773,Mycobacterium tuberculosis,SAMEA8718318,110,4324957,0.50
1773.39039,1773,Mycobacterium tuberculosis,SAMEA8718319,103,4315878,0.50
1773.39045,1773,Mycobacterium tuberculosis,SAMEA8718320,93,4276178,1.00
1773.39044,1773,Mycobacterium tuberculosis,SAMEA8718321,106,4332631,1.00
1773.39043,1773,Mycobacterium tuberculosis,SAMEA8718323,101,4330345,0.12
1773.39041,1773,Mycobacterium tuberculosis,SAMEA8718324,118,4302911,0.50
1773.39046,1773,Mycobacterium tuberculosis,SAMEA8718325,94,4330829,0.25
1773.39047,1773,Mycobacterium tuberculosis,SAMEA8718326,117,4309062,0.25
1773.39048,1773,Mycobacterium tuberculosis,SAMEA8718327,112,4327042,0.50
1773.39051,1773,Mycobacterium tuberculosis,SAMEA8718330,123,4270363,0.25
1773.39052,1773,Mycobacterium tuberculosis,SAMEA8718331,111,4310381,0.06
1773.39050,1773,Mycobacterium tuberculosis,SAMEA8718332,125,4314310,0.25
1773.39053,1773,Mycobacterium tuberculosis,SAMEA8718334,122,4299048,0.50
1773.39056,1773,Mycobacterium tuberculosis,SAMEA8718336,104,4279865,0.25
1773.39057,1773,Mycobacterium tuberculosis,SAMEA8718337,125,4306109,0.50
1773.39059,1773,Mycobacterium tuberculosis,SAMEA8718338,127,4293980,0.06
1773.39058,1773,Mycobacterium tuberculosis,SAMEA8718340,94,4321068,0.25
1773.39061,1773,Mycobacterium tuberculosis,SAMEA8718341,117,4248107,0.50
1773.39060,1773,Mycobacterium tuberculosis,SAMEA8718343,119,4318597,0.25
1773.39064,1773,Mycobacterium tuberculosis,SAMEA8718344,116,4308748,0.25
1773.39065,1773,Mycobacterium tuberculosis,SAMEA8718345,120,4301582,0.25
1773.39063,1773,Mycobacterium tuberculosis,SAMEA8718347,125,4290696,0.25
1773.39062,1773,Mycobacterium tuberculosis,SAMEA8718348,174,4237625,0.25
1773.39068,1773,Mycobacterium tuberculosis,SAMEA8718351,183,4243697,0.50
1773.39069,1773,Mycobacterium tuberculosis,SAMEA8718352,196,4238401,0.06
1773.39070,1773,Mycobacterium tuberculosis,SAMEA8718357,195,4258520,1.00
1773.39071,1773,Mycobacterium tuberculosis,SAMEA8718358,185,4244755,0.25
1773.39074,1773,Mycobacterium tuberculosis,SAMEA8718361,247,4207876,0.06
1773.39075,1773,Mycobacterium tuberculosis,SAMEA8718363,225,4228728,0.25
1773.39078,1773,Mycobacterium tuberculosis,SAMEA8718365,269,4201881,0.50
1773.39084,1773,Mycobacterium tuberculosis,SAMEA8718366,363,4144039,0.50
1773.39085,1773,Mycobacterium tuberculosis,SAMEA8718367,395,4131637,0.50
1773.39079,1773,Mycobacterium tuberculosis,SAMEA8718368,355,4160015,0.50
1773.39082,1773,Mycobacterium tuberculosis,SAMEA8718369,368,4124464,0.06
1773.39080,1773,Mycobacterium tuberculosis,SAMEA8718371,217,4177953,0.25
1773.39081,1773,Mycobacterium tuberculosis,SAMEA8718372,503,4060173,0.12
1773.39087,1773,Mycobacterium tuberculosis,SAMEA8718373,368,4148372,0.25
1773.39088,1773,Mycobacterium tuberculosis,SAMEA8718374,321,4131483,0.50
1773.39089,1773,Mycobacterium tuberculosis,SAMEA8718375,457,4096947,0.06
1773.39086,1773,Mycobacterium tuberculosis,SAMEA8718376,577,4009216,0.12
1773.39091,1773,Mycobacterium tuberculosis,SAMEA8718377,552,4044833,0.25
1773.39090,1773,Mycobacterium tuberculosis,SAMEA8718378,725,3835792,0.50
1773.39096,1773,Mycobacterium tuberculosis,SAMEA8718382,627,3934457,0.25
1773.39094,1773,Mycobacterium tuberculosis,SAMEA8718383,732,3777612,0.25
1773.39093,1773,Mycobacterium tuberculosis,SAMEA8718384,735,3939994,0.25
1773.39097,1773,Mycobacterium tuberculosis,SAMEA8718385,634,4002667,0.50
1773.39100,1773,Mycobacterium tuberculosis,SAMEA8718389,749,3714154,0.25
1773.39101,1773,Mycobacterium tuberculosis,SAMEA8718390,776,3730312,0.25
1773.39099,1773,Mycobacterium tuberculosis,SAMEA8718391,796,3736650,0.25
1773.39103,1773,Mycobacterium tuberculosis,SAMEA8718392,972,3434754,0.25
1773.39104,1773,Mycobacterium tuberculosis,SAMEA8718395,449,4102046,0.50
1773.39105,1773,Mycobacterium tuberculosis,SAMEA8718396,709,3881251,0.50
1773.43628,1773,Mycobacterium tuberculosis,SAMEA8718397,780,3779597,0.50
1773.39106,1773,Mycobacterium tuberculosis,SAMEA8718398,860,3864160,0.25
1773.39107,1773,Mycobacterium tuberculosis,SAMEA8718399,850,3583367,0.50
1773.39110,1773,Mycobacterium tuberculosis,SAMEA8718403,340,4184641,0.50
1773.39113,1773,Mycobacterium tuberculosis,SAMEA8718405,798,3745013,1.00
1773.39112,1773,Mycobacterium tuberculosis,SAMEA8718406,809,3754420,1.00
1773.39111,1773,Mycobacterium tuberculosis,SAMEA8718407,770,3806337,0.50
1773.39117,1773,Mycobacterium tuberculosis,SAMEA8718411,414,4124805,0.12
1773.39118,1773,Mycobacterium tuberculosis,SAMEA8718414,851,3686539,0.06
1773.39120,1773,Mycobacterium tuberculosis,SAMEA8718415,892,3500669,0.50
1773.39119,1773,Mycobacterium tuberculosis,SAMEA8718416,891,3487474,0.50
1773.43627,1773,Mycobacterium tuberculosis,SAMEA8718417,849,3040587,0.25
1773.39121,1773,Mycobacterium tuberculosis,SAMEA8718420,520,4068329,0.25
1773.39124,1773,Mycobacterium tuberculosis,SAMEA8718422,663,3938477,0.50
1773.39122,1773,Mycobacterium tuberculosis,SAMEA8718423,1153,3773657,1.00
1773.39125,1773,Mycobacterium tuberculosis,SAMEA8718425,901,3106076,0.25
1773.39126,1773,Mycobacterium tuberculosis,SAMEA8718426,897,3271367,0.50
1773.39127,1773,Mycobacterium tuberculosis,SAMEA8718429,521,4047643,0.25
1773.39128,1773,Mycobacterium tuberculosis,SAMEA8718430,693,3905330,0.25
1773.39129,1773,Mycobacterium tuberculosis,SAMEA8718431,817,3687461,0.25
1773.39136,1773,Mycobacterium tuberculosis,SAMEA8718432,848,3317419,0.50
1773.39131,1773,Mycobacterium tuberculosis,SAMEA8718433,856,3367002,0.50
1773.39132,1773,Mycobacterium tuberculosis,SAMEA8718434,670,3042767,0.50
1773.39139,1773,Mycobacterium tuberculosis,SAMEA8718435,917,3575698,0.50
1773.39133,1773,Mycobacterium tuberculosis,SAMEA8718437,662,3841347,0.50
1773.39130,1773,Mycobacterium tuberculosis,SAMEA8718438,709,3877050,0.50
1773.39138,1773,Mycobacterium tuberculosis,SAMEA8718439,787,3312153,0.50
1773.39134,1773,Mycobacterium tuberculosis,SAMEA8718440,1027,3410551,0.25
1773.39140,1773,Mycobacterium tuberculosis,SAMEA8718441,1093,3480075,0.50
1773.39135,1773,Mycobacterium tuberculosis,SAMEA8718442,733,3050845,0.50
1773.39137,1773,Mycobacterium tuberculosis,SAMEA8718444,135,4326850,0.12
1773.39141,1773,Mycobacterium tuberculosis,SAMEA8718445,118,4319998,0.50
1773.39143,1773,Mycobacterium tuberculosis,SAMEA8718446,96,4285184,0.12
1773.39142,1773,Mycobacterium tuberculosis,SAMEA8718447,99,4310641,0.50
1773.39145,1773,Mycobacterium tuberculosis,SAMEA8718449,109,4312496,0.25
1773.39146,1773,Mycobacterium tuberculosis,SAMEA8718450,121,4312941,0.50
1773.39147,1773,Mycobacterium tuberculosis,SAMEA8718451,102,4327964,0.50
1773.39150,1773,Mycobacterium tuberculosis,SAMEA8718452,105,4332209,0.50
1773.39148,1773,Mycobacterium tuberculosis,SAMEA8718453,135,4319352,0.50
1773.39149,1773,Mycobacterium tuberculosis,SAMEA8718454,106,4347152,0.25
1773.39151,1773,Mycobacterium tuberculosis,SAMEA8718455,121,4329555,0.50
1773.39155,1773,Mycobacterium tuberculosis,SAMEA8718457,109,4308024,0.25
1773.39154,1773,Mycobacterium tuberculosis,SAMEA8718458,119,4321750,0.50
1773.39153,1773,Mycobacterium tuberculosis,SAMEA8718459,87,4331252,0.50
1773.39158,1773,Mycobacterium tuberculosis,SAMEA8718460,104,4334264,0.25
1773.39157,1773,Mycobacterium tuberculosis,SAMEA8718461,112,4332280,0.25
1773.39156,1773,Mycobacterium tuberculosis,SAMEA8718462,114,4334197,0.50
1773.39160,1773,Mycobacterium tuberculosis,SAMEA8718463,107,4316830,0.50
1773.39161,1773,Mycobacterium tuberculosis,SAMEA8718465,120,4340703,0.50
1773.39163,1773,Mycobacterium tuberculosis,SAMEA8718466,102,4274430,0.06
1773.39162,1773,Mycobacterium tuberculosis,SAMEA8718467,113,4319985,0.25
1773.39168,1773,Mycobacterium tuberculosis,SAMEA8718468,101,4332540,0.50
1773.39167,1773,Mycobacterium tuberculosis,SAMEA8718469,110,4245263,0.25
1773.39212,1773,Mycobacterium tuberculosis,SAMEA8718470,104,4335931,0.50
1773.39165,1773,Mycobacterium tuberculosis,SAMEA8718471,89,4310395,0.12
1773.39169,1773,Mycobacterium tuberculosis,SAMEA8718472,96,4339341,1.00
1773.39166,1773,Mycobacterium tuberculosis,SAMEA8718473,98,4330361,1.00
1773.39170,1773,Mycobacterium tuberculosis,SAMEA8718475,112,4327460,0.50
1773.39171,1773,Mycobacterium tuberculosis,SAMEA8718476,84,4351241,0.03
1773.39174,1773,Mycobacterium tuberculosis,SAMEA8718477,105,4323647,0.25
1773.39173,1773,Mycobacterium tuberculosis,SAMEA8718478,101,4331026,0.25
1773.39177,1773,Mycobacterium tuberculosis,SAMEA8718480,87,4348298,0.50
1773.39178,1773,Mycobacterium tuberculosis,SAMEA8718481,91,4351131,0.50
1773.39176,1773,Mycobacterium tuberculosis,SAMEA8718483,89,4329936,0.50
1773.39179,1773,Mycobacterium tuberculosis,SAMEA8718485,96,4342070,0.25
1773.39181,1773,Mycobacterium tuberculosis,SAMEA8718487,90,4370871,0.50
1773.39187,1773,Mycobacterium tuberculosis,SAMEA8718491,103,4344400,0.50
1773.39188,1773,Mycobacterium tuberculosis,SAMEA8718492,103,4327924,0.25
1773.39184,1773,Mycobacterium tuberculosis,SAMEA8718494,102,4335333,0.50
1773.39185,1773,Mycobacterium tuberculosis,SAMEA8718495,88,4339403,1.00
1773.39191,1773,Mycobacterium tuberculosis,SAMEA8718499,104,4325506,0.50
1773.39192,1773,Mycobacterium tuberculosis,SAMEA8718500,108,4333896,0.25
1773.39193,1773,Mycobacterium tuberculosis,SAMEA8718501,113,4335186,0.25
1773.39194,1773,Mycobacterium tuberculosis,SAMEA8718502,104,4331103,0.12
1773.39196,1773,Mycobacterium tuberculosis,SAMEA8718504,106,4346530,0.12
1773.39197,1773,Mycobacterium tuberculosis,SAMEA8718508,87,4335143,1.00
1773.39200,1773,Mycobacterium tuberculosis,SAMEA8718509,111,4351532,1.00
1773.39201,1773,Mycobacterium tuberculosis,SAMEA8718511,119,4354366,0.50
1773.39203,1773,Mycobacterium tuberculosis,SAMEA8718512,99,4321345,0.50
1773.39202,1773,Mycobacterium tuberculosis,SAMEA8718513,94,4335910,0.50
1773.39207,1773,Mycobacterium tuberculosis,SAMEA8718514,101,4321296,0.25
1773.39205,1773,Mycobacterium tuberculosis,SAMEA8718515,116,4318113,0.25
1773.39206,1773,Mycobacterium tuberculosis,SAMEA8718516,102,4318898,0.50
1773.39204,1773,Mycobacterium tuberculosis,SAMEA8718517,109,4335193,0.50
1773.39209,1773,Mycobacterium tuberculosis,SAMEA8718518,108,4325460,0.50
1773.39210,1773,Mycobacterium tuberculosis,SAMEA8718520,119,4324778,0.25
1773.39211,1773,Mycobacterium tuberculosis,SAMEA8718521,119,4299509,0.50
1773.39213,1773,Mycobacterium tuberculosis,SAMEA8718522,101,4304302,1.00
1773.39214,1773,Mycobacterium tuberculosis,SAMEA8718523,102,4303606,0.50
1773.39219,1773,Mycobacterium tuberculosis,SAMEA8718528,128,4297258,0.50
1773.39224,1773,Mycobacterium tuberculosis,SAMEA8718529,116,4307793,0.06
1773.39223,1773,Mycobacterium tuberculosis,SAMEA8718533,87,4274825,0.50
1773.39222,1773,Mycobacterium tuberculosis,SAMEA8718534,115,4293594,0.50
1773.39221,1773,Mycobacterium tuberculosis,SAMEA8718535,118,4296906,0.50
1773.39227,1773,Mycobacterium tuberculosis,SAMEA8718536,113,4313160,0.50
1773.39226,1773,Mycobacterium tuberculosis,SAMEA8718538,128,4292082,0.25
1773.39228,1773,Mycobacterium tuberculosis,SAMEA8718541,122,4273139,0.50
1773.39230,1773,Mycobacterium tuberculosis,SAMEA8718542,133,4273998,0.25
1773.39231,1773,Mycobacterium tuberculosis,SAMEA8718545,126,4272438,0.50
1773.39232,1773,Mycobacterium tuberculosis,SAMEA8718546,119,4277558,0.25
1773.39234,1773,Mycobacterium tuberculosis,SAMEA8718547,96,4300576,0.50
1773.39233,1773,Mycobacterium tuberculosis,SAMEA8718548,104,4301594,0.50
1773.39235,1773,Mycobacterium tuberculosis,SAMEA8718551,112,4240891,0.50
1773.39236,1773,Mycobacterium tuberculosis,SAMEA8718552,118,4283505,0.50
1773.39237,1773,Mycobacterium tuberculosis,SAMEA8718553,110,4290486,0.06
1773.39238,1773,Mycobacterium tuberculosis,SAMEA8718554,127,4296137,0.25
1773.43632,1773,Mycobacterium tuberculosis,SAMEA8718555,102,4293160,0.50
1773.39239,1773,Mycobacterium tuberculosis,SAMEA8718556,120,4290380,0.12
1773.39240,1773,Mycobacterium tuberculosis,SAMEA8718557,94,4299623,0.50
1773.39241,1773,Mycobacterium tuberculosis,SAMEA8718558,92,4265145,0.12
1773.39242,1773,Mycobacterium tuberculosis,SAMEA8718559,98,4318227,0.50
1773.39243,1773,Mycobacterium tuberculosis,SAMEA8718561,104,4288772,1.00
1773.39246,1773,Mycobacterium tuberculosis,SAMEA8718563,115,4311875,0.25
1773.39247,1773,Mycobacterium tuberculosis,SAMEA8718564,116,4303344,1.00
1773.39249,1773,Mycobacterium tuberculosis,SAMEA8718566,101,4305382,0.50
1773.39248,1773,Mycobacterium tuberculosis,SAMEA8718567,95,4290512,0.25
1773.39252,1773,Mycobacterium tuberculosis,SAMEA8718570,96,4314388,0.50
1773.39254,1773,Mycobacterium tuberculosis,SAMEA8718574,102,4277371,0.50
1773.39256,1773,Mycobacterium tuberculosis,SAMEA8718576,99,4291357,0.25
1773.39258,1773,Mycobacterium tuberculosis,SAMEA8718577,101,4329652,0.25
1773.39260,1773,Mycobacterium tuberculosis,SAMEA8718580,98,4313359,0.50
1773.39261,1773,Mycobacterium tuberculosis,SAMEA8718582,93,4318186,1.00
1773.39263,1773,Mycobacterium tuberculosis,SAMEA8718583,105,4305441,0.50
1773.39265,1773,Mycobacterium tuberculosis,SAMEA8718586,101,4330195,0.25
1773.39267,1773,Mycobacterium tuberculosis,SAMEA8718589,101,4318849,0.25
1773.39268,1773,Mycobacterium tuberculosis,SAMEA8718590,108,4328800,0.50
1773.39270,1773,Mycobacterium tuberculosis,SAMEA8718591,105,4349489,0.50
1773.39269,1773,Mycobacterium tuberculosis,SAMEA8718592,114,4313326,0.25
1773.39271,1773,Mycobacterium tuberculosis,SAMEA8718593,122,4330227,0.50
1773.39276,1773,Mycobacterium tuberculosis,SAMEA8718594,108,4354628,0.50
1773.39275,1773,Mycobacterium tuberculosis,SAMEA8718595,93,4280497,0.50
1773.43634,1773,Mycobacterium tuberculosis,SAMEA8718596,116,4309355,0.25
1773.39273,1773,Mycobacterium tuberculosis,SAMEA8718597,101,4325068,0.50
1773.39274,1773,Mycobacterium tuberculosis,SAMEA8718598,104,4326472,0.25
1773.39272,1773,Mycobacterium tuberculosis,SAMEA8718599,95,4318354,0.50
1773.39279,1773,Mycobacterium tuberculosis,SAMEA8718601,92,4306254,0.50
1773.39278,1773,Mycobacterium tuberculosis,SAMEA8718602,98,4289266,0.50
1773.39280,1773,Mycobacterium tuberculosis,SAMEA8718603,91,4336600,1.00
1773.39282,1773,Mycobacterium tuberculosis,SAMEA8718605,104,4309861,1.00
1773.39283,1773,Mycobacterium tuberculosis,SAMEA8718606,125,4305027,0.50
1773.39281,1773,Mycobacterium tuberculosis,SAMEA8718607,123,4320725,1.00
1773.39286,1773,Mycobacterium tuberculosis,SAMEA8718608,118,4303122,0.50
1773.39285,1773,Mycobacterium tuberculosis,SAMEA8718609,119,4260896,1.00
1773.39287,1773,Mycobacterium tuberculosis,SAMEA8718610,100,4316735,0.06
1773.39288,1773,Mycobacterium tuberculosis,SAMEA8718611,87,4332565,0.50
1773.39290,1773,Mycobacterium tuberculosis,SAMEA8718612,109,4320212,1.00
1773.39289,1773,Mycobacterium tuberculosis,SAMEA8718614,118,4310782,1.00
1773.39293,1773,Mycobacterium tuberculosis,SAMEA8718616,116,4295914,0.50
1773.39296,1773,Mycobacterium tuberculosis,SAMEA8718619,91,4329709,1.00
1773.43635,1773,Mycobacterium tuberculosis,SAMEA8718620,105,4278511,0.50
1773.39295,1773,Mycobacterium tuberculosis,SAMEA8718623,124,4287430,0.50
1773.39302,1773,Mycobacterium tuberculosis,SAMEA8718626,101,4309278,0.50
1773.39306,1773,Mycobacterium tuberculosis,SAMEA8718627,103,4317112,0.50
1773.39301,1773,Mycobacterium tuberculosis,SAMEA8718629,114,4299153,0.50
1773.39304,1773,Mycobacterium tuberculosis,SAMEA8718630,112,4293883,0.50
1773.39307,1773,Mycobacterium tuberculosis,SAMEA8718631,115,4306835,1.00
1773.39305,1773,Mycobacterium tuberculosis,SAMEA8718633,95,4298228,0.50
1773.39310,1773,Mycobacterium tuberculosis,SAMEA8718634,104,4315906,1.00
1773.39308,1773,Mycobacterium tuberculosis,SAMEA8718636,111,4339631,0.50
1773.39309,1773,Mycobacterium tuberculosis,SAMEA8718637,86,4337143,4.00
1773.39311,1773,Mycobacterium tuberculosis,SAMEA8718638,111,4346067,1.00
1773.39312,1773,Mycobacterium tuberculosis,SAMEA8718639,119,4325056,0.50
1773.39313,1773,Mycobacterium tuberculosis,SAMEA8718640,87,4343831,0.25
1773.39315,1773,Mycobacterium tuberculosis,SAMEA8718641,124,4351960,1.00
1773.39314,1773,Mycobacterium tuberculosis,SAMEA8718642,105,4322704,1.00
1773.39316,1773,Mycobacterium tuberculosis,SAMEA8718643,106,4334276,1.00
1773.39320,1773,Mycobacterium tuberculosis,SAMEA8718645,139,4317160,1.00
1773.39318,1773,Mycobacterium tuberculosis,SAMEA8718646,121,4325591,0.50
1773.39319,1773,Mycobacterium tuberculosis,SAMEA8718647,97,4336969,0.50
1773.39321,1773,Mycobacterium tuberculosis,SAMEA8718649,141,4327572,0.50
1773.39324,1773,Mycobacterium tuberculosis,SAMEA8718650,107,4334655,0.50
1773.39323,1773,Mycobacterium tuberculosis,SAMEA8718651,95,4334928,0.50
1773.39325,1773,Mycobacterium tuberculosis,SAMEA8718652,85,4302984,1.00
1773.39326,1773,Mycobacterium tuberculosis,SAMEA8718653,91,4299191,1.00
1773.39327,1773,Mycobacterium tuberculosis,SAMEA8718654,98,4340661,0.50
1773.39330,1773,Mycobacterium tuberculosis,SAMEA8718656,86,4304763,0.50
1773.39333,1773,Mycobacterium tuberculosis,SAMEA8718658,117,4330973,0.50
1773.39332,1773,Mycobacterium tuberculosis,SAMEA8718659,113,4339962,0.50
1773.39331,1773,Mycobacterium tuberculosis,SAMEA8718661,103,4353681,1.00
1773.39334,1773,Mycobacterium tuberculosis,SAMEA8718663,95,4350685,1.00
1773.39336,1773,Mycobacterium tuberculosis,SAMEA8718664,79,4354094,0.50
1773.39337,1773,Mycobacterium tuberculosis,SAMEA8718667,102,4337822,0.12
1773.39341,1773,Mycobacterium tuberculosis,SAMEA8718669,97,4341669,0.50
1773.39339,1773,Mycobacterium tuberculosis,SAMEA8718670,101,4336732,0.50
1773.39345,1773,Mycobacterium tuberculosis,SAMEA8718675,88,4338505,1.00
1773.39347,1773,Mycobacterium tuberculosis,SAMEA8718676,122,4335313,0.25
1773.39350,1773,Mycobacterium tuberculosis,SAMEA8718679,98,4357653,1.00
1773.39351,1773,Mycobacterium tuberculosis,SAMEA8718680,81,4341193,1.00
1773.39355,1773,Mycobacterium tuberculosis,SAMEA8718682,85,4346419,0.25
1773.39357,1773,Mycobacterium tuberculosis,SAMEA8718685,84,4349745,1.00
1773.39356,1773,Mycobacterium tuberculosis,SAMEA8718686,103,4352278,0.50
1773.39360,1773,Mycobacterium tuberculosis,SAMEA8718688,101,4307756,0.50
1773.39361,1773,Mycobacterium tuberculosis,SAMEA8718690,85,4354178,1.00
1773.39362,1773,Mycobacterium tuberculosis,SAMEA8718691,119,4333062,0.50
1773.39364,1773,Mycobacterium tuberculosis,SAMEA8718692,90,4365135,0.50
1773.39363,1773,Mycobacterium tuberculosis,SAMEA8718693,103,4343627,0.50
1773.39366,1773,Mycobacterium tuberculosis,SAMEA8718695,85,4312993,1.00
1773.39368,1773,Mycobacterium tuberculosis,SAMEA8718696,92,4341792,0.50
1773.39367,1773,Mycobacterium tuberculosis,SAMEA8718697,85,4352551,0.50
1773.39369,1773,Mycobacterium tuberculosis,SAMEA8718698,102,4348234,0.50
1773.39370,1773,Mycobacterium tuberculosis,SAMEA8718699,90,4310808,0.50
1773.39371,1773,Mycobacterium tuberculosis,SAMEA8718700,100,4338623,0.50
1773.39372,1773,Mycobacterium tuberculosis,SAMEA8718701,97,4343236,0.25
1773.39383,1773,Mycobacterium tuberculosis,SAMEA8718702,98,4349888,0.25
1773.43636,1773,Mycobacterium tuberculosis,SAMEA8718704,91,4341511,0.50
1773.43639,1773,Mycobacterium tuberculosis,SAMEA8718705,84,4339118,0.50
1773.39378,1773,Mycobacterium tuberculosis,SAMEA8718707,97,4334207,0.25
1773.39377,1773,Mycobacterium tuberculosis,SAMEA8718708,80,4355771,0.50
1773.39376,1773,Mycobacterium tuberculosis,SAMEA8718709,86,4313276,0.50
1773.39379,1773,Mycobacterium tuberculosis,SAMEA8718710,104,4357244,0.50
1773.39374,1773,Mycobacterium tuberculosis,SAMEA8718713,112,4332809,0.50
1773.39384,1773,Mycobacterium tuberculosis,SAMEA8718714,102,4333248,0.50
1773.39381,1773,Mycobacterium tuberculosis,SAMEA8718717,90,4347381,0.50
1773.39387,1773,Mycobacterium tuberculosis,SAMEA8718719,86,4341085,1.00
1773.39388,1773,Mycobacterium tuberculosis,SAMEA8718720,122,4327300,0.50
1773.39389,1773,Mycobacterium tuberculosis,SAMEA8718721,115,4338251,0.50
1773.39385,1773,Mycobacterium tuberculosis,SAMEA8718722,93,4296022,1.00
1773.39386,1773,Mycobacterium tuberculosis,SAMEA8718723,89,4339988,0.50
1773.39390,1773,Mycobacterium tuberculosis,SAMEA8718724,89,4341702,1.00
1773.39391,1773,Mycobacterium tuberculosis,SAMEA8718725,97,4350762,0.50
1773.39394,1773,Mycobacterium tuberculosis,SAMEA8718727,137,4321702,0.50
1773.39393,1773,Mycobacterium tuberculosis,SAMEA8718728,108,4341266,0.25
1773.39397,1773,Mycobacterium tuberculosis,SAMEA8718730,109,4340040,0.25
1773.39396,1773,Mycobacterium tuberculosis,SAMEA8718733,129,4290490,1.00
1773.39401,1773,Mycobacterium tuberculosis,SAMEA8718736,130,4276088,0.50
1773.39405,1773,Mycobacterium tuberculosis,SAMEA8718739,120,4329193,0.50
1773.43640,1773,Mycobacterium tuberculosis,SAMEA8718741,158,4248503,0.50
1773.39407,1773,Mycobacterium tuberculosis,SAMEA8718742,111,4297656,0.50
1773.39406,1773,Mycobacterium tuberculosis,SAMEA8718744,104,4305144,0.50
1773.39408,1773,Mycobacterium tuberculosis,SAMEA8718745,106,4259964,0.25
1773.39410,1773,Mycobacterium tuberculosis,SAMEA8718747,84,4290568,0.50
1773.39411,1773,Mycobacterium tuberculosis,SAMEA8718748,136,4280712,1.00
1773.39413,1773,Mycobacterium tuberculosis,SAMEA8718750,148,4263390,0.50
1773.39416,1773,Mycobacterium tuberculosis,SAMEA8718751,117,4275341,0.50
1773.39417,1773,Mycobacterium tuberculosis,SAMEA8718752,134,4247558,0.50
1773.39418,1773,Mycobacterium tuberculosis,SAMEA8718755,142,4270677,0.50
1773.39425,1773,Mycobacterium tuberculosis,SAMEA8718756,183,4265062,0.50
1773.39422,1773,Mycobacterium tuberculosis,SAMEA8718757,126,4257772,0.50
1773.39423,1773,Mycobacterium tuberculosis,SAMEA8718758,125,4293590,0.50
1773.39424,1773,Mycobacterium tuberculosis,SAMEA8718759,110,4304937,0.50
1773.43642,1773,Mycobacterium tuberculosis,SAMEA8718762,125,4275483,0.50
1773.39432,1773,Mycobacterium tuberculosis,SAMEA8718765,175,4250385,0.50
1773.39419,1773,Mycobacterium tuberculosis,SAMEA8718768,137,4281525,0.50
1773.39421,1773,Mycobacterium tuberculosis,SAMEA8718769,177,4244309,0.50
1773.39426,1773,Mycobacterium tuberculosis,SAMEA8718770,149,4248798,0.50
1773.39429,1773,Mycobacterium tuberculosis,SAMEA8718773,94,4322649,0.25
1773.39434,1773,Mycobacterium tuberculosis,SAMEA8718777,109,4328431,0.50
1773.39436,1773,Mycobacterium tuberculosis,SAMEA8718778,93,4359031,0.50
1773.39446,1773,Mycobacterium tuberculosis,SAMEA8718781,116,4344832,0.50
1773.39439,1773,Mycobacterium tuberculosis,SAMEA8718782,87,4346471,0.12
1773.39438,1773,Mycobacterium tuberculosis,SAMEA8718784,113,4345251,0.25
1773.39442,1773,Mycobacterium tuberculosis,SAMEA8718786,101,4347448,1.00
1773.39443,1773,Mycobacterium tuberculosis,SAMEA8718789,107,4350638,0.50
1773.39435,1773,Mycobacterium tuberculosis,SAMEA8718792,95,4347431,0.50
1773.39437,1773,Mycobacterium tuberculosis,SAMEA8718793,157,4321748,0.50
1773.39451,1773,Mycobacterium tuberculosis,SAMEA8718796,96,4363149,1.00
1773.39450,1773,Mycobacterium tuberculosis,SAMEA8718798,90,4360621,0.50
1773.39457,1773,Mycobacterium tuberculosis,SAMEA8718801,105,4356721,0.50
1773.39454,1773,Mycobacterium tuberculosis,SAMEA8718803,116,4337550,0.50
1773.39456,1773,Mycobacterium tuberculosis,SAMEA8718805,98,4344634,1.00
1773.39462,1773,Mycobacterium tuberculosis,SAMEA8718809,83,4342352,0.25
1773.39461,1773,Mycobacterium tuberculosis,SAMEA8718810,114,4338847,0.50
1773.39464,1773,Mycobacterium tuberculosis,SAMEA8718812,101,4348600,0.25
1773.39480,1773,Mycobacterium tuberculosis,SAMEA8718837,121,4332773,0.50
1773.39479,1773,Mycobacterium tuberculosis,SAMEA8718838,107,4334716,0.50
1773.39478,1773,Mycobacterium tuberculosis,SAMEA8718839,97,4334703,0.50
1773.39489,1773,Mycobacterium tuberculosis,SAMEA8718840,101,4332559,0.25
1773.39490,1773,Mycobacterium tuberculosis,SAMEA8718842,92,4360251,1.00
1773.39488,1773,Mycobacterium tuberculosis,SAMEA8718843,95,4337725,0.25
1773.39492,1773,Mycobacterium tuberculosis,SAMEA8718848,103,4331167,0.50
1773.39499,1773,Mycobacterium tuberculosis,SAMEA8718852,107,4331725,0.50
1773.39504,1773,Mycobacterium tuberculosis,SAMEA8718856,99,4342997,0.50
1773.39511,1773,Mycobacterium tuberculosis,SAMEA8718861,131,4340046,0.25
1773.39513,1773,Mycobacterium tuberculosis,SAMEA8718865,80,4349523,0.50
1773.39516,1773,Mycobacterium tuberculosis,SAMEA8718866,84,4360931,0.25
1773.39517,1773,Mycobacterium tuberculosis,SAMEA8718869,102,4337640,2.00
1773.43608,1773,Mycobacterium tuberculosis,SAMEA8718872,101,4326202,0.50
1773.39527,1773,Mycobacterium tuberculosis,SAMEA8718877,102,4334822,0.50
1773.39526,1773,Mycobacterium tuberculosis,SAMEA8718880,98,4342579,0.12
1773.39521,1773,Mycobacterium tuberculosis,SAMEA8718886,98,4354495,0.25
1773.43597,1773,Mycobacterium tuberculosis,SAMEA8718887,97,4376188,0.50
1773.43600,1773,Mycobacterium tuberculosis,SAMEA8718888,108,4327065,0.25
1773.43601,1773,Mycobacterium tuberculosis,SAMEA8718889,105,4334413,0.25
1773.39523,1773,Mycobacterium tuberculosis,SAMEA8718890,97,4353686,8.00
1773.39533,1773,Mycobacterium tuberculosis,SAMEA8718891,75,4299665,0.25
1773.39531,1773,Mycobacterium tuberculosis,SAMEA8718892,93,4338972,0.25
1773.39530,1773,Mycobacterium tuberculosis,SAMEA8718894,99,4335622,1.00
1773.39541,1773,Mycobacterium tuberculosis,SAMEA8718895,100,4333488,0.50
1773.39593,1773,Mycobacterium tuberculosis,SAMEA8718898,98,4346406,0.25
1773.39540,1773,Mycobacterium tuberculosis,SAMEA8718900,101,4343590,0.25
1773.39538,1773,Mycobacterium tuberculosis,SAMEA8718901,95,4345457,0.50
1773.39544,1773,Mycobacterium tuberculosis,SAMEA8718911,100,4345764,0.25
1773.39548,1773,Mycobacterium tuberculosis,SAMEA8718915,103,4341724,1.00
1773.39552,1773,Mycobacterium tuberculosis,SAMEA8718916,97,4338517,0.50
1773.39554,1773,Mycobacterium tuberculosis,SAMEA8718921,105,4336597,0.50
1773.39559,1773,Mycobacterium tuberculosis,SAMEA8718922,90,4341679,0.50
1773.43615,1773,Mycobacterium tuberculosis,SAMEA8718925,90,4337898,4.00
1773.39558,1773,Mycobacterium tuberculosis,SAMEA8718927,97,4343218,0.50
1773.39563,1773,Mycobacterium tuberculosis,SAMEA8718932,93,4362622,0.50
1773.39562,1773,Mycobacterium tuberculosis,SAMEA8718933,94,4331780,0.25
1773.39573,1773,Mycobacterium tuberculosis,SAMEA8718939,90,4345757,1.00
1773.39577,1773,Mycobacterium tuberculosis,SAMEA8718953,96,4330377,0.50
1773.39583,1773,Mycobacterium tuberculosis,SAMEA8718955,107,4333101,0.50
1773.39584,1773,Mycobacterium tuberculosis,SAMEA8718956,102,4332009,0.50
1773.39586,1773,Mycobacterium tuberculosis,SAMEA8718963,107,4323990,1.00
1773.39590,1773,Mycobacterium tuberculosis,SAMEA8718965,91,4324589,1.00
1773.39596,1773,Mycobacterium tuberculosis,SAMEA8718972,136,4269513,0.50
1773.39595,1773,Mycobacterium tuberculosis,SAMEA8718973,147,4288978,0.12
1773.39601,1773,Mycobacterium tuberculosis,SAMEA8718976,114,4325332,0.50
1773.39599,1773,Mycobacterium tuberculosis,SAMEA8718977,118,4292810,0.25
1773.39606,1773,Mycobacterium tuberculosis,SAMEA8718980,129,4250034,0.50
1773.39610,1773,Mycobacterium tuberculosis,SAMEA8718984,128,4284606,0.50
1773.39612,1773,Mycobacterium tuberculosis,SAMEA8718986,160,4249476,0.50
1773.39611,1773,Mycobacterium tuberculosis,SAMEA8718987,129,4260680,1.00
1773.39613,1773,Mycobacterium tuberculosis,SAMEA8718988,147,4243257,0.50
1773.39617,1773,Mycobacterium tuberculosis,SAMEA8718993,153,4285613,0.50
1773.39619,1773,Mycobacterium tuberculosis,SAMEA8719001,221,4218767,0.50
1773.39631,1773,Mycobacterium tuberculosis,SAMEA8719006,189,4219414,0.25
1773.39634,1773,Mycobacterium tuberculosis,SAMEA8719012,647,4109601,0.25
1773.39630,1773,Mycobacterium tuberculosis,SAMEA8719014,254,4173255,0.50
1773.39632,1773,Mycobacterium tuberculosis,SAMEA8719015,152,4258457,8.00
1773.39627,1773,Mycobacterium tuberculosis,SAMEA8719016,143,4239963,0.50
1773.39641,1773,Mycobacterium tuberculosis,SAMEA8719017,264,4207015,0.50
1773.39643,1773,Mycobacterium tuberculosis,SAMEA8719022,253,4215389,0.25
1773.39642,1773,Mycobacterium tuberculosis,SAMEA8719023,193,4234221,1.00
1773.39646,1773,Mycobacterium tuberculosis,SAMEA8719024,159,4254543,0.50
1773.43652,1773,Mycobacterium tuberculosis,SAMEA8719029,500,4065361,0.50
1773.39653,1773,Mycobacterium tuberculosis,SAMEA8719032,129,4265183,1.00
1773.43606,1773,Mycobacterium tuberculosis,SAMEA8719033,218,4215877,0.50
1773.39665,1773,Mycobacterium tuberculosis,SAMEA8719042,179,4237324,0.50
1773.39661,1773,Mycobacterium tuberculosis,SAMEA8719043,139,4266549,0.50
1773.39669,1773,Mycobacterium tuberculosis,SAMEA8719048,169,4250131,1.00
1773.39678,1773,Mycobacterium tuberculosis,SAMEA8719052,194,4230351,0.50
1773.39672,1773,Mycobacterium tuberculosis,SAMEA8719055,128,4286885,1.00
1773.39673,1773,Mycobacterium tuberculosis,SAMEA8719056,129,4293443,0.50
1773.39679,1773,Mycobacterium tuberculosis,SAMEA8719058,136,4271364,0.50
1773.39677,1773,Mycobacterium tuberculosis,SAMEA8719061,166,4274671,0.25
1773.39675,1773,Mycobacterium tuberculosis,SAMEA8719064,119,4289891,1.00
1773.39687,1773,Mycobacterium tuberculosis,SAMEA8719068,111,4320977,0.50
1773.39688,1773,Mycobacterium tuberculosis,SAMEA8719069,94,4294183,0.25
1773.39686,1773,Mycobacterium tuberculosis,SAMEA8719070,106,4366127,0.50
1773.39690,1773,Mycobacterium tuberculosis,SAMEA8719072,110,4326524,0.50
1773.39692,1773,Mycobacterium tuberculosis,SAMEA8719074,116,4320596,0.50
1773.39693,1773,Mycobacterium tuberculosis,SAMEA8719075,109,4328825,1.00
1773.39694,1773,Mycobacterium tuberculosis,SAMEA8719076,103,4336046,1.00
1773.39695,1773,Mycobacterium tuberculosis,SAMEA8719077,111,4325921,0.50
1773.39697,1773,Mycobacterium tuberculosis,SAMEA8719078,114,4325114,0.25
1773.39701,1773,Mycobacterium tuberculosis,SAMEA8719083,98,4339406,0.50
1773.39699,1773,Mycobacterium tuberculosis,SAMEA8719084,106,4360605,1.00
1773.39703,1773,Mycobacterium tuberculosis,SAMEA8719085,95,4335196,1.00
1773.39702,1773,Mycobacterium tuberculosis,SAMEA8719086,103,4329045,0.12
1773.39706,1773,Mycobacterium tuberculosis,SAMEA8719087,127,4317342,0.50
1773.39700,1773,Mycobacterium tuberculosis,SAMEA8719088,101,4297671,0.50
1773.39707,1773,Mycobacterium tuberculosis,SAMEA8719089,95,4343806,0.50
1773.39711,1773,Mycobacterium tuberculosis,SAMEA8719092,97,4352011,0.50
1773.39710,1773,Mycobacterium tuberculosis,SAMEA8719093,83,4352151,0.50
1773.39714,1773,Mycobacterium tuberculosis,SAMEA8719096,90,4334133,0.50
1773.39728,1773,Mycobacterium tuberculosis,SAMEA8719098,98,4336395,0.25
1773.39718,1773,Mycobacterium tuberculosis,SAMEA8719102,79,4347481,1.00
1773.39727,1773,Mycobacterium tuberculosis,SAMEA8719105,99,4335219,2.00
1773.39716,1773,Mycobacterium tuberculosis,SAMEA8719108,98,4333609,0.50
1773.39736,1773,Mycobacterium tuberculosis,SAMEA8719117,87,4345033,0.50
1773.39740,1773,Mycobacterium tuberculosis,SAMEA8719126,105,4336865,0.50
1773.39745,1773,Mycobacterium tuberculosis,SAMEA8719130,99,4333821,0.50
1773.39747,1773,Mycobacterium tuberculosis,SAMEA8719131,97,4314715,0.50
1773.39752,1773,Mycobacterium tuberculosis,SAMEA8719137,102,4330796,2.00
1773.39753,1773,Mycobacterium tuberculosis,SAMEA8719138,100,4357616,0.50
1773.39756,1773,Mycobacterium tuberculosis,SAMEA8719140,92,4328517,0.50
1773.39758,1773,Mycobacterium tuberculosis,SAMEA8719142,95,4353334,0.50
1773.43654,1773,Mycobacterium tuberculosis,SAMEA8719147,108,4331695,0.50
1773.39759,1773,Mycobacterium tuberculosis,SAMEA8719149,120,4317320,0.50
1773.39767,1773,Mycobacterium tuberculosis,SAMEA8719150,114,4317257,0.50
1773.39774,1773,Mycobacterium tuberculosis,SAMEA8719153,112,4320081,0.50
1773.39772,1773,Mycobacterium tuberculosis,SAMEA8719154,109,4331152,0.25
1773.39773,1773,Mycobacterium tuberculosis,SAMEA8719157,113,4307986,0.50
1773.39763,1773,Mycobacterium tuberculosis,SAMEA8719158,113,4311977,0.50
1773.39768,1773,Mycobacterium tuberculosis,SAMEA8719163,120,4309076,0.50
1773.39766,1773,Mycobacterium tuberculosis,SAMEA8719164,107,4321346,1.00
1773.39760,1773,Mycobacterium tuberculosis,SAMEA8719166,113,4316501,0.50
1773.39779,1773,Mycobacterium tuberculosis,SAMEA8719174,115,4304024,1.00
1773.39775,1773,Mycobacterium tuberculosis,SAMEA8719175,112,4306274,1.00
1773.39780,1773,Mycobacterium tuberculosis,SAMEA8719177,116,4319918,0.50
1773.39782,1773,Mycobacterium tuberculosis,SAMEA8719178,104,4251996,0.50
1773.39783,1773,Mycobacterium tuberculosis,SAMEA8719179,109,4296508,0.50
1773.39785,1773,Mycobacterium tuberculosis,SAMEA8719181,116,4306797,1.00
1773.39787,1773,Mycobacterium tuberculosis,SAMEA8719182,108,4297392,0.50
1773.39786,1773,Mycobacterium tuberculosis,SAMEA8719183,114,4316754,0.50
1773.39790,1773,Mycobacterium tuberculosis,SAMEA8719185,107,4333037,0.25
1773.39791,1773,Mycobacterium tuberculosis,SAMEA8719188,124,4300204,0.50
1773.39797,1773,Mycobacterium tuberculosis,SAMEA8719194,113,4293455,8.00
1773.43621,1773,Mycobacterium tuberculosis,SAMEA8719195,123,4299957,0.50
1773.39799,1773,Mycobacterium tuberculosis,SAMEA8719196,111,4330599,0.50
1773.43637,1773,Mycobacterium tuberculosis,SAMEA8719200,109,4313962,1.00
1773.39804,1773,Mycobacterium tuberculosis,SAMEA8719205,115,4316218,0.50
1773.43655,1773,Mycobacterium tuberculosis,SAMEA8719208,109,4306045,1.00
1773.43618,1773,Mycobacterium tuberculosis,SAMEA8719210,125,4308330,0.50
1773.43619,1773,Mycobacterium tuberculosis,SAMEA8719211,117,4293585,0.50
1773.43620,1773,Mycobacterium tuberculosis,SAMEA8719212,111,4323569,0.25
1773.39809,1773,Mycobacterium tuberculosis,SAMEA8719213,111,4315617,0.50
1773.39808,1773,Mycobacterium tuberculosis,SAMEA8719215,108,4307143,0.50
1773.39806,1773,Mycobacterium tuberculosis,SAMEA8719217,115,4311003,2.00
1773.39814,1773,Mycobacterium tuberculosis,SAMEA8719220,98,4322900,0.50
1773.39816,1773,Mycobacterium tuberculosis,SAMEA8719223,93,4329737,0.50
1773.39818,1773,Mycobacterium tuberculosis,SAMEA8719225,104,4340507,0.50
1773.39830,1773,Mycobacterium tuberculosis,SAMEA8719237,113,4312494,0.50
1773.39831,1773,Mycobacterium tuberculosis,SAMEA8719238,120,4295806,0.50
1773.39832,1773,Mycobacterium tuberculosis,SAMEA8719241,121,4292996,0.50
1773.39837,1773,Mycobacterium tuberculosis,SAMEA8719247,122,4298030,0.50
1773.39840,1773,Mycobacterium tuberculosis,SAMEA8719249,100,4330433,0.50
1773.39842,1773,Mycobacterium tuberculosis,SAMEA8719252,116,4308824,0.50
1773.39854,1773,Mycobacterium tuberculosis,SAMEA8741154,135,4293451,0.50
1773.39855,1773,Mycobacterium tuberculosis,SAMEA8741155,148,4293864,0.50
1773.39851,1773,Mycobacterium tuberculosis,SAMEA8741157,131,4304101,1.00
1773.39849,1773,Mycobacterium tuberculosis,SAMEA8741160,141,4316471,0.50
1773.43296,1773,Mycobacterium tuberculosis,SAMEA8741161,142,4325475,0.50
1773.39850,1773,Mycobacterium tuberculosis,SAMEA8741162,142,4276105,0.50
1773.39852,1773,Mycobacterium tuberculosis,SAMEA8741163,151,4311592,0.50
1773.39860,1773,Mycobacterium tuberculosis,SAMEA8741166,128,4312723,0.50
1773.39858,1773,Mycobacterium tuberculosis,SAMEA8741171,153,4286040,0.50
1773.39864,1773,Mycobacterium tuberculosis,SAMEA8741172,147,4283351,0.25
1773.39865,1773,Mycobacterium tuberculosis,SAMEA8741173,143,4296373,0.25
1773.39861,1773,Mycobacterium tuberculosis,SAMEA8741177,149,4294418,0.25
1773.39867,1773,Mycobacterium tuberculosis,SAMEA8741180,153,4256527,0.25
1773.39870,1773,Mycobacterium tuberculosis,SAMEA8741182,138,4305042,0.25
1773.39871,1773,Mycobacterium tuberculosis,SAMEA8741184,131,4315474,0.25
1773.39873,1773,Mycobacterium tuberculosis,SAMEA8741186,133,4270061,1.00
1773.39875,1773,Mycobacterium tuberculosis,SAMEA8741187,142,4312475,0.50
1773.39877,1773,Mycobacterium tuberculosis,SAMEA8741188,134,4304861,0.50
1773.39876,1773,Mycobacterium tuberculosis,SAMEA8741189,151,4299585,0.25
1773.39878,1773,Mycobacterium tuberculosis,SAMEA8741190,145,4308889,0.50
1773.39879,1773,Mycobacterium tuberculosis,SAMEA8741191,139,4303721,0.50
1773.39880,1773,Mycobacterium tuberculosis,SAMEA8741192,137,4302270,0.50
1773.39881,1773,Mycobacterium tuberculosis,SAMEA8741193,145,4299517,0.50
1773.39883,1773,Mycobacterium tuberculosis,SAMEA8741194,139,4298339,0.50
1773.39882,1773,Mycobacterium tuberculosis,SAMEA8741196,132,4302637,1.00
1773.39884,1773,Mycobacterium tuberculosis,SAMEA8741197,148,4271005,0.50
1773.39888,1773,Mycobacterium tuberculosis,SAMEA8741199,124,4304809,1.00
1773.43297,1773,Mycobacterium tuberculosis,SAMEA8741200,131,4325542,0.50
1773.39887,1773,Mycobacterium tuberculosis,SAMEA8741201,143,4309851,0.50
1773.39889,1773,Mycobacterium tuberculosis,SAMEA8741203,150,4308704,0.25
1773.43303,1773,Mycobacterium tuberculosis,SAMEA8741204,135,4326490,0.25
1773.39890,1773,Mycobacterium tuberculosis,SAMEA8741205,139,4301293,0.25
1773.39891,1773,Mycobacterium tuberculosis,SAMEA8741206,134,4298658,0.50
1773.39893,1773,Mycobacterium tuberculosis,SAMEA8741209,154,4300937,0.25
1773.39898,1773,Mycobacterium tuberculosis,SAMEA8741213,167,4292844,0.25
1773.39896,1773,Mycobacterium tuberculosis,SAMEA8741214,144,4325414,0.25
1773.39895,1773,Mycobacterium tuberculosis,SAMEA8741215,126,4296510,0.25
1773.39899,1773,Mycobacterium tuberculosis,SAMEA8741216,111,4302684,0.25
1773.39900,1773,Mycobacterium tuberculosis,SAMEA8741217,136,4287563,0.25
1773.39894,1773,Mycobacterium tuberculosis,SAMEA8741218,139,4303362,0.25
1773.39902,1773,Mycobacterium tuberculosis,SAMEA8741219,158,4283767,0.25
1773.39904,1773,Mycobacterium tuberculosis,SAMEA8741221,144,4290307,0.25
1773.43306,1773,Mycobacterium tuberculosis,SAMEA8741222,129,4292463,0.25
1773.39903,1773,Mycobacterium tuberculosis,SAMEA8741223,147,4290516,0.25
1773.39907,1773,Mycobacterium tuberculosis,SAMEA8741224,134,4260731,0.25
1773.39906,1773,Mycobacterium tuberculosis,SAMEA8741225,153,4267647,0.25
1773.39905,1773,Mycobacterium tuberculosis,SAMEA8741226,139,4282696,0.50
1773.39908,1773,Mycobacterium tuberculosis,SAMEA8741228,129,4314284,0.25
1773.39911,1773,Mycobacterium tuberculosis,SAMEA8741230,145,4298236,0.25
1773.39918,1773,Mycobacterium tuberculosis,SAMEA8741231,136,4295345,0.12
1773.39917,1773,Mycobacterium tuberculosis,SAMEA8741232,143,4334664,0.25
1773.39915,1773,Mycobacterium tuberculosis,SAMEA8741233,131,4281389,0.50
1773.39916,1773,Mycobacterium tuberculosis,SAMEA8741234,155,4291460,0.50
1773.39912,1773,Mycobacterium tuberculosis,SAMEA8741235,127,4300988,0.50
1773.39920,1773,Mycobacterium tuberculosis,SAMEA8741239,137,4291841,0.25
1773.39921,1773,Mycobacterium tuberculosis,SAMEA8741241,142,4302387,0.50
1773.39924,1773,Mycobacterium tuberculosis,SAMEA8741244,154,4305475,0.50
1773.39923,1773,Mycobacterium tuberculosis,SAMEA8741245,138,4310593,0.12
1773.39931,1773,Mycobacterium tuberculosis,SAMEA8741247,140,4307975,0.50
1773.39935,1773,Mycobacterium tuberculosis,SAMEA8741248,154,4284436,0.50
1773.39934,1773,Mycobacterium tuberculosis,SAMEA8741249,133,4287740,0.25
1773.39932,1773,Mycobacterium tuberculosis,SAMEA8741250,125,4302113,0.50
1773.43307,1773,Mycobacterium tuberculosis,SAMEA8741252,138,4290881,0.25
1773.39928,1773,Mycobacterium tuberculosis,SAMEA8741254,153,4291842,0.25
1773.39929,1773,Mycobacterium tuberculosis,SAMEA8741255,150,4290973,0.50
1773.43680,1773,Mycobacterium tuberculosis,SAMEA8741898,160,4247560,0.25
1773.43678,1773,Mycobacterium tuberculosis,SAMEA8741901,92,4327963,0.50
1773.39936,1773,Mycobacterium tuberculosis,SAMEA8741902,108,4331941,0.50
1773.39941,1773,Mycobacterium tuberculosis,SAMEA8741903,112,4321902,0.25
1773.39940,1773,Mycobacterium tuberculosis,SAMEA8741904,93,4337078,0.25
1773.39938,1773,Mycobacterium tuberculosis,SAMEA8741907,86,4325905,0.25
1773.39947,1773,Mycobacterium tuberculosis,SAMEA8741909,103,4354790,1.00
1773.39949,1773,Mycobacterium tuberculosis,SAMEA8741912,100,4335606,0.50
1773.39944,1773,Mycobacterium tuberculosis,SAMEA8741913,105,4335651,0.25
1773.39945,1773,Mycobacterium tuberculosis,SAMEA8741914,116,4332612,0.12
1773.39946,1773,Mycobacterium tuberculosis,SAMEA8741915,100,4351003,1.00
1773.39951,1773,Mycobacterium tuberculosis,SAMEA8741918,88,4312453,1.00
1773.39952,1773,Mycobacterium tuberculosis,SAMEA8741920,91,4349362,1.00
1773.39958,1773,Mycobacterium tuberculosis,SAMEA8741923,84,4356620,2.00
1773.39962,1773,Mycobacterium tuberculosis,SAMEA8741924,80,4363427,1.00
1773.39961,1773,Mycobacterium tuberculosis,SAMEA8741925,100,4338619,0.50
1773.39963,1773,Mycobacterium tuberculosis,SAMEA8741926,89,4342628,0.50
1773.39959,1773,Mycobacterium tuberculosis,SAMEA8741927,71,4350126,1.00
1773.39960,1773,Mycobacterium tuberculosis,SAMEA8741928,103,4336982,0.25
1773.39966,1773,Mycobacterium tuberculosis,SAMEA8741929,94,4352934,0.50
1773.39965,1773,Mycobacterium tuberculosis,SAMEA8741931,106,4358421,1.00
1773.39967,1773,Mycobacterium tuberculosis,SAMEA8741933,71,4355447,0.50
1773.39971,1773,Mycobacterium tuberculosis,SAMEA8741939,99,4354473,1.00
1773.39974,1773,Mycobacterium tuberculosis,SAMEA8741940,110,4335922,0.25
1773.39977,1773,Mycobacterium tuberculosis,SAMEA8741943,94,4340008,0.25
1773.39978,1773,Mycobacterium tuberculosis,SAMEA8741944,105,4339015,0.50
1773.39983,1773,Mycobacterium tuberculosis,SAMEA8741947,88,4347232,0.50
1773.39982,1773,Mycobacterium tuberculosis,SAMEA8741948,79,4346184,1.00
1773.39984,1773,Mycobacterium tuberculosis,SAMEA8741950,88,4351182,2.00
1773.39987,1773,Mycobacterium tuberculosis,SAMEA8741951,94,4308223,0.50
1773.39985,1773,Mycobacterium tuberculosis,SAMEA8741953,78,4353576,1.00
1773.39989,1773,Mycobacterium tuberculosis,SAMEA8741955,89,4361525,0.50
1773.39988,1773,Mycobacterium tuberculosis,SAMEA8741956,93,4339062,0.50
1773.39991,1773,Mycobacterium tuberculosis,SAMEA8741958,98,4348232,0.50
1773.39996,1773,Mycobacterium tuberculosis,SAMEA8741960,78,4362044,0.50
1773.39995,1773,Mycobacterium tuberculosis,SAMEA8741961,88,4336100,1.00
1773.39994,1773,Mycobacterium tuberculosis,SAMEA8741962,81,4362027,0.50
1773.40001,1773,Mycobacterium tuberculosis,SAMEA8741963,100,4339708,0.50
1773.39998,1773,Mycobacterium tuberculosis,SAMEA8741965,95,4345310,0.50
1773.39999,1773,Mycobacterium tuberculosis,SAMEA8741966,77,4353477,0.25
1773.39997,1773,Mycobacterium tuberculosis,SAMEA8741967,96,4341592,0.50
1773.40004,1773,Mycobacterium tuberculosis,SAMEA8741970,101,4339626,0.50
1773.40005,1773,Mycobacterium tuberculosis,SAMEA8741971,105,4338194,0.50
1773.40003,1773,Mycobacterium tuberculosis,SAMEA8741972,101,4341753,0.50
1773.40008,1773,Mycobacterium tuberculosis,SAMEA8741974,106,4318491,1.00
1773.40012,1773,Mycobacterium tuberculosis,SAMEA8741978,93,4329275,0.50
1773.40014,1773,Mycobacterium tuberculosis,SAMEA8741979,91,4338855,0.50
1773.40013,1773,Mycobacterium tuberculosis,SAMEA8741980,86,4347000,1.00
1773.40015,1773,Mycobacterium tuberculosis,SAMEA8741981,94,4337498,1.00
1773.40017,1773,Mycobacterium tuberculosis,SAMEA8741986,113,4339974,0.50
1773.40027,1773,Mycobacterium tuberculosis,SAMEA8741994,108,4309338,0.50
1773.40028,1773,Mycobacterium tuberculosis,SAMEA8741997,91,4332894,1.00
1773.40031,1773,Mycobacterium tuberculosis,SAMEA8741998,100,4327175,0.50
1773.40037,1773,Mycobacterium tuberculosis,SAMEA8742002,121,4318224,0.50
1773.40034,1773,Mycobacterium tuberculosis,SAMEA8742005,117,4275997,0.50
1773.40035,1773,Mycobacterium tuberculosis,SAMEA8742007,91,4325907,1.00
1773.40041,1773,Mycobacterium tuberculosis,SAMEA8742011,113,4313402,1.00
1773.43676,1773,Mycobacterium tuberculosis,SAMEA8742013,100,4284017,1.00
1773.40042,1773,Mycobacterium tuberculosis,SAMEA8742014,91,4294040,0.50
1773.40050,1773,Mycobacterium tuberculosis,SAMEA8742017,121,4290504,0.50
1773.40044,1773,Mycobacterium tuberculosis,SAMEA8742019,141,4275575,0.50
1773.40045,1773,Mycobacterium tuberculosis,SAMEA8742021,113,4311646,0.50
1773.40055,1773,Mycobacterium tuberculosis,SAMEA8742022,119,4285258,0.50
1773.40056,1773,Mycobacterium tuberculosis,SAMEA8742024,104,4285492,0.50
1773.40053,1773,Mycobacterium tuberculosis,SAMEA8742025,102,4327227,0.50
1773.40054,1773,Mycobacterium tuberculosis,SAMEA8742027,144,4266768,0.50
1773.40057,1773,Mycobacterium tuberculosis,SAMEA8742028,138,4274569,0.50
1773.40059,1773,Mycobacterium tuberculosis,SAMEA8742030,108,4318455,1.00
1773.40062,1773,Mycobacterium tuberculosis,SAMEA8742033,121,4300527,0.50
1773.40066,1773,Mycobacterium tuberculosis,SAMEA8742035,153,4259925,0.50
1773.40064,1773,Mycobacterium tuberculosis,SAMEA8742037,139,4275777,0.50
1773.40063,1773,Mycobacterium tuberculosis,SAMEA8742038,128,4285243,0.50
1773.40070,1773,Mycobacterium tuberculosis,SAMEA8742041,111,4343761,1.00
1773.40071,1773,Mycobacterium tuberculosis,SAMEA8742042,100,4305063,0.50
1773.40078,1773,Mycobacterium tuberculosis,SAMEA8742051,113,4288133,0.50
1773.40079,1773,Mycobacterium tuberculosis,SAMEA8742052,119,4309973,0.50
1773.40082,1773,Mycobacterium tuberculosis,SAMEA8742054,158,4248873,0.50
1773.40083,1773,Mycobacterium tuberculosis,SAMEA8742056,144,4261340,0.25
1773.40084,1773,Mycobacterium tuberculosis,SAMEA8742057,152,4263439,0.50
1773.40086,1773,Mycobacterium tuberculosis,SAMEA8742059,97,4297139,0.50
1773.40090,1773,Mycobacterium tuberculosis,SAMEA8742062,159,4248797,0.50
1773.40088,1773,Mycobacterium tuberculosis,SAMEA8742063,152,4257577,0.50
1773.40091,1773,Mycobacterium tuberculosis,SAMEA8742065,123,4280064,0.50
1773.40093,1773,Mycobacterium tuberculosis,SAMEA8742066,132,4268977,1.00
1773.40094,1773,Mycobacterium tuberculosis,SAMEA8742069,127,4257048,0.50
1773.40098,1773,Mycobacterium tuberculosis,SAMEA8742071,159,4262639,0.50
1773.40097,1773,Mycobacterium tuberculosis,SAMEA8742073,114,4292212,0.50
1773.40102,1773,Mycobacterium tuberculosis,SAMEA8742076,133,4278102,0.50
1773.40103,1773,Mycobacterium tuberculosis,SAMEA8742078,139,4247415,0.50
1773.40109,1773,Mycobacterium tuberculosis,SAMEA8742082,126,4300920,0.50
1773.40110,1773,Mycobacterium tuberculosis,SAMEA8742083,118,4286405,0.50
1773.40108,1773,Mycobacterium tuberculosis,SAMEA8742084,118,4296544,0.50
1773.40112,1773,Mycobacterium tuberculosis,SAMEA8742085,115,4305821,0.50
1773.40111,1773,Mycobacterium tuberculosis,SAMEA8742086,118,4309069,0.50
1773.40117,1773,Mycobacterium tuberculosis,SAMEA8742088,117,4316004,0.50
1773.40115,1773,Mycobacterium tuberculosis,SAMEA8742089,123,4273577,0.50
1773.40114,1773,Mycobacterium tuberculosis,SAMEA8742090,97,4324332,0.50
1773.40123,1773,Mycobacterium tuberculosis,SAMEA8742096,115,4333926,0.50
1773.40122,1773,Mycobacterium tuberculosis,SAMEA8742098,96,4350906,0.25
1773.40126,1773,Mycobacterium tuberculosis,SAMEA8742100,90,4356832,0.50
1773.40125,1773,Mycobacterium tuberculosis,SAMEA8742101,109,4336863,0.50
1773.40128,1773,Mycobacterium tuberculosis,SAMEA8742104,81,4354011,2.00
1773.40139,1773,Mycobacterium tuberculosis,SAMEA8742115,101,4293599,0.50
1773.40138,1773,Mycobacterium tuberculosis,SAMEA8742117,110,4302033,0.50
1773.40142,1773,Mycobacterium tuberculosis,SAMEA8742120,121,4302879,0.25
1773.40146,1773,Mycobacterium tuberculosis,SAMEA8742125,112,4321586,0.25
1773.43674,1773,Mycobacterium tuberculosis,SAMEA8742129,109,4292630,0.50
1773.40150,1773,Mycobacterium tuberculosis,SAMEA8742131,110,4311468,0.50
1773.40152,1773,Mycobacterium tuberculosis,SAMEA8742135,113,4277537,1.00
1773.40157,1773,Mycobacterium tuberculosis,SAMEA8742137,114,4323834,0.25
1773.40156,1773,Mycobacterium tuberculosis,SAMEA8742138,116,4304558,0.25
1773.40155,1773,Mycobacterium tuberculosis,SAMEA8742139,121,4309218,0.25
1773.40159,1773,Mycobacterium tuberculosis,SAMEA8742140,125,4303742,0.25
1773.40160,1773,Mycobacterium tuberculosis,SAMEA8742141,118,4309111,0.50
1773.40165,1773,Mycobacterium tuberculosis,SAMEA8742146,117,4298691,0.50
1773.40163,1773,Mycobacterium tuberculosis,SAMEA8742147,111,4320773,0.50
1773.40170,1773,Mycobacterium tuberculosis,SAMEA8742149,120,4295300,1.00
1773.40168,1773,Mycobacterium tuberculosis,SAMEA8742150,106,4285849,0.50
1773.40177,1773,Mycobacterium tuberculosis,SAMEA8742157,91,4346998,0.50
1773.40178,1773,Mycobacterium tuberculosis,SAMEA8742159,100,4339423,1.00
1773.40179,1773,Mycobacterium tuberculosis,SAMEA8742160,115,4325338,0.50
1773.40183,1773,Mycobacterium tuberculosis,SAMEA8742165,95,4291899,1.00
1773.40188,1773,Mycobacterium tuberculosis,SAMEA8742168,112,4323532,0.50
1773.40191,1773,Mycobacterium tuberculosis,SAMEA8742172,95,4343438,0.50
1773.40193,1773,Mycobacterium tuberculosis,SAMEA8742173,116,4297929,0.50
1773.40195,1773,Mycobacterium tuberculosis,SAMEA8742174,103,4301898,0.50
1773.40200,1773,Mycobacterium tuberculosis,SAMEA8742175,102,4315912,0.50
1773.40198,1773,Mycobacterium tuberculosis,SAMEA8742177,121,4322998,0.50
1773.40196,1773,Mycobacterium tuberculosis,SAMEA8742178,110,4329946,0.25
1773.40206,1773,Mycobacterium tuberculosis,SAMEA8742185,103,4294273,1.00
1773.40207,1773,Mycobacterium tuberculosis,SAMEA8742186,109,4329851,0.50
1773.40209,1773,Mycobacterium tuberculosis,SAMEA8742191,117,4312229,0.50
1773.40213,1773,Mycobacterium tuberculosis,SAMEA8742193,114,4313718,0.50
1773.40216,1773,Mycobacterium tuberculosis,SAMEA8742196,90,4284353,0.50
1773.40218,1773,Mycobacterium tuberculosis,SAMEA8742198,91,4289419,0.50
1773.40219,1773,Mycobacterium tuberculosis,SAMEA8742199,105,4287600,0.50
1773.40222,1773,Mycobacterium tuberculosis,SAMEA8742202,117,4297522,0.25
1773.40220,1773,Mycobacterium tuberculosis,SAMEA8742203,84,4347521,0.25
1773.40230,1773,Mycobacterium tuberculosis,SAMEA8742205,106,4327708,0.50
1773.40229,1773,Mycobacterium tuberculosis,SAMEA8742206,110,4331613,0.50
1773.43671,1773,Mycobacterium tuberculosis,SAMEA8742209,121,4324064,0.50
1773.40232,1773,Mycobacterium tuberculosis,SAMEA8742213,85,4339986,0.50
1773.40233,1773,Mycobacterium tuberculosis,SAMEA8742214,114,4333185,0.50
1773.40235,1773,Mycobacterium tuberculosis,SAMEA8742215,134,4321352,0.25
1773.40238,1773,Mycobacterium tuberculosis,SAMEA8742220,93,4355153,1.00
1773.40242,1773,Mycobacterium tuberculosis,SAMEA8742226,101,4344398,0.50
1773.40244,1773,Mycobacterium tuberculosis,SAMEA8742228,100,4354244,0.50
1773.40247,1773,Mycobacterium tuberculosis,SAMEA8742231,97,4329522,0.50
1773.40249,1773,Mycobacterium tuberculosis,SAMEA8742233,91,4330370,0.50
1773.40252,1773,Mycobacterium tuberculosis,SAMEA8742236,96,4353941,0.50
1773.40256,1773,Mycobacterium tuberculosis,SAMEA8742238,93,4345820,0.25
1773.40258,1773,Mycobacterium tuberculosis,SAMEA8742243,104,4343043,0.50
1773.40265,1773,Mycobacterium tuberculosis,SAMEA8742278,115,4279453,0.50
1773.40266,1773,Mycobacterium tuberculosis,SAMEA8742279,98,4299372,0.50
1773.40262,1773,Mycobacterium tuberculosis,SAMEA8742281,171,4274380,0.25
1773.40263,1773,Mycobacterium tuberculosis,SAMEA8742282,139,4261408,0.25
1773.40268,1773,Mycobacterium tuberculosis,SAMEA8742283,121,4283019,0.50
1773.40261,1773,Mycobacterium tuberculosis,SAMEA8742286,91,4293263,0.03
1773.40264,1773,Mycobacterium tuberculosis,SAMEA8742288,112,4287540,0.25
1773.40267,1773,Mycobacterium tuberculosis,SAMEA8742289,151,4281700,0.25
1773.40269,1773,Mycobacterium tuberculosis,SAMEA8742290,125,4269898,0.25
1773.40272,1773,Mycobacterium tuberculosis,SAMEA8742291,184,4261079,0.25
1773.40273,1773,Mycobacterium tuberculosis,SAMEA8742295,112,4319946,0.50
1773.40274,1773,Mycobacterium tuberculosis,SAMEA8742296,116,4309142,0.50
1773.40270,1773,Mycobacterium tuberculosis,SAMEA8742298,107,4327086,0.25
1773.40281,1773,Mycobacterium tuberculosis,SAMEA8742303,102,4334160,0.25
1773.40280,1773,Mycobacterium tuberculosis,SAMEA8742304,116,4327112,0.50
1773.40290,1773,Mycobacterium tuberculosis,SAMEA8742308,114,4331483,0.50
1773.40286,1773,Mycobacterium tuberculosis,SAMEA8742309,112,4333404,8.00
1773.40287,1773,Mycobacterium tuberculosis,SAMEA8742310,101,4336066,0.50
1773.40288,1773,Mycobacterium tuberculosis,SAMEA8742314,106,4330444,0.50
1773.40285,1773,Mycobacterium tuberculosis,SAMEA8742315,103,4330865,0.25
1773.40284,1773,Mycobacterium tuberculosis,SAMEA8742316,94,4342679,0.50
1773.40291,1773,Mycobacterium tuberculosis,SAMEA8742317,132,4330931,0.25
1773.40293,1773,Mycobacterium tuberculosis,SAMEA8742318,101,4331215,2.00
1773.40294,1773,Mycobacterium tuberculosis,SAMEA8742321,97,4339314,0.25
1773.40295,1773,Mycobacterium tuberculosis,SAMEA8742322,90,4337206,0.25
1773.40298,1773,Mycobacterium tuberculosis,SAMEA8742325,78,4342839,0.50
1773.40302,1773,Mycobacterium tuberculosis,SAMEA8742330,105,4339933,0.50
1773.40301,1773,Mycobacterium tuberculosis,SAMEA8742332,104,4345496,0.50
1773.40305,1773,Mycobacterium tuberculosis,SAMEA8742334,97,4336183,0.03
1773.40310,1773,Mycobacterium tuberculosis,SAMEA8742338,79,4344639,0.50
1773.40311,1773,Mycobacterium tuberculosis,SAMEA8742339,92,4358810,2.00
1773.40309,1773,Mycobacterium tuberculosis,SAMEA8742340,106,4335474,0.50
1773.40314,1773,Mycobacterium tuberculosis,SAMEA8742344,82,4301262,1.00
1773.40317,1773,Mycobacterium tuberculosis,SAMEA8742346,101,4355313,0.03
1773.40323,1773,Mycobacterium tuberculosis,SAMEA8742350,79,4361037,0.50
1773.40322,1773,Mycobacterium tuberculosis,SAMEA8742351,95,4358320,0.25
1773.40324,1773,Mycobacterium tuberculosis,SAMEA8742356,95,4340502,0.50
1773.40329,1773,Mycobacterium tuberculosis,SAMEA8742358,76,4349606,8.00
1773.40332,1773,Mycobacterium tuberculosis,SAMEA8742359,93,4346871,0.50
1773.40328,1773,Mycobacterium tuberculosis,SAMEA8742361,97,4346036,0.25
1773.43646,1773,Mycobacterium tuberculosis,SAMEA8742362,78,4353015,0.50
1773.40330,1773,Mycobacterium tuberculosis,SAMEA8742363,77,4350083,0.50
1773.40341,1773,Mycobacterium tuberculosis,SAMEA8742365,82,4349809,0.50
1773.40345,1773,Mycobacterium tuberculosis,SAMEA8742367,82,4356002,0.25
1773.43645,1773,Mycobacterium tuberculosis,SAMEA8742368,97,4336319,0.50
1773.40342,1773,Mycobacterium tuberculosis,SAMEA8742369,78,4371232,0.50
1773.40343,1773,Mycobacterium tuberculosis,SAMEA8742370,99,4361645,0.50
1773.40335,1773,Mycobacterium tuberculosis,SAMEA8742390,101,4337504,0.25
1773.40339,1773,Mycobacterium tuberculosis,SAMEA8742391,91,4331010,0.25
1773.40334,1773,Mycobacterium tuberculosis,SAMEA8742392,86,4361518,0.25
1773.40338,1773,Mycobacterium tuberculosis,SAMEA8742393,82,4352015,1.00
1773.40336,1773,Mycobacterium tuberculosis,SAMEA8742394,90,4345757,0.25
1773.40337,1773,Mycobacterium tuberculosis,SAMEA8742395,84,4312782,0.50
1773.40347,1773,Mycobacterium tuberculosis,SAMEA8742397,92,4303424,0.50
1773.40349,1773,Mycobacterium tuberculosis,SAMEA8742399,94,4345276,0.50
1773.40351,1773,Mycobacterium tuberculosis,SAMEA8742401,92,4336719,0.50
1773.40353,1773,Mycobacterium tuberculosis,SAMEA8742403,113,4350967,1.00
1773.40357,1773,Mycobacterium tuberculosis,SAMEA8742407,127,4323656,0.25
1773.40355,1773,Mycobacterium tuberculosis,SAMEA8742408,96,4260903,0.50
1773.40356,1773,Mycobacterium tuberculosis,SAMEA8742409,105,4335811,0.25
1773.40358,1773,Mycobacterium tuberculosis,SAMEA8742410,79,4355412,0.50
1773.40359,1773,Mycobacterium tuberculosis,SAMEA8742411,90,4343147,0.25
1773.40360,1773,Mycobacterium tuberculosis,SAMEA8742412,106,4341237,1.00
1773.40362,1773,Mycobacterium tuberculosis,SAMEA8742414,116,4322841,0.50
1773.40361,1773,Mycobacterium tuberculosis,SAMEA8742415,100,4351135,1.00
1773.40365,1773,Mycobacterium tuberculosis,SAMEA8742416,113,4328795,0.25
1773.40366,1773,Mycobacterium tuberculosis,SAMEA8742419,101,4353679,0.50
1773.40368,1773,Mycobacterium tuberculosis,SAMEA8742420,87,4337874,1.00
1773.40369,1773,Mycobacterium tuberculosis,SAMEA8742421,100,4337560,0.50
1773.40367,1773,Mycobacterium tuberculosis,SAMEA8742422,101,4342023,0.50
1773.40370,1773,Mycobacterium tuberculosis,SAMEA8742423,84,4298298,0.50
1773.40374,1773,Mycobacterium tuberculosis,SAMEA8742424,100,4355521,0.50
1773.40372,1773,Mycobacterium tuberculosis,SAMEA8742425,105,4344419,0.50
1773.40373,1773,Mycobacterium tuberculosis,SAMEA8742426,101,4362236,0.50
1773.40371,1773,Mycobacterium tuberculosis,SAMEA8742429,97,4336882,0.50
1773.40376,1773,Mycobacterium tuberculosis,SAMEA8742430,77,4311335,0.50
1773.40382,1773,Mycobacterium tuberculosis,SAMEA8742436,77,4353734,0.50
1773.40427,1773,Mycobacterium tuberculosis,SAMEA8742438,92,4351003,0.50
1773.40383,1773,Mycobacterium tuberculosis,SAMEA8742439,95,4336893,0.25
1773.40385,1773,Mycobacterium tuberculosis,SAMEA8742440,90,4318147,0.50
1773.40384,1773,Mycobacterium tuberculosis,SAMEA8742441,106,4330063,0.25
1773.40388,1773,Mycobacterium tuberculosis,SAMEA8742444,86,4379917,1.00
1773.40390,1773,Mycobacterium tuberculosis,SAMEA8742446,86,4369482,0.50
1773.40392,1773,Mycobacterium tuberculosis,SAMEA8742449,96,4333385,0.50
1773.40393,1773,Mycobacterium tuberculosis,SAMEA8742450,97,4341901,1.00
1773.40397,1773,Mycobacterium tuberculosis,SAMEA8742452,94,4346129,0.50
1773.40396,1773,Mycobacterium tuberculosis,SAMEA8742453,90,4336057,0.50
1773.40398,1773,Mycobacterium tuberculosis,SAMEA8742454,92,4344596,0.50
1773.40399,1773,Mycobacterium tuberculosis,SAMEA8742455,95,4339017,0.25
1773.40402,1773,Mycobacterium tuberculosis,SAMEA8742456,98,4334048,0.50
1773.40403,1773,Mycobacterium tuberculosis,SAMEA8742459,94,4339597,0.50
1773.40401,1773,Mycobacterium tuberculosis,SAMEA8742460,84,4352059,1.00
1773.40400,1773,Mycobacterium tuberculosis,SAMEA8742461,104,4342254,0.50
1773.40410,1773,Mycobacterium tuberculosis,SAMEA8742467,81,4353728,1.00
1773.40415,1773,Mycobacterium tuberculosis,SAMEA8742468,102,4348910,0.50
1773.40413,1773,Mycobacterium tuberculosis,SAMEA8742469,93,4341219,0.50
1773.40417,1773,Mycobacterium tuberculosis,SAMEA8742471,108,4351930,0.50
1773.40418,1773,Mycobacterium tuberculosis,SAMEA8742474,96,4335073,0.50
1773.40420,1773,Mycobacterium tuberculosis,SAMEA8742476,86,4354545,0.50
1773.40419,1773,Mycobacterium tuberculosis,SAMEA8742478,102,4343850,0.50
1773.40423,1773,Mycobacterium tuberculosis,SAMEA8742479,107,4329914,0.50
1773.40424,1773,Mycobacterium tuberculosis,SAMEA8742480,93,4338717,0.50
1773.40426,1773,Mycobacterium tuberculosis,SAMEA8742481,97,4332279,1.00
1773.40432,1773,Mycobacterium tuberculosis,SAMEA8742483,90,4352105,1.00
1773.40428,1773,Mycobacterium tuberculosis,SAMEA8742485,85,4337630,1.00
1773.40429,1773,Mycobacterium tuberculosis,SAMEA8742486,105,4335788,0.50
1773.40439,1773,Mycobacterium tuberculosis,SAMEA8742489,99,4292708,1.00
1773.43675,1773,Mycobacterium tuberculosis,SAMEA8742544,127,4323005,0.25
1773.40441,1773,Mycobacterium tuberculosis,SAMEA8742545,106,4328638,0.50
1773.40435,1773,Mycobacterium tuberculosis,SAMEA8742547,97,4361146,0.50
1773.40433,1773,Mycobacterium tuberculosis,SAMEA8742549,83,4328681,2.00
1773.40440,1773,Mycobacterium tuberculosis,SAMEA8742550,96,4337969,0.50
1773.40437,1773,Mycobacterium tuberculosis,SAMEA8742551,105,4332771,0.50
1773.40436,1773,Mycobacterium tuberculosis,SAMEA8742553,108,4312301,0.25
1773.40491,1773,Mycobacterium tuberculosis,SAMEA8742554,84,4340898,1.00
1773.40443,1773,Mycobacterium tuberculosis,SAMEA8742555,106,4336954,0.25
1773.40445,1773,Mycobacterium tuberculosis,SAMEA8742556,111,4318540,0.50
1773.40446,1773,Mycobacterium tuberculosis,SAMEA8742558,108,4337822,1.00
1773.40448,1773,Mycobacterium tuberculosis,SAMEA8742560,78,4352117,1.00
1773.40447,1773,Mycobacterium tuberculosis,SAMEA8742561,108,4346775,0.50
1773.40451,1773,Mycobacterium tuberculosis,SAMEA8742562,95,4346567,1.00
1773.40452,1773,Mycobacterium tuberculosis,SAMEA8742563,92,4346753,0.50
1773.40450,1773,Mycobacterium tuberculosis,SAMEA8742564,99,4339510,0.50
1773.40454,1773,Mycobacterium tuberculosis,SAMEA8742566,103,4333374,0.50
1773.40455,1773,Mycobacterium tuberculosis,SAMEA8742567,111,4328406,0.50
1773.40456,1773,Mycobacterium tuberculosis,SAMEA8742568,99,4348404,0.50
1773.40460,1773,Mycobacterium tuberculosis,SAMEA8742571,98,4346567,1.00
1773.40462,1773,Mycobacterium tuberculosis,SAMEA8742574,79,4347792,0.25
1773.40465,1773,Mycobacterium tuberculosis,SAMEA8742576,97,4342072,0.50
1773.40464,1773,Mycobacterium tuberculosis,SAMEA8742577,89,4345894,0.50
1773.40467,1773,Mycobacterium tuberculosis,SAMEA8742578,116,4340339,0.50
1773.40466,1773,Mycobacterium tuberculosis,SAMEA8742579,96,4344344,1.00
1773.40469,1773,Mycobacterium tuberculosis,SAMEA8742580,78,4359317,1.00
1773.40468,1773,Mycobacterium tuberculosis,SAMEA8742581,80,4357535,0.50
1773.40476,1773,Mycobacterium tuberculosis,SAMEA8742582,75,4358714,0.50
1773.40474,1773,Mycobacterium tuberculosis,SAMEA8742583,93,4339558,1.00
1773.40473,1773,Mycobacterium tuberculosis,SAMEA8742584,78,4358211,1.00
1773.40470,1773,Mycobacterium tuberculosis,SAMEA8742588,85,4336538,0.50
1773.40471,1773,Mycobacterium tuberculosis,SAMEA8742589,83,4337504,0.50
1773.40478,1773,Mycobacterium tuberculosis,SAMEA8742590,91,4358420,0.50
1773.40485,1773,Mycobacterium tuberculosis,SAMEA8742591,81,4363451,1.00
1773.40482,1773,Mycobacterium tuberculosis,SAMEA8742592,72,4355732,0.50
1773.40483,1773,Mycobacterium tuberculosis,SAMEA8742595,74,4348603,1.00
1773.40479,1773,Mycobacterium tuberculosis,SAMEA8742597,124,4334598,0.50
1773.40489,1773,Mycobacterium tuberculosis,SAMEA8742600,96,4348324,1.00
1773.40486,1773,Mycobacterium tuberculosis,SAMEA8742601,83,4363548,0.50
1773.40488,1773,Mycobacterium tuberculosis,SAMEA8742602,113,4339609,0.25
1773.40490,1773,Mycobacterium tuberculosis,SAMEA8742603,101,4365330,0.50
1773.40487,1773,Mycobacterium tuberculosis,SAMEA8742604,86,4351347,0.50
1773.40492,1773,Mycobacterium tuberculosis,SAMEA8742605,95,4340004,0.50
1773.40496,1773,Mycobacterium tuberculosis,SAMEA8742609,116,4346722,0.50
1773.40493,1773,Mycobacterium tuberculosis,SAMEA8742611,80,4365953,0.50
1773.40500,1773,Mycobacterium tuberculosis,SAMEA8742612,84,4360793,0.50
1773.40502,1773,Mycobacterium tuberculosis,SAMEA8742615,103,4344710,0.50
1773.40504,1773,Mycobacterium tuberculosis,SAMEA8742616,129,4344503,0.50
1773.43672,1773,Mycobacterium tuberculosis,SAMEA8742617,88,4340210,0.25
1773.40503,1773,Mycobacterium tuberculosis,SAMEA8742618,93,4348862,0.25
1773.40505,1773,Mycobacterium tuberculosis,SAMEA8742619,78,4354002,0.50
1773.40508,1773,Mycobacterium tuberculosis,SAMEA8742620,81,4352699,0.50
1773.40506,1773,Mycobacterium tuberculosis,SAMEA8742622,99,4342376,0.50
1773.40518,1773,Mycobacterium tuberculosis,SAMEA8742624,73,4359696,0.25
1773.40520,1773,Mycobacterium tuberculosis,SAMEA8742625,84,4359009,0.50
1773.40517,1773,Mycobacterium tuberculosis,SAMEA8742626,84,4340974,0.50
1773.40516,1773,Mycobacterium tuberculosis,SAMEA8742627,111,4330735,0.50
1773.40519,1773,Mycobacterium tuberculosis,SAMEA8742628,82,4335973,0.50
1773.40510,1773,Mycobacterium tuberculosis,SAMEA8742631,87,4377471,1.00
1773.40511,1773,Mycobacterium tuberculosis,SAMEA8742632,92,4346811,0.50
1773.40512,1773,Mycobacterium tuberculosis,SAMEA8742633,95,4338426,1.00
1773.40514,1773,Mycobacterium tuberculosis,SAMEA8742634,95,4338275,0.25
1773.40513,1773,Mycobacterium tuberculosis,SAMEA8742635,136,4330202,0.12
1773.40523,1773,Mycobacterium tuberculosis,SAMEA8742636,100,4333512,1.00
1773.40526,1773,Mycobacterium tuberculosis,SAMEA8742638,93,4338901,0.25
1773.40528,1773,Mycobacterium tuberculosis,SAMEA8742643,88,4340354,1.00
1773.40533,1773,Mycobacterium tuberculosis,SAMEA8742645,87,4339799,0.50
1773.6031,1773,Mycobacterium tuberculosis,SAMN05825228,15,4389402,0.25
1773.6030,1773,Mycobacterium tuberculosis,SAMN05830624,11,4319495,3
1773.6741,1773,Mycobacterium tuberculosis,SAMN05830709,9,4384738,0.5
1773.6739,1773,Mycobacterium tuberculosis,SAMN05830710,3,4387523,0.25
1773.6740,1773,Mycobacterium tuberculosis,SAMN05830711,2,4369097,0.5
1773.6121,1773,Mycobacterium tuberculosis,SAMN05915249,6,4400047,0.25
1773.6120,1773,Mycobacterium tuberculosis,SAMN05915250,4,4378007,0.25
1773.6119,1773,Mycobacterium tuberculosis,SAMN05915251,7,4377815,0.25
1773.6118,1773,Mycobacterium tuberculosis,SAMN05915252,4,4392037,0.25
1773.6116,1773,Mycobacterium tuberculosis,SAMN05915254,7,4393703,0.25
1773.6115,1773,Mycobacterium tuberculosis,SAMN05915255,6,4403833,0.25
1773.6112,1773,Mycobacterium tuberculosis,SAMN05915257,2,4405170,0.5
1773.6113,1773,Mycobacterium tuberculosis,SAMN05915258,1,4389201,0.5
1773.6111,1773,Mycobacterium tuberculosis,SAMN05915259,9,4390116,0.5
1773.6110,1773,Mycobacterium tuberculosis,SAMN05915260,2,4377763,0.5
1773.6109,1773,Mycobacterium tuberculosis,SAMN05915261,4,4393648,0.25
1773.6108,1773,Mycobacterium tuberculosis,SAMN05915262,2,4389976,1
1773.6107,1773,Mycobacterium tuberculosis,SAMN05915263,3,4411524,0.25
1773.6106,1773,Mycobacterium tuberculosis,SAMN05915264,1,4386664,0.25
1773.6105,1773,Mycobacterium tuberculosis,SAMN05915265,7,4405512,0.25
1773.6104,1773,Mycobacterium tuberculosis,SAMN05915266,2,4363656,0.5
1773.6103,1773,Mycobacterium tuberculosis,SAMN05915267,1,4372594,0.5
1773.6102,1773,Mycobacterium tuberculosis,SAMN05915268,9,4398539,0.25
1773.6101,1773,Mycobacterium tuberculosis,SAMN05915269,5,4392978,0.5
1773.6100,1773,Mycobacterium tuberculosis,SAMN05915271,10,4407797,0.25
1773.6098,1773,Mycobacterium tuberculosis,SAMN05915272,14,4390550,0.25
1773.6097,1773,Mycobacterium tuberculosis,SAMN05915273,5,4372024,0.25
1773.6096,1773,Mycobacterium tuberculosis,SAMN05915274,5,4393716,0.25
1773.6094,1773,Mycobacterium tuberculosis,SAMN05915275,4,4363661,0.5
1773.6095,1773,Mycobacterium tuberculosis,SAMN05915276,7,4390482,0.25
1773.6093,1773,Mycobacterium tuberculosis,SAMN05915277,6,4409384,0.25
1773.6092,1773,Mycobacterium tuberculosis,SAMN05915278,6,4376323,0.25
1773.6091,1773,Mycobacterium tuberculosis,SAMN05915279,7,4385675,0.25
1773.6090,1773,Mycobacterium tuberculosis,SAMN05915280,7,4349452,0.25
1773.6087,1773,Mycobacterium tuberculosis,SAMN05915283,4,4348559,0.25
1773.6085,1773,Mycobacterium tuberculosis,SAMN05915284,2,4390856,0.25
1773.6086,1773,Mycobacterium tuberculosis,SAMN05915285,10,4398334,0.25
1773.6084,1773,Mycobacterium tuberculosis,SAMN05915286,3,4377523,0.25
1773.6083,1773,Mycobacterium tuberculosis,SAMN05915287,4,4433721,0.25
1773.6082,1773,Mycobacterium tuberculosis,SAMN05915288,5,4400632,0.25
1773.6081,1773,Mycobacterium tuberculosis,SAMN05915289,1,4401430,0.25
1773.6080,1773,Mycobacterium tuberculosis,SAMN05915290,2,4349337,0.25
1773.6079,1773,Mycobacterium tuberculosis,SAMN05915291,7,4389758,0.25
1773.6078,1773,Mycobacterium tuberculosis,SAMN05915292,5,4395299,0.25
1773.6077,1773,Mycobacterium tuberculosis,SAMN05915293,3,4399319,0.25
1773.6709,1773,Mycobacterium tuberculosis,SAMN05916217,1,4391956,0.25
1773.6574,1773,Mycobacterium tuberculosis,SAMN05916218,10,4375377,0.5
1773.6708,1773,Mycobacterium tuberculosis,SAMN05916219,5,4385765,0.25
1773.6710,1773,Mycobacterium tuberculosis,SAMN05916220,7,4378957,0.25
1773.6711,1773,Mycobacterium tuberculosis,SAMN05916221,7,4396999,0.25
1773.6572,1773,Mycobacterium tuberculosis,SAMN05916222,5,4400947,0.5
1773.6573,1773,Mycobacterium tuberculosis,SAMN05916223,10,4369366,1
1773.6575,1773,Mycobacterium tuberculosis,SAMN05916224,11,4380881,1
1773.6569,1773,Mycobacterium tuberculosis,SAMN05916225,3,4401980,0.5
1773.6570,1773,Mycobacterium tuberculosis,SAMN05916226,11,4384748,0.25
1773.6576,1773,Mycobacterium tuberculosis,SAMN05916227,9,4403975,0.25
1773.6577,1773,Mycobacterium tuberculosis,SAMN05916228,14,4379168,0.5
1773.6579,1773,Mycobacterium tuberculosis,SAMN05916229,14,4350826,0.25
1773.6581,1773,Mycobacterium tuberculosis,SAMN05916230,10,4413469,1
1773.6578,1773,Mycobacterium tuberculosis,SAMN05916231,6,4387970,0.5
1773.6580,1773,Mycobacterium tuberculosis,SAMN05916232,22,4353338,0.5
1773.6582,1773,Mycobacterium tuberculosis,SAMN05916233,18,4390256,1
1773.6584,1773,Mycobacterium tuberculosis,SAMN05916235,20,4389684,0.25
1773.6585,1773,Mycobacterium tuberculosis,SAMN05916236,36,4400506,0.25
1773.6587,1773,Mycobacterium tuberculosis,SAMN05916237,21,4386187,0.25
1773.6588,1773,Mycobacterium tuberculosis,SAMN05916239,14,4400812,0.25
1773.6589,1773,Mycobacterium tuberculosis,SAMN05916240,12,4394684,0.25
1773.6591,1773,Mycobacterium tuberculosis,SAMN05916242,8,4382900,0.5
1773.6594,1773,Mycobacterium tuberculosis,SAMN05916244,5,4407230,0.25
1773.6595,1773,Mycobacterium tuberculosis,SAMN05916245,2,4420205,0.25
1773.6596,1773,Mycobacterium tuberculosis,SAMN05916247,11,4349358,0.25
1773.6597,1773,Mycobacterium tuberculosis,SAMN05916248,9,4398456,0.25
1773.6598,1773,Mycobacterium tuberculosis,SAMN05916250,4,4406223,0.25
1773.6600,1773,Mycobacterium tuberculosis,SAMN05916251,2,4359603,0.25
1773.6602,1773,Mycobacterium tuberculosis,SAMN05916252,4,4392240,0.25
1773.6601,1773,Mycobacterium tuberculosis,SAMN05916253,5,4392982,0.25
1773.6603,1773,Mycobacterium tuberculosis,SAMN05916254,11,4395544,0.25
1773.6604,1773,Mycobacterium tuberculosis,SAMN05916255,12,4395696,0.25
1773.6606,1773,Mycobacterium tuberculosis,SAMN05916256,5,4394312,0.5
1773.6605,1773,Mycobacterium tuberculosis,SAMN05916257,2,4392239,0.25
1773.6607,1773,Mycobacterium tuberculosis,SAMN05916258,1,4391489,0.25
1773.6608,1773,Mycobacterium tuberculosis,SAMN05916259,10,4379104,0.5
1773.6609,1773,Mycobacterium tuberculosis,SAMN05916260,4,4400519,0.5
1773.6611,1773,Mycobacterium tuberculosis,SAMN05916261,8,4380133,6
1773.6610,1773,Mycobacterium tuberculosis,SAMN05916262,10,4398306,2
1773.6612,1773,Mycobacterium tuberculosis,SAMN05916263,3,4381388,10
1773.6613,1773,Mycobacterium tuberculosis,SAMN05916264,4,4358692,2
1773.6614,1773,Mycobacterium tuberculosis,SAMN05916265,2,4391326,1
1773.6615,1773,Mycobacterium tuberculosis,SAMN05916267,12,4396002,0.5
1773.6618,1773,Mycobacterium tuberculosis,SAMN05916268,7,4398597,0.25
1773.6617,1773,Mycobacterium tuberculosis,SAMN05916269,9,4398307,0.25
1773.6620,1773,Mycobacterium tuberculosis,SAMN05916270,7,4390468,2
1773.6619,1773,Mycobacterium tuberculosis,SAMN05916271,10,4375826,0.25
1773.6621,1773,Mycobacterium tuberculosis,SAMN05916272,4,4400526,0.25
1773.6622,1773,Mycobacterium tuberculosis,SAMN05916273,8,4398467,0.25
1773.6623,1773,Mycobacterium tuberculosis,SAMN05916274,1,4342917,0.25
1773.6625,1773,Mycobacterium tuberculosis,SAMN05916275,4,4376669,0.5
1773.6624,1773,Mycobacterium tuberculosis,SAMN05916276,12,4387223,0.5
1773.6626,1773,Mycobacterium tuberculosis,SAMN05916277,11,4395592,0.5
1773.6627,1773,Mycobacterium tuberculosis,SAMN05916278,10,4392760,0.25
1773.6629,1773,Mycobacterium tuberculosis,SAMN05916279,10,4381330,0.25
1773.6631,1773,Mycobacterium tuberculosis,SAMN05916280,9,4381845,0.25
1773.6628,1773,Mycobacterium tuberculosis,SAMN05916281,14,4404752,2
1773.6632,1773,Mycobacterium tuberculosis,SAMN05916282,2,4393797,1
1773.6630,1773,Mycobacterium tuberculosis,SAMN05916283,16,4407759,3
1773.6633,1773,Mycobacterium tuberculosis,SAMN05916284,10,4391458,10
1773.6634,1773,Mycobacterium tuberculosis,SAMN05916285,5,4403833,10
1773.6636,1773,Mycobacterium tuberculosis,SAMN05916286,11,4402154,10
1773.6635,1773,Mycobacterium tuberculosis,SAMN05916287,5,4385183,4
1773.6637,1773,Mycobacterium tuberculosis,SAMN05916288,8,4397700,6
1773.6640,1773,Mycobacterium tuberculosis,SAMN05916289,5,4395665,4
1773.6638,1773,Mycobacterium tuberculosis,SAMN05916290,49,4411328,2
1773.6639,1773,Mycobacterium tuberculosis,SAMN05916291,67,4379086,2
1773.6641,1773,Mycobacterium tuberculosis,SAMN05916292,66,4400054,2
1773.6642,1773,Mycobacterium tuberculosis,SAMN05916293,92,4380471,0.25
1773.6644,1773,Mycobacterium tuberculosis,SAMN05916294,60,4400614,0.25
1773.6645,1773,Mycobacterium tuberculosis,SAMN05916295,24,4347779,0.5
1773.6643,1773,Mycobacterium tuberculosis,SAMN05916296,67,4385066,0.25
1773.6646,1773,Mycobacterium tuberculosis,SAMN05916297,21,4379587,0.25
1773.6649,1773,Mycobacterium tuberculosis,SAMN05916298,35,4368587,0.5
1773.6648,1773,Mycobacterium tuberculosis,SAMN05916299,38,4394493,0.25
1773.6647,1773,Mycobacterium tuberculosis,SAMN05916300,50,4407362,0.25
1773.6652,1773,Mycobacterium tuberculosis,SAMN05916301,73,4390204,0.25
1773.6650,1773,Mycobacterium tuberculosis,SAMN05916302,33,4390898,0.25
1773.6653,1773,Mycobacterium tuberculosis,SAMN05916304,23,4395670,0.5
1773.6654,1773,Mycobacterium tuberculosis,SAMN05916305,52,4384102,0.5
1773.6655,1773,Mycobacterium tuberculosis,SAMN05916306,29,4385416,0.25
1773.6657,1773,Mycobacterium tuberculosis,SAMN05916307,15,4412046,0.25
1773.6656,1773,Mycobacterium tuberculosis,SAMN05916308,24,4382411,0.25
1773.6658,1773,Mycobacterium tuberculosis,SAMN05916309,53,4387388,0.25
1773.6659,1773,Mycobacterium tuberculosis,SAMN05916310,36,4390152,0.25
1773.6660,1773,Mycobacterium tuberculosis,SAMN05916311,46,4395321,0.5
1773.6661,1773,Mycobacterium tuberculosis,SAMN05916312,28,4376936,0.25
1773.6665,1773,Mycobacterium tuberculosis,SAMN05916313,22,4348877,0.25
1773.6664,1773,Mycobacterium tuberculosis,SAMN05916314,2,4399277,0.5
1773.6662,1773,Mycobacterium tuberculosis,SAMN05916315,3,4380976,0.25
1773.6666,1773,Mycobacterium tuberculosis,SAMN05916316,9,4379391,0.25
1773.6668,1773,Mycobacterium tuberculosis,SAMN05916318,3,4406212,0.25
1773.6669,1773,Mycobacterium tuberculosis,SAMN05916319,7,4404510,0.25
1773.6667,1773,Mycobacterium tuberculosis,SAMN05916320,8,4383332,0.25
1773.6670,1773,Mycobacterium tuberculosis,SAMN05916321,2,4401542,0.25
1773.6671,1773,Mycobacterium tuberculosis,SAMN05916322,3,4382526,0.25
1773.6675,1773,Mycobacterium tuberculosis,SAMN05916323,3,4396415,0.5
1773.6673,1773,Mycobacterium tuberculosis,SAMN05916324,10,4388430,0.25
1773.6672,1773,Mycobacterium tuberculosis,SAMN05916325,10,4378819,0.5
1773.6674,1773,Mycobacterium tuberculosis,SAMN05916326,2,4407201,0.25
1773.6677,1773,Mycobacterium tuberculosis,SAMN05916327,20,4365623,0.25
1773.6676,1773,Mycobacterium tuberculosis,SAMN05916328,11,4402546,0.25
1773.6679,1773,Mycobacterium tuberculosis,SAMN05916329,2,4411102,0.25
1773.6678,1773,Mycobacterium tuberculosis,SAMN05916330,24,4393489,0.25
1773.6680,1773,Mycobacterium tuberculosis,SAMN05916331,6,4388623,0.25
1773.6681,1773,Mycobacterium tuberculosis,SAMN05916332,2,4384992,0.25
1773.6683,1773,Mycobacterium tuberculosis,SAMN05916333,11,4379870,0.25
1773.6682,1773,Mycobacterium tuberculosis,SAMN05916334,4,4366557,0.25
1773.6684,1773,Mycobacterium tuberculosis,SAMN05916335,6,4352588,0.25
1773.6687,1773,Mycobacterium tuberculosis,SAMN05916337,68,4379952,0.25
1773.6686,1773,Mycobacterium tuberculosis,SAMN05916338,74,4385208,0.25
1773.6688,1773,Mycobacterium tuberculosis,SAMN05916339,98,4371890,0.25
1773.6691,1773,Mycobacterium tuberculosis,SAMN05916340,27,4412091,0.25
1773.6690,1773,Mycobacterium tuberculosis,SAMN05916341,52,4404885,2
1773.6689,1773,Mycobacterium tuberculosis,SAMN05916342,50,4403296,0.5
1773.6692,1773,Mycobacterium tuberculosis,SAMN05916343,66,4396568,1
1773.6693,1773,Mycobacterium tuberculosis,SAMN05916344,32,4392093,1
1773.6694,1773,Mycobacterium tuberculosis,SAMN05916345,32,4400330,4
1773.6695,1773,Mycobacterium tuberculosis,SAMN05916346,43,4394312,2
1773.6696,1773,Mycobacterium tuberculosis,SAMN05916347,26,4401477,2
1773.6697,1773,Mycobacterium tuberculosis,SAMN05916348,14,4357457,1
1773.6698,1773,Mycobacterium tuberculosis,SAMN05916349,20,4352604,0.25
1773.6699,1773,Mycobacterium tuberculosis,SAMN05916350,55,4399079,4
1773.6700,1773,Mycobacterium tuberculosis,SAMN05916351,30,4400540,1
1773.6701,1773,Mycobacterium tuberculosis,SAMN05916352,32,4391112,0.25
1773.6703,1773,Mycobacterium tuberculosis,SAMN05916353,35,4403023,4
1773.6702,1773,Mycobacterium tuberculosis,SAMN05916354,42,4401231,1
1773.6704,1773,Mycobacterium tuberculosis,SAMN05916355,43,4377711,10
1773.6705,1773,Mycobacterium tuberculosis,SAMN05916356,34,4392824,10
1773.6706,1773,Mycobacterium tuberculosis,SAMN05916357,50,4381336,8
1773.6707,1773,Mycobacterium tuberculosis,SAMN05916358,19,4381855,10
1773.6497,1773,Mycobacterium tuberculosis,SAMN05916382,10,4387803,0.25
1773.6500,1773,Mycobacterium tuberculosis,SAMN05916384,32,4394000,0.5
1773.6498,1773,Mycobacterium tuberculosis,SAMN05916385,11,4383860,10
1773.6496,1773,Mycobacterium tuberculosis,SAMN05916387,24,4411088,10
1773.6521,1773,Mycobacterium tuberculosis,SAMN05916388,28,4398658,0.25
1773.6523,1773,Mycobacterium tuberculosis,SAMN05916389,13,4396155,0.25
1773.6525,1773,Mycobacterium tuberculosis,SAMN05916390,15,4384807,0.5
1773.6524,1773,Mycobacterium tuberculosis,SAMN05916391,19,4398220,0.5
1773.6526,1773,Mycobacterium tuberculosis,SAMN05916392,26,4396236,2
1773.6527,1773,Mycobacterium tuberculosis,SAMN05916393,40,4351694,0.5
1773.6528,1773,Mycobacterium tuberculosis,SAMN05916395,8,4412764,0.25
1773.6529,1773,Mycobacterium tuberculosis,SAMN05916396,8,4378854,0.25
1773.6532,1773,Mycobacterium tuberculosis,SAMN05916398,10,4348691,0.25
1773.6534,1773,Mycobacterium tuberculosis,SAMN05916399,23,4403972,0.5
1773.6535,1773,Mycobacterium tuberculosis,SAMN05916400,22,4385535,0.25
1773.6533,1773,Mycobacterium tuberculosis,SAMN05916401,6,4386764,0.25
1773.6536,1773,Mycobacterium tuberculosis,SAMN05916402,9,4388938,0.25
1773.6537,1773,Mycobacterium tuberculosis,SAMN05916403,8,4361808,0.25
1773.6538,1773,Mycobacterium tuberculosis,SAMN05916404,2,4375651,0.25
1773.6539,1773,Mycobacterium tuberculosis,SAMN05916405,7,4401452,0.25
1773.6540,1773,Mycobacterium tuberculosis,SAMN05916406,14,4351828,0.25
1773.6543,1773,Mycobacterium tuberculosis,SAMN05916407,7,4364139,0.25
1773.6541,1773,Mycobacterium tuberculosis,SAMN05916408,25,4389190,0.25
1773.6542,1773,Mycobacterium tuberculosis,SAMN05916409,25,4383888,0.25
1773.6547,1773,Mycobacterium tuberculosis,SAMN05916411,17,4403778,0.25
1773.6503,1773,Mycobacterium tuberculosis,SAMN05916412,6,4394043,0.25
1773.6513,1773,Mycobacterium tuberculosis,SAMN05916413,11,4382742,0.25
1773.6510,1773,Mycobacterium tuberculosis,SAMN05916414,9,4370050,0.5
1773.6502,1773,Mycobacterium tuberculosis,SAMN05916416,14,4395104,0.25
1773.6518,1773,Mycobacterium tuberculosis,SAMN05916417,12,4381615,0.5
1773.6517,1773,Mycobacterium tuberculosis,SAMN05916418,9,4371558,2
1773.6516,1773,Mycobacterium tuberculosis,SAMN05916419,17,4395250,0.5
1773.6492,1773,Mycobacterium tuberculosis,SAMN05916420,5,4390730,10
1773.6520,1773,Mycobacterium tuberculosis,SAMN05916421,9,4398393,0.25
1773.6493,1773,Mycobacterium tuberculosis,SAMN05916422,6,4384510,0.25
1773.6201,1773,Mycobacterium tuberculosis,SAMN05916423,8,4353197,0.25
1773.6495,1773,Mycobacterium tuberculosis,SAMN05916424,33,4386811,0.25
1773.6504,1773,Mycobacterium tuberculosis,SAMN05916425,3,4372264,0.25
1773.6522,1773,Mycobacterium tuberculosis,SAMN05916426,11,4392412,0.25
1773.6506,1773,Mycobacterium tuberculosis,SAMN05916427,18,4395890,0.25
1773.6494,1773,Mycobacterium tuberculosis,SAMN05916428,21,4399174,0.25
1773.6515,1773,Mycobacterium tuberculosis,SAMN05916429,12,4396017,0.25
1773.6546,1773,Mycobacterium tuberculosis,SAMN05916430,15,4387340,0.25
1773.6509,1773,Mycobacterium tuberculosis,SAMN05916431,18,4348916,0.25
1773.6511,1773,Mycobacterium tuberculosis,SAMN05916432,16,4404099,0.25
1773.6505,1773,Mycobacterium tuberculosis,SAMN05916433,2,4378116,0.5
1773.6512,1773,Mycobacterium tuberculosis,SAMN05916434,11,4385822,0.25
1773.6519,1773,Mycobacterium tuberculosis,SAMN05916435,20,4401839,0.25
1773.6507,1773,Mycobacterium tuberculosis,SAMN05916436,11,4401409,0.5
1773.6514,1773,Mycobacterium tuberculosis,SAMN05916437,11,4395582,0.25
1773.6550,1773,Mycobacterium tuberculosis,SAMN05916438,4,4380312,0.25
1773.6545,1773,Mycobacterium tuberculosis,SAMN05916439,14,4384389,0.25
1773.6548,1773,Mycobacterium tuberculosis,SAMN05916440,6,4349355,0.25
1773.6549,1773,Mycobacterium tuberculosis,SAMN05916441,8,4392184,0.25
1773.6551,1773,Mycobacterium tuberculosis,SAMN05916442,7,4394319,0.25
1773.6552,1773,Mycobacterium tuberculosis,SAMN05916443,12,4384867,0.25
1773.6553,1773,Mycobacterium tuberculosis,SAMN05916444,2,4391494,0.25
1773.6557,1773,Mycobacterium tuberculosis,SAMN05916445,9,4381577,2
1773.6556,1773,Mycobacterium tuberculosis,SAMN05916446,13,4391589,6
1773.6554,1773,Mycobacterium tuberculosis,SAMN05916447,16,4401526,4
1773.6555,1773,Mycobacterium tuberculosis,SAMN05916448,12,4391005,0.5
1773.6561,1773,Mycobacterium tuberculosis,SAMN05916450,18,4395325,0.25
1773.6560,1773,Mycobacterium tuberculosis,SAMN05916451,13,4386428,0.25
1773.6559,1773,Mycobacterium tuberculosis,SAMN05916452,6,4350970,0.25
1773.6562,1773,Mycobacterium tuberculosis,SAMN05916453,3,4405274,0.25
1773.6563,1773,Mycobacterium tuberculosis,SAMN05916454,6,4406522,0.25
1773.6565,1773,Mycobacterium tuberculosis,SAMN05916455,4,4388522,0.25
1773.6567,1773,Mycobacterium tuberculosis,SAMN05916456,7,4382748,0.25
1773.6564,1773,Mycobacterium tuberculosis,SAMN05916457,2,4405384,0.25
1773.6566,1773,Mycobacterium tuberculosis,SAMN05916458,7,4387307,0.25
1773.6571,1773,Mycobacterium tuberculosis,SAMN05916459,4,4399291,0.25
1773.6568,1773,Mycobacterium tuberculosis,SAMN05916460,4,4374665,0.25
1773.6715,1773,Mycobacterium tuberculosis,SAMN05918542,10,4406256,1
1773.6183,1773,Mycobacterium tuberculosis,SAMN05918543,38,4399520,2
1773.6181,1773,Mycobacterium tuberculosis,SAMN05918544,19,4396593,1
1773.6169,1773,Mycobacterium tuberculosis,SAMN05918545,10,4403104,0.5
1773.6179,1773,Mycobacterium tuberculosis,SAMN05918546,40,4411160,0.25
1773.6170,1773,Mycobacterium tuberculosis,SAMN05918547,24,4403842,1
1773.6173,1773,Mycobacterium tuberculosis,SAMN05918548,17,4402237,1
1773.6174,1773,Mycobacterium tuberculosis,SAMN05918549,17,4403817,0.5
1773.6714,1773,Mycobacterium tuberculosis,SAMN05918550,25,4405149,0.25
1773.6716,1773,Mycobacterium tuberculosis,SAMN05918551,22,4417938,2
1773.6188,1773,Mycobacterium tuberculosis,SAMN05918552,22,4382675,10
1773.6186,1773,Mycobacterium tuberculosis,SAMN05918553,10,4398443,1
1773.6189,1773,Mycobacterium tuberculosis,SAMN05918554,16,4383671,0.5
1773.6190,1773,Mycobacterium tuberculosis,SAMN05918555,15,4411969,0.25
1773.6191,1773,Mycobacterium tuberculosis,SAMN05918556,23,4392250,0.25
1773.6192,1773,Mycobacterium tuberculosis,SAMN05918557,17,4418848,0.25
1773.6193,1773,Mycobacterium tuberculosis,SAMN05918558,26,4393281,0.25
1773.6194,1773,Mycobacterium tuberculosis,SAMN05918559,23,4401879,0.25
1773.6195,1773,Mycobacterium tuberculosis,SAMN05918560,17,4343692,0.25
1773.6196,1773,Mycobacterium tuberculosis,SAMN05918561,4,4405358,0.25
1773.6197,1773,Mycobacterium tuberculosis,SAMN05918562,44,4393480,0.25
1773.6198,1773,Mycobacterium tuberculosis,SAMN05918563,9,4398214,0.25
1773.6199,1773,Mycobacterium tuberculosis,SAMN05918564,11,4398120,0.25
1773.6131,1773,Mycobacterium tuberculosis,SAMN05918568,2,4421830,0.25
1773.6130,1773,Mycobacterium tuberculosis,SAMN05918569,1,4392188,0.25
1773.6144,1773,Mycobacterium tuberculosis,SAMN05918570,5,4386998,0.25
1773.6152,1773,Mycobacterium tuberculosis,SAMN05918571,9,4404693,0.25
1773.6142,1773,Mycobacterium tuberculosis,SAMN05918572,4,4392509,0.25
1773.6135,1773,Mycobacterium tuberculosis,SAMN05918573,5,4399710,0.5
1773.6150,1773,Mycobacterium tuberculosis,SAMN05918574,1,4395860,0.25
1773.6132,1773,Mycobacterium tuberculosis,SAMN05918575,3,4351413,0.25
1773.6141,1773,Mycobacterium tuberculosis,SAMN05918576,1,4382353,0.25
1773.6125,1773,Mycobacterium tuberculosis,SAMN05918577,2,4367967,0.25
1773.6140,1773,Mycobacterium tuberculosis,SAMN05918578,2,4401239,0.25
1773.6164,1773,Mycobacterium tuberculosis,SAMN05918579,1,4386208,0.25
1773.6165,1773,Mycobacterium tuberculosis,SAMN05918580,4,4339984,0.25
1773.6133,1773,Mycobacterium tuberculosis,SAMN05918581,2,4363994,0.25
1773.6134,1773,Mycobacterium tuberculosis,SAMN05918582,2,4397018,0.25
1773.6124,1773,Mycobacterium tuberculosis,SAMN05918583,9,4401711,0.25
1773.6143,1773,Mycobacterium tuberculosis,SAMN05918584,2,4390489,0.5
1773.6122,1773,Mycobacterium tuberculosis,SAMN05918585,4,4387777,0.25
1773.6138,1773,Mycobacterium tuberculosis,SAMN05918586,3,4403290,0.25
1773.6129,1773,Mycobacterium tuberculosis,SAMN05918587,9,4383588,0.25
1773.6147,1773,Mycobacterium tuberculosis,SAMN05918588,6,4352151,0.25
1773.6137,1773,Mycobacterium tuberculosis,SAMN05918589,6,4398429,0.25
1773.6154,1773,Mycobacterium tuberculosis,SAMN05918590,11,4394953,0.25
1773.6149,1773,Mycobacterium tuberculosis,SAMN05918591,5,4382613,0.25
1773.6161,1773,Mycobacterium tuberculosis,SAMN05918592,13,4403353,0.25
1773.6127,1773,Mycobacterium tuberculosis,SAMN05918594,1,4399046,0.25
1773.6156,1773,Mycobacterium tuberculosis,SAMN05918595,3,4413057,0.25
1773.6139,1773,Mycobacterium tuberculosis,SAMN05918596,4,4383019,0.25
1773.6163,1773,Mycobacterium tuberculosis,SAMN05918597,6,4391183,0.25
1773.6160,1773,Mycobacterium tuberculosis,SAMN05918598,6,4393416,0.25
1773.6158,1773,Mycobacterium tuberculosis,SAMN05918599,1,4404310,0.25
1773.6128,1773,Mycobacterium tuberculosis,SAMN05918600,5,4399128,0.25
1773.6162,1773,Mycobacterium tuberculosis,SAMN05918601,4,4393209,0.25
1773.6166,1773,Mycobacterium tuberculosis,SAMN05918602,6,4399494,0.5
1773.6148,1773,Mycobacterium tuberculosis,SAMN05918603,7,4408389,0.25
1773.6155,1773,Mycobacterium tuberculosis,SAMN05918604,6,4397743,0.25
1773.6146,1773,Mycobacterium tuberculosis,SAMN05918605,3,4396361,0.25
1773.6151,1773,Mycobacterium tuberculosis,SAMN05918606,2,4383653,0.25
1773.6157,1773,Mycobacterium tuberculosis,SAMN05918607,2,4394173,0.25
1773.6145,1773,Mycobacterium tuberculosis,SAMN05918609,11,4389551,0.25
1773.6153,1773,Mycobacterium tuberculosis,SAMN05918610,1,4411162,0.25
1773.6126,1773,Mycobacterium tuberculosis,SAMN05918611,2,4399003,0.25
1773.6123,1773,Mycobacterium tuberculosis,SAMN05918612,6,4387145,0.25
1773.6340,1773,Mycobacterium tuberculosis,SAMN05918615,15,4384521,0.25
1773.6330,1773,Mycobacterium tuberculosis,SAMN05918616,41,4398358,0.25
1773.6327,1773,Mycobacterium tuberculosis,SAMN05918617,30,4345078,0.25
1773.6332,1773,Mycobacterium tuberculosis,SAMN05918619,44,4393533,0.25
1773.6349,1773,Mycobacterium tuberculosis,SAMN05918621,17,4384872,0.25
1773.6354,1773,Mycobacterium tuberculosis,SAMN05918622,31,4366347,0.25
1773.6355,1773,Mycobacterium tuberculosis,SAMN05918623,35,4385152,0.25
1773.6357,1773,Mycobacterium tuberculosis,SAMN05918624,25,4369572,0.25
1773.6356,1773,Mycobacterium tuberculosis,SAMN05918625,21,4398969,0.25
1773.6358,1773,Mycobacterium tuberculosis,SAMN05918626,29,4394031,0.25
1773.6359,1773,Mycobacterium tuberculosis,SAMN05918627,24,4393938,0.25
1773.6360,1773,Mycobacterium tuberculosis,SAMN05918628,17,4396440,0.25
1773.6361,1773,Mycobacterium tuberculosis,SAMN05918629,53,4395988,0.25
1773.6362,1773,Mycobacterium tuberculosis,SAMN05918630,21,4400592,0.25
1773.6364,1773,Mycobacterium tuberculosis,SAMN05918631,7,4403276,0.5
1773.6365,1773,Mycobacterium tuberculosis,SAMN05918632,25,4383428,0.5
1773.6366,1773,Mycobacterium tuberculosis,SAMN05918633,32,4391687,0.25
1773.6367,1773,Mycobacterium tuberculosis,SAMN05918634,38,4378065,0.5
1773.6368,1773,Mycobacterium tuberculosis,SAMN05918635,45,4397216,0.25
1773.6371,1773,Mycobacterium tuberculosis,SAMN05918637,36,4396195,0.25
1773.6372,1773,Mycobacterium tuberculosis,SAMN05918638,13,4398040,0.25
1773.6374,1773,Mycobacterium tuberculosis,SAMN05918639,31,4345505,0.25
1773.6373,1773,Mycobacterium tuberculosis,SAMN05918640,17,4387410,0.25
1773.6375,1773,Mycobacterium tuberculosis,SAMN05918641,44,4384772,0.25
1773.6376,1773,Mycobacterium tuberculosis,SAMN05918642,53,4391581,0.25
1773.6377,1773,Mycobacterium tuberculosis,SAMN05918643,54,4385423,0.5
1773.6378,1773,Mycobacterium tuberculosis,SAMN05918644,50,4404462,0.25
1773.6380,1773,Mycobacterium tuberculosis,SAMN05918645,28,4407589,0.25
1773.6379,1773,Mycobacterium tuberculosis,SAMN05918646,13,4376226,0.25
1773.6382,1773,Mycobacterium tuberculosis,SAMN05918647,20,4400655,0.25
1773.6381,1773,Mycobacterium tuberculosis,SAMN05918648,23,4385650,0.25
1773.6384,1773,Mycobacterium tuberculosis,SAMN05918649,17,4391067,0.25
1773.6383,1773,Mycobacterium tuberculosis,SAMN05918650,31,4398520,0.25
1773.6385,1773,Mycobacterium tuberculosis,SAMN05918651,59,4403704,0.25
1773.6386,1773,Mycobacterium tuberculosis,SAMN05918652,21,4379828,0.25
1773.6387,1773,Mycobacterium tuberculosis,SAMN05918653,44,4406141,0.25
1773.6388,1773,Mycobacterium tuberculosis,SAMN05918654,14,4409642,0.25
1773.6391,1773,Mycobacterium tuberculosis,SAMN05918655,15,4354016,0.25
1773.6389,1773,Mycobacterium tuberculosis,SAMN05918656,27,4399997,0.25
1773.6390,1773,Mycobacterium tuberculosis,SAMN05918657,44,4413490,0.25
1773.6392,1773,Mycobacterium tuberculosis,SAMN05918658,56,4391768,0.25
1773.6394,1773,Mycobacterium tuberculosis,SAMN05918659,17,4391039,0.25
1773.6395,1773,Mycobacterium tuberculosis,SAMN05918661,77,4385936,0.25
1773.6396,1773,Mycobacterium tuberculosis,SAMN05918662,10,4396994,0.25
1773.6397,1773,Mycobacterium tuberculosis,SAMN05918663,33,4402610,0.25
1773.6398,1773,Mycobacterium tuberculosis,SAMN05918664,30,4395518,0.5
1773.6399,1773,Mycobacterium tuberculosis,SAMN05918665,25,4392655,0.5
1773.6401,1773,Mycobacterium tuberculosis,SAMN05918667,41,4398631,0.25
1773.6402,1773,Mycobacterium tuberculosis,SAMN05918668,33,4344755,0.25
1773.6403,1773,Mycobacterium tuberculosis,SAMN05918669,17,4348527,0.25
1773.6404,1773,Mycobacterium tuberculosis,SAMN05918670,22,4400281,0.25
1773.6405,1773,Mycobacterium tuberculosis,SAMN05918671,22,4390483,0.25
1773.6407,1773,Mycobacterium tuberculosis,SAMN05918672,35,4394625,0.25
1773.6406,1773,Mycobacterium tuberculosis,SAMN05918673,31,4384827,0.5
1773.6408,1773,Mycobacterium tuberculosis,SAMN05918674,35,4386739,0.5
1773.6409,1773,Mycobacterium tuberculosis,SAMN05918675,25,4399159,0.25
1773.6410,1773,Mycobacterium tuberculosis,SAMN05918676,15,4338713,0.25
1773.6412,1773,Mycobacterium tuberculosis,SAMN05918677,34,4390770,0.5
1773.6411,1773,Mycobacterium tuberculosis,SAMN05918678,25,4384169,0.5
1773.6413,1773,Mycobacterium tuberculosis,SAMN05918679,50,4399812,0.5
1773.6414,1773,Mycobacterium tuberculosis,SAMN05918680,48,4387114,0.25
1773.6415,1773,Mycobacterium tuberculosis,SAMN05918681,101,4376355,0.5
1773.6416,1773,Mycobacterium tuberculosis,SAMN05918682,60,4387971,0.25
1773.6418,1773,Mycobacterium tuberculosis,SAMN05918683,55,4396913,0.25
1773.6419,1773,Mycobacterium tuberculosis,SAMN05918684,55,4400818,0.25
1773.6417,1773,Mycobacterium tuberculosis,SAMN05918685,50,4374810,0.5
1773.6420,1773,Mycobacterium tuberculosis,SAMN05918686,28,4377128,0.5
1773.6421,1773,Mycobacterium tuberculosis,SAMN05918687,26,4372924,0.25
1773.6423,1773,Mycobacterium tuberculosis,SAMN05918688,12,4378202,0.25
1773.6424,1773,Mycobacterium tuberculosis,SAMN05918690,23,4386830,0.25
1773.6426,1773,Mycobacterium tuberculosis,SAMN05918691,25,4411363,0.25
1773.6425,1773,Mycobacterium tuberculosis,SAMN05918692,14,4376052,6
1773.6427,1773,Mycobacterium tuberculosis,SAMN05918693,13,4381257,10
1773.6428,1773,Mycobacterium tuberculosis,SAMN05918694,24,4403269,0.5
1773.6429,1773,Mycobacterium tuberculosis,SAMN05918695,2,4375268,1
1773.6430,1773,Mycobacterium tuberculosis,SAMN05918696,23,4389532,0.25
1773.6431,1773,Mycobacterium tuberculosis,SAMN05918697,25,4402004,1
1773.6432,1773,Mycobacterium tuberculosis,SAMN05918698,27,4393876,0.25
1773.6433,1773,Mycobacterium tuberculosis,SAMN05918699,49,4395670,0.25
1773.6434,1773,Mycobacterium tuberculosis,SAMN05918700,29,4391471,0.5
1773.6435,1773,Mycobacterium tuberculosis,SAMN05918701,23,4431065,10
1773.6437,1773,Mycobacterium tuberculosis,SAMN05918702,14,4345874,0.25
1773.6438,1773,Mycobacterium tuberculosis,SAMN05918704,17,4384022,6
1773.6436,1773,Mycobacterium tuberculosis,SAMN05918705,42,4397633,2
1773.6440,1773,Mycobacterium tuberculosis,SAMN05918706,38,4394473,0.25
1773.6443,1773,Mycobacterium tuberculosis,SAMN05918707,21,4385474,1
1773.6442,1773,Mycobacterium tuberculosis,SAMN05918708,31,4406906,0.5
1773.6444,1773,Mycobacterium tuberculosis,SAMN05918709,16,4373785,0.25
1773.6446,1773,Mycobacterium tuberculosis,SAMN05918710,36,4324965,2
1773.6441,1773,Mycobacterium tuberculosis,SAMN05918711,26,4418126,0.25
1773.6445,1773,Mycobacterium tuberculosis,SAMN05918712,30,4392069,0.25
1773.6348,1773,Mycobacterium tuberculosis,SAMN05918713,39,4397179,0.25
1773.6351,1773,Mycobacterium tuberculosis,SAMN05918714,33,4406607,0.25
1773.6347,1773,Mycobacterium tuberculosis,SAMN05918715,54,4401021,0.25
1773.6346,1773,Mycobacterium tuberculosis,SAMN05918716,47,4384730,0.25
1773.6344,1773,Mycobacterium tuberculosis,SAMN05918717,26,4396736,0.25
1773.6333,1773,Mycobacterium tuberculosis,SAMN05918718,26,4395946,0.25
1773.6328,1773,Mycobacterium tuberculosis,SAMN05918719,13,4395214,0.25
1773.6334,1773,Mycobacterium tuberculosis,SAMN05918720,32,4406250,0.25
1773.6353,1773,Mycobacterium tuberculosis,SAMN05918722,65,4396858,0.25
1773.6345,1773,Mycobacterium tuberculosis,SAMN05918723,73,4400357,0.25
1773.6331,1773,Mycobacterium tuberculosis,SAMN05918724,59,4419831,0.25
1773.6336,1773,Mycobacterium tuberculosis,SAMN05918725,23,4404185,0.25
1773.6350,1773,Mycobacterium tuberculosis,SAMN05918726,51,4409219,0.25
1773.6329,1773,Mycobacterium tuberculosis,SAMN05918728,76,4369458,0.25
1773.6338,1773,Mycobacterium tuberculosis,SAMN05918730,10,4386220,0.25
1773.6341,1773,Mycobacterium tuberculosis,SAMN05918731,45,4382829,0.25
1773.6342,1773,Mycobacterium tuberculosis,SAMN05918732,61,4384772,0.25
1773.6369,1773,Mycobacterium tuberculosis,SAMN05918733,27,4413983,0.25
1773.6343,1773,Mycobacterium tuberculosis,SAMN05918734,28,4389654,0.25
1773.6339,1773,Mycobacterium tuberculosis,SAMN05918735,25,4388236,0.25
1773.6447,1773,Mycobacterium tuberculosis,SAMN05918736,34,4392616,0.5
1773.6448,1773,Mycobacterium tuberculosis,SAMN05918737,53,4392442,0.25
1773.6449,1773,Mycobacterium tuberculosis,SAMN05918738,73,4386609,0.25
1773.6450,1773,Mycobacterium tuberculosis,SAMN05918739,50,4395963,0.25
1773.6451,1773,Mycobacterium tuberculosis,SAMN05918740,55,4419950,0.25
1773.6452,1773,Mycobacterium tuberculosis,SAMN05918741,15,4393786,0.25
1773.6453,1773,Mycobacterium tuberculosis,SAMN05918742,11,4384915,0.25
1773.6455,1773,Mycobacterium tuberculosis,SAMN05918743,35,4388624,0.25
1773.6456,1773,Mycobacterium tuberculosis,SAMN05918744,21,4355060,0.25
1773.6454,1773,Mycobacterium tuberculosis,SAMN05918745,35,4404418,0.25
1773.6457,1773,Mycobacterium tuberculosis,SAMN05918746,36,4384422,0.25
1773.6458,1773,Mycobacterium tuberculosis,SAMN05918747,54,4382327,0.25
1773.6460,1773,Mycobacterium tuberculosis,SAMN05918748,43,4390312,0.25
1773.6459,1773,Mycobacterium tuberculosis,SAMN05918749,50,4396708,0.25
1773.6462,1773,Mycobacterium tuberculosis,SAMN05918750,26,4366968,0.25
1773.6461,1773,Mycobacterium tuberculosis,SAMN05918751,17,4354451,0.5
1773.6464,1773,Mycobacterium tuberculosis,SAMN05918752,28,4389882,0.5
1773.6463,1773,Mycobacterium tuberculosis,SAMN05918753,11,4380746,0.25
1773.6465,1773,Mycobacterium tuberculosis,SAMN05918754,43,4341498,0.25
1773.6466,1773,Mycobacterium tuberculosis,SAMN05918755,28,4361791,0.25
1773.6467,1773,Mycobacterium tuberculosis,SAMN05918756,18,4398940,0.25
1773.6468,1773,Mycobacterium tuberculosis,SAMN05918757,30,4398075,0.25
1773.6469,1773,Mycobacterium tuberculosis,SAMN05918758,27,4384193,0.25
1773.6470,1773,Mycobacterium tuberculosis,SAMN05918759,22,4393509,0.25
1773.6471,1773,Mycobacterium tuberculosis,SAMN05918760,1,4387724,0.25
1773.6472,1773,Mycobacterium tuberculosis,SAMN05918761,3,4388396,0.25
1773.6473,1773,Mycobacterium tuberculosis,SAMN05918762,3,4371605,0.25
1773.6474,1773,Mycobacterium tuberculosis,SAMN05918763,2,4398989,0.25
1773.6475,1773,Mycobacterium tuberculosis,SAMN05918764,2,4400630,0.25
1773.6477,1773,Mycobacterium tuberculosis,SAMN05918765,3,4355237,0.25
1773.6476,1773,Mycobacterium tuberculosis,SAMN05918766,1,4401598,0.25
1773.6478,1773,Mycobacterium tuberculosis,SAMN05918767,2,4353155,0.25
1773.6479,1773,Mycobacterium tuberculosis,SAMN05918768,3,4394267,0.25
1773.6480,1773,Mycobacterium tuberculosis,SAMN05918769,7,4402992,0.25
1773.6481,1773,Mycobacterium tuberculosis,SAMN05918770,7,4392416,0.25
1773.6483,1773,Mycobacterium tuberculosis,SAMN05918771,5,4409810,0.25
1773.6484,1773,Mycobacterium tuberculosis,SAMN05918773,2,4389514,0.25
1773.6485,1773,Mycobacterium tuberculosis,SAMN05918774,2,4401778,0.25
1773.6486,1773,Mycobacterium tuberculosis,SAMN05918775,1,4392175,0.25
1773.6487,1773,Mycobacterium tuberculosis,SAMN05918776,5,4350752,0.25
1773.6489,1773,Mycobacterium tuberculosis,SAMN05918777,8,4389520,0.5
1773.6490,1773,Mycobacterium tuberculosis,SAMN05918779,7,4403443,0.5
1773.7658,1773,Mycobacterium tuberculosis,SAMN06010133,6,4364760,0.25
1773.7704,1773,Mycobacterium tuberculosis,SAMN06010146,18,4392716,1
1773.7646,1773,Mycobacterium tuberculosis,SAMN06010170,4,4390403,0.25
1773.7671,1773,Mycobacterium tuberculosis,SAMN06010193,3,4388712,0.25
1773.6831,1773,Mycobacterium tuberculosis,SAMN06010195,3,4386928,0.25
1773.6851,1773,Mycobacterium tuberculosis,SAMN06010225,10,4370657,0.25
1773.7637,1773,Mycobacterium tuberculosis,SAMN06010322,5,4394210,0.25
1773.7636,1773,Mycobacterium tuberculosis,SAMN06010324,13,4381767,0.25
1773.6902,1773,Mycobacterium tuberculosis,SAMN06010338,17,4381618,0.25
1773.6747,1773,Mycobacterium tuberculosis,SAMN06010343,1,4386447,0.25
1773.6908,1773,Mycobacterium tuberculosis,SAMN06010345,11,4400565,0.25
1773.6912,1773,Mycobacterium tuberculosis,SAMN06010346,33,4399202,0.25
1773.6966,1773,Mycobacterium tuberculosis,SAMN06010358,10,4393523,0.25
1773.6928,1773,Mycobacterium tuberculosis,SAMN06010370,27,4383961,0.25
1773.6970,1773,Mycobacterium tuberculosis,SAMN06010371,2,4383335,0.5
1773.6973,1773,Mycobacterium tuberculosis,SAMN06010380,15,4373163,0.25
1773.6979,1773,Mycobacterium tuberculosis,SAMN06010398,60,4363923,0.25
1773.7023,1773,Mycobacterium tuberculosis,SAMN06010399,18,4392713,0.25
1773.6937,1773,Mycobacterium tuberculosis,SAMN06010400,3,4364731,0.25
1773.6938,1773,Mycobacterium tuberculosis,SAMN06010403,3,4379670,0.25
1773.7028,1773,Mycobacterium tuberculosis,SAMN06010415,9,4405574,0.25
1773.7029,1773,Mycobacterium tuberculosis,SAMN06010418,8,4379835,0.25
1773.7030,1773,Mycobacterium tuberculosis,SAMN06010421,19,4393137,0.25
1773.6987,1773,Mycobacterium tuberculosis,SAMN06010424,4,4379739,0.25
1773.6946,1773,Mycobacterium tuberculosis,SAMN06010432,20,4386429,0.25
1773.6993,1773,Mycobacterium tuberculosis,SAMN06010439,5,4378622,0.25
1773.6992,1773,Mycobacterium tuberculosis,SAMN06010445,5,4397499,0.25
1773.7622,1773,Mycobacterium tuberculosis,SAMN06010451,36,4389305,0.25
1773.6954,1773,Mycobacterium tuberculosis,SAMN06010452,3,4392118,0.25
1773.7006,1773,Mycobacterium tuberculosis,SAMN06010479,24,4418351,0.25
1773.7050,1773,Mycobacterium tuberculosis,SAMN06010480,30,4409603,0.25
1773.7053,1773,Mycobacterium tuberculosis,SAMN06010484,6,4391336,0.25
1773.7056,1773,Mycobacterium tuberculosis,SAMN06010492,11,4394484,0.25
1773.6743,1773,Mycobacterium tuberculosis,SAMN06010493,1,4359825,0.25
1773.8271,1773,Mycobacterium tuberculosis,SAMN06094068,2,4403523,4
1773.8272,1773,Mycobacterium tuberculosis,SAMN06094069,3,4395550,2
1773.8274,1773,Mycobacterium tuberculosis,SAMN06094070,4,4399655,1
1773.8273,1773,Mycobacterium tuberculosis,SAMN06094071,4,4407321,0.5
1773.8219,1773,Mycobacterium tuberculosis,SAMN06094072,11,4385818,1
1773.8223,1773,Mycobacterium tuberculosis,SAMN06094075,7,4392860,0.25
1773.8222,1773,Mycobacterium tuberculosis,SAMN06094077,17,4374704,0.25
1773.8276,1773,Mycobacterium tuberculosis,SAMN06094078,26,4392586,2
1773.8277,1773,Mycobacterium tuberculosis,SAMN06094079,30,4402983,0.25
1773.8278,1773,Mycobacterium tuberculosis,SAMN06094080,15,4373292,10
1773.8224,1773,Mycobacterium tuberculosis,SAMN06094081,31,4397670,0.25
1773.8279,1773,Mycobacterium tuberculosis,SAMN06094082,25,4397495,1
1773.8280,1773,Mycobacterium tuberculosis,SAMN06094083,13,4392930,2
1773.8281,1773,Mycobacterium tuberculosis,SAMN06094084,8,4399691,0.5
1773.8282,1773,Mycobacterium tuberculosis,SAMN06094085,34,4385143,4
1773.8283,1773,Mycobacterium tuberculosis,SAMN06094087,12,4352683,0.25
1773.8284,1773,Mycobacterium tuberculosis,SAMN06094090,2,4403955,0.25
1773.8227,1773,Mycobacterium tuberculosis,SAMN06094092,5,4409069,0.5
1773.8287,1773,Mycobacterium tuberculosis,SAMN06094095,12,4392600,0.25
1773.8229,1773,Mycobacterium tuberculosis,SAMN06094096,13,4384970,6
1773.8288,1773,Mycobacterium tuberculosis,SAMN06094097,9,4395292,0.25
1773.8231,1773,Mycobacterium tuberculosis,SAMN06094098,4,4356660,0.25
1773.8289,1773,Mycobacterium tuberculosis,SAMN06094099,21,4349402,0.5
1773.8290,1773,Mycobacterium tuberculosis,SAMN06094100,6,4387992,0.25
1773.8232,1773,Mycobacterium tuberculosis,SAMN06094101,24,4352860,0.25
1773.8291,1773,Mycobacterium tuberculosis,SAMN06094102,13,4353715,0.25
1773.8292,1773,Mycobacterium tuberculosis,SAMN06094104,9,4386523,0.25
1773.8234,1773,Mycobacterium tuberculosis,SAMN06094105,11,4381623,0.5
1773.8293,1773,Mycobacterium tuberculosis,SAMN06094106,16,4388603,0.25
1773.8371,1773,Mycobacterium tuberculosis,SAMN06094109,20,4386393,4
1773.8295,1773,Mycobacterium tuberculosis,SAMN06094110,23,4358688,0.25
1773.8296,1773,Mycobacterium tuberculosis,SAMN06094111,17,4391895,0.5
1773.8270,1773,Mycobacterium tuberculosis,SAMN06094112,10,4397866,10
1773.8297,1773,Mycobacterium tuberculosis,SAMN06094113,19,4370262,8
1773.8298,1773,Mycobacterium tuberculosis,SAMN06094114,14,4395662,0.25
1773.8238,1773,Mycobacterium tuberculosis,SAMN06094115,9,4384630,0.5
1773.8236,1773,Mycobacterium tuberculosis,SAMN06094116,14,4367770,0.25
1773.8299,1773,Mycobacterium tuberculosis,SAMN06094117,29,4400029,1
1773.8302,1773,Mycobacterium tuberculosis,SAMN06094120,11,4391350,0.25
1773.8237,1773,Mycobacterium tuberculosis,SAMN06094121,12,4385817,0.25
1773.8239,1773,Mycobacterium tuberculosis,SAMN06094122,6,4358725,0.25
,,,,,,